book_id,title,authors,average_rating,v,weighted
1,"The Hunger Games (The Hunger Games, #1)",Suzanne Collins,4.34,22806,4.262000278514927
2,"Harry Potter and the Sorcerer's Stone (Harry Potter, #1)","J.K. Rowling, Mary GrandPré",4.44,21850,4.329236583133637
3,"Twilight (Twilight, #1)",Stephenie Meyer,3.57,16931,3.2603190980516366
4,To Kill a Mockingbird,Harper Lee,4.25,19088,4.305522282605971
5,The Great Gatsby,F. Scott Fitzgerald,3.89,16604,3.782022192638597
6,The Fault in Our Stars,John Green,4.26,11264,4.165008661036989
7,The Hobbit,J.R.R. Tolkien,4.25,15558,4.132356170013836
8,The Catcher in the Rye,J.D. Salinger,3.79,14472,3.7262010874147955
9,"Angels & Demons  (Robert Langdon, #1)",Dan Brown,3.85,13451,3.6298631892273834
10,Pride and Prejudice,Jane Austen,4.24,13445,4.165426848033381
11,The Kite Runner,Khaled Hosseini,4.26,12698,4.148175012828848
12,"Divergent (Divergent, #1)",Veronica Roth,4.24,11780,4.0236427613977
13,1984,"George Orwell, Erich Fromm, Celâl Üster",4.14,14693,4.037384619489496
14,Animal Farm,George Orwell,3.87,14328,3.832761636062148
15,The Diary of a Young Girl,"Anne Frank, Eleanor Roosevelt, B.M. Mooyaart-Doubleday",4.1,12101,4.0449065438279845
16,"The Girl with the Dragon Tattoo (Millennium, #1)","Stieg Larsson, Reg Keeland",4.11,14382,3.9891029783863954
17,"Catching Fire (The Hunger Games, #2)",Suzanne Collins,4.3,16549,4.11920477856106
18,"Harry Potter and the Prisoner of Azkaban (Harry Potter, #3)","J.K. Rowling, Mary GrandPré, Rufus Beck",4.53,15855,4.384168008813616
19,"The Fellowship of the Ring (The Lord of the Rings, #1)",J.R.R. Tolkien,4.34,12530,4.241527704028548
20,"Mockingjay (The Hunger Games, #3)",Suzanne Collins,4.03,15953,3.8577283582580466
21,"Harry Potter and the Order of the Phoenix (Harry Potter, #5)","J.K. Rowling, Mary GrandPré",4.46,15258,4.32718816912592
22,The Lovely Bones,Alice Sebold,3.77,11677,3.6571144237548014
23,"Harry Potter and the Chamber of Secrets (Harry Potter, #2)","J.K. Rowling, Mary GrandPré",4.37,15657,4.207718415692694
24,"Harry Potter and the Goblet of Fire (Harry Potter, #4)","J.K. Rowling, Mary GrandPré",4.53,15523,4.394677535609286
25,"Harry Potter and the Deathly Hallows (Harry Potter, #7)","J.K. Rowling, Mary GrandPré",4.61,15304,4.4825450447117925
26,"The Da Vinci Code (Robert Langdon, #2)",Dan Brown,3.79,13072,3.6457005031147682
27,"Harry Potter and the Half-Blood Prince (Harry Potter, #6)","J.K. Rowling, Mary GrandPré",4.54,15081,4.405343808953933
28,Lord of the Flies,William Golding,3.64,13556,3.68387025783559
29,Romeo and Juliet,"William Shakespeare, Robert           Jackson",3.73,11578,3.7322070558415
30,Gone Girl,Gillian Flynn,4.03,12105,3.9080500463326087
31,The Help,Kathryn Stockett,4.45,12727,4.343590580525523
32,Of Mice and Men,John Steinbeck,3.84,11921,3.8516496287042203
33,Memoirs of a Geisha,Arthur Golden,4.08,11304,3.993625375915559
34,"Fifty Shades of Grey (Fifty Shades, #1)",E.L. James,3.67,7724,3.2021177723731915
35,The Alchemist,"Paulo Coelho, Alan R. Clarke",3.82,8916,3.639315123415767
36,"The Giver (The Giver, #1)",Lois Lowry,4.12,10949,4.052964085358809
37,"The Lion, the Witch, and the Wardrobe (Chronicles of Narnia, #1)",C.S. Lewis,4.19,13089,4.082654179289986
38,The Time Traveler's Wife,Audrey Niffenegger,3.95,9977,3.8697191328137284
39,"A Game of Thrones (A Song of Ice and Fire, #1)",George R.R. Martin,4.45,10692,4.298123976023399
40,"Eat, Pray, Love",Elizabeth Gilbert,3.51,7885,3.3460136212306937
41,"The Lightning Thief (Percy Jackson and the Olympians, #1)",Rick Riordan,4.23,7606,3.982634018932043
42,"Little Women (Little Women, #1)",Louisa May Alcott,4.04,10649,3.9901445800294697
43,Jane Eyre,"Charlotte Brontë, Michael Mason",4.1,10308,4.022145772702889
44,"The Notebook (The Notebook, #1)",Nicholas Sparks,4.06,6717,3.755792141686729
45,Life of Pi,Yann Martel,3.88,10175,3.842224976930826
46,Water for Elephants,Sara Gruen,4.07,10361,3.957060060872051
47,The Book Thief,Markus Zusak,4.36,10394,4.267525230946373
48,Fahrenheit 451,Ray Bradbury,3.97,10312,3.930250452959165
49,"New Moon (Twilight, #2)",Stephenie Meyer,3.52,9712,3.2934841383860713
50,Where the Sidewalk Ends,Shel Silverstein,4.29,8297,4.262355025222648
51,"City of Bones (The Mortal Instruments, #1)",Cassandra Clare,4.12,6504,3.8565148784590146
52,"Eclipse (Twilight, #3)",Stephenie Meyer,3.69,9620,3.436813540414859
53,"Eragon (The Inheritance Cycle, #1)",Christopher Paolini,3.86,7040,3.655537788224591
54,"The Hitchhiker's Guide to the Galaxy (Hitchhiker's Guide to the Galaxy, #1)",Douglas Adams,4.2,9960,4.0898016463239415
55,Brave New World,Aldous Huxley,3.97,9612,3.89533438475048
56,"Breaking Dawn (Twilight, #4)",Stephenie Meyer,3.7,9433,3.4177510558019284
57,The Secret Life of Bees,Sue Monk Kidd,4.01,8383,3.925069513718341
58,The Adventures of Huckleberry Finn,"Mark Twain, John Seelye, Guy Cardwell",3.8,9323,3.8368529205623574
59,Charlotte's Web,"E.B. White, Garth Williams, Rosemary Wells",4.15,9391,4.089054069087303
60,The Curious Incident of the Dog in the Night-Time,Mark Haddon,3.85,9035,3.804256094343055
61,The Girl on the Train,Paula Hawkins,3.88,9090,3.7299414116961147
62,"The Golden Compass (His Dark Materials, #1)",Philip Pullman,3.94,8192,3.8902529027605395
63,Wuthering Heights,"Emily Brontë, Richard J. Dunn",3.82,9584,3.7502315320589914
64,My Sister's Keeper,Jodi Picoult,4.06,7192,3.8502702101623933
65,Slaughterhouse-Five,Kurt Vonnegut Jr.,4.06,8179,4.017139880177215
66,Gone with the Wind,Margaret Mitchell,4.28,7714,4.176901755117615
67,A Thousand Splendid Suns,Khaled Hosseini,4.34,7662,4.177942083003586
68,The Perks of Being a Wallflower,Stephen Chbosky,4.21,5990,3.9702128614622274
69,"Insurgent (Divergent, #2)",Veronica Roth,4.07,8263,3.8662985694135106
70,"Ender's Game (Ender's Saga, #1)",Orson Scott Card,4.3,8849,4.218401810748766
71,Frankenstein,"Mary Wollstonecraft Shelley, Percy Bysshe Shelley, Maurice Hindle",3.75,7727,3.7400353957476007
72,The Shining (The Shining #1),Stephen King,4.17,6861,4.090335801492619
73,"The Host (The Host, #1)",Stephenie Meyer,3.84,6313,3.6661574046872016
74,Looking for Alaska,John Green,4.09,4682,3.876229002361293
75,"Bridget Jones's Diary (Bridget Jones, #1)",Helen Fielding,3.75,6229,3.681807631023526
76,Sense and Sensibility,"Jane Austen, Tony Tanner, Ros Ballaster",4.06,7110,3.9766494916399417
77,"Holes (Holes, #1)","Louis Sachar, Louis Sachar",3.93,6039,3.916947249808514
78,"The Devil Wears Prada (The Devil Wears Prada, #1)",Lauren Weisberger,3.7,4723,3.557436904873987
79,The Odyssey,"Homer, Robert Fagles, E.V. Rieu, Frédéric Mugler, Bernard Knox",3.73,6301,3.7486288854266783
80,The Little Prince,"Antoine de Saint-Exupéry, Richard Howard, Dom Marcos Barbosa, Melina Karakosta",4.28,6848,4.125981500509773
81,The Glass Castle,Jeannette Walls,4.24,5847,4.102516938303845
82,Into the Wild,Jon Krakauer,3.94,4921,3.8305963123502544
83,A Tale of Two Cities,"Charles Dickens, Richard Maxwell, Hablot Knight Browne",3.81,6592,3.803329423792521
84,"Jurassic Park (Jurassic Park, #1)",Michael Crichton,3.96,6601,3.91613448659512
85,The Giving Tree,Shel Silverstein,4.38,7002,4.278090180089047
86,A Time to Kill,John Grisham,4.03,5844,3.9404093333915986
87,Night (The Night Trilogy #1),"Elie Wiesel, Marion Wiesel",4.3,6466,4.213883483585866
88,Paper Towns,John Green,3.88,4247,3.7588888177441095
89,The Princess Bride ,William Goldman,4.25,6102,4.226359430474247
90,The Outsiders,S.E. Hinton,4.06,6190,3.946056100910764
91,"The Maze Runner (Maze Runner, #1)",James Dashner,4.02,5014,3.7832551346467893
92,"Freakonomics: A Rogue Economist Explores the Hidden Side of Everything (Freakonomics, #1)","Steven D. Levitt, Stephen J. Dubner",3.93,4658,3.8947325900591965
93,The Secret Garden,Frances Hodgson Burnett,4.12,7626,4.058074024339689
94,One Hundred Years of Solitude,"Gabriel García Márquez, Gregory Rabassa",4.04,5492,3.9374154760041677
95,The Picture of Dorian Gray,"Oscar Wilde, Jeffrey Eugenides",4.06,6406,3.92689681142884
96,"Fifty Shades Freed (Fifty Shades, #3)",E.L. James,3.88,4185,3.5492176170097864
97,Dracula,"Bram Stoker, Nina Auerbach, David J. Skal",3.98,6615,3.8672812182395297
98,"The Girl Who Played with Fire (Millennium, #2)","Stieg Larsson, Reg Keeland",4.22,7563,4.076449084503861
99,"Fifty Shades Darker (Fifty Shades, #2)",E.L. James,3.87,4452,3.5475058644856645
100,The Poisonwood Bible,Barbara Kingsolver,4.02,6343,3.974534749450721
101,Me Talk Pretty One Day,David Sedaris,3.97,5199,3.9671464393495537
102,Where the Wild Things Are,Maurice Sendak,4.22,6401,4.210573025805944
103,The Count of Monte Cristo,"Alexandre Dumas, Robin Buss",4.21,5489,4.148803814574634
104,The Road,Cormac McCarthy,3.95,6779,3.872528649572526
105,"Allegiant (Divergent, #3)",Veronica Roth,3.63,6300,3.4626441827924825
106,Bossypants,Tina Fey,3.94,5346,3.8895878645699105
107,A Walk to Remember,Nicholas Sparks,4.15,3760,3.8620361679538915
108,"Confessions of a Shopaholic (Shopaholic, #1)",Sophie Kinsella,3.61,3792,3.516002107785654
109,Les Misérables,"Victor Hugo, Lee Fahnestock, Norman MacAfee",4.14,4750,4.080167492461192
110,"A Clash of Kings  (A Song of Ice and Fire, #2)",George R.R. Martin,4.4,6854,4.2437570517086245
111,The Memory Keeper's Daughter,Kim Edwards,3.64,5257,3.6093730726457687
112,"Me Before You (Me Before You, #1)",Jojo Moyes,4.27,5897,4.124117570336513
113,Catch-22,Joseph Heller,3.98,6944,3.9126592174762878
114,Tuesdays with Morrie,"Mitch Albom, Saulius Dagys",4.06,5467,3.8252549577336072
115,Middlesex,Jeffrey Eugenides,3.98,5615,3.959886580510442
116,The Adventures of Tom Sawyer,"Mark Twain, Guy Cardwell, John Seelye",3.89,7214,3.86352849916522
117,"A Wrinkle in Time (A Wrinkle in Time Quintet, #1)",Madeleine L'Engle,4.04,8109,4.0248045902858784
118,The Joy Luck Club,Amy Tan,3.9,6212,3.8871010755167688
119,The Handmaid's Tale,Margaret Atwood,4.06,7543,3.954537535169329
120,"The Sisterhood of the Traveling Pants (Sisterhood, #1)",Ann Brashares,3.75,4180,3.6607311681328674
121,Lolita,"Vladimir Nabokov, Craig Raine",3.88,5274,3.847918020628512
122,"Wicked: The Life and Times of the Wicked Witch of the West (The Wicked Years, #1)","Gregory Maguire, Douglas Smith",3.52,6598,3.4544331384161846
123,"The Firm (Penguin Readers, Level 5)",John Grisham,3.99,6135,3.843809178098316
124,Room,Emma Donoghue,4.03,5554,3.9351702894944696
125,Hamlet,"William Shakespeare, Richard Andrews, Rex Gibson",4.0,6899,3.9908924387685327
126,Dune (Dune Chronicles #1),Frank Herbert,4.19,5864,4.096307266945276
127,The Tipping Point: How Little Things Can Make a Big Difference,Malcolm Gladwell,3.92,3709,3.857324623267668
128,Steve Jobs,Walter Isaacson,4.09,1731,4.020065702793462
129,One Flew Over the Cuckoo's Nest,Ken Kesey,4.18,6307,4.103965018169783
130,The Old Man and the Sea,Ernest Hemingway,3.73,6273,3.649607191518201
131,The Grapes of Wrath,John Steinbeck,3.92,7458,3.889841436456549
132,The Five People You Meet in Heaven,Mitch Albom,3.9,5495,3.712285182769704
133,"Anne of Green Gables (Anne of Green Gables, #1)",L.M. Montgomery,4.23,6536,4.148311662395527
134,"City of Glass (The Mortal Instruments, #3)",Cassandra Clare,4.34,4451,4.083003441575233
135,"A Storm of Swords (A Song of Ice and Fire, #3)",George R.R. Martin,4.54,6237,4.340881086182655
136,Divine Secrets of the Ya-Ya Sisterhood,Rebecca Wells,3.79,5326,3.7390863133490013
137,"Outlander (Outlander, #1)",Diana Gabaldon,4.2,5297,4.035418659092926
138,The Scarlet Letter,"Nathaniel Hawthorne, Thomas E. Connolly, Nina Baym",3.37,7667,3.4072109322101216
139,"Miss Peregrine’s Home for Peculiar Children (Miss Peregrine’s Peculiar Children, #1)",Ransom Riggs,3.89,4868,3.6991579915914565
140,"The Girl Who Kicked the Hornet's Nest (Millennium, #3)","Stieg Larsson, Reg Keeland",4.2,6702,4.053210012374892
141,The Martian,Andy Weir,4.39,5408,4.236846725337736
142,"The Pillars of the Earth (The Kingsbridge Series, #1)",Ken Follett,4.29,5672,4.130965848042644
143,All the Light We Cannot See,Anthony Doerr,4.31,6082,4.21761938787197
144,"Unbroken: A World War II Story of Survival, Resilience, and Redemption",Laura Hillenbrand,4.4,4577,4.332867365004882
145,Deception Point,Dan Brown,3.67,4405,3.525973050783773
146,The Goldfinch,Donna Tartt,3.87,5275,3.877219847341349
147,Thirteen Reasons Why,Jay Asher,4.02,3186,3.8704663629486307
148,Girl with a Pearl Earring,Tracy Chevalier,3.85,5171,3.8015236692555234
149,"If I Stay (If I Stay, #1)",Gayle Forman,3.96,3512,3.8016787674578794
150,The Red Tent,Anita Diamant,4.16,5358,4.020711389893796
151,"The Sea of Monsters (Percy Jackson and the Olympians, #2)",Rick Riordan,4.23,4056,4.011920111632757
152,Dear John,Nicholas Sparks,4.01,2746,3.7497433411972105
153,"City of Ashes (The Mortal Instruments, #2)",Cassandra Clare,4.21,4415,3.9938193270320816
154,Macbeth,William Shakespeare,3.88,6421,3.9017822320580176
155,"The Two Towers (The Lord of the Rings, #2)",J.R.R. Tolkien,4.42,6478,4.268521379489261
156,"Something Borrowed (Darcy & Rachel, #1)",Emily Giffin,3.83,2877,3.681664476509651
157,Green Eggs and Ham,"Dr. Seuss, לאה נאור",4.29,5249,4.186865954387353
158,"Charlie and the Chocolate Factory (Charlie Bucket, #1)","Roald Dahl, Quentin Blake",4.1,6034,4.02583996791686
159,"The Battle of the Labyrinth (Percy Jackson and the Olympians, #4)",Rick Riordan,4.39,4021,4.129470955442409
160,Great Expectations,Charles Dickens,3.75,6305,3.7145628472529633
161,"The Return of the King (The Lord of the Rings, #3)",J.R.R. Tolkien,4.51,6331,4.345401898545207
162,The Stranger,"Albert Camus, Matthew    Ward",3.96,4841,3.8436246791461324
163,"The Lost Hero (The Heroes of Olympus, #1)",Rick Riordan,4.35,3128,4.121954664378666
164,Eleanor & Park,Rainbow Rowell,4.11,3756,4.019734878460103
165,"A Feast for Crows (A Song of Ice and Fire, #4)",George R.R. Martin,4.1,5705,3.96142757476691
166,"Matched (Matched, #1)",Ally Condie,3.68,3538,3.613720467232395
167,"American Gods (American Gods, #1)",Neil Gaiman,4.11,5681,3.9752841707172992
168,The Stand,"Stephen King, Bernie Wrightson",4.34,5973,4.200525251358479
169,The Last Song,Nicholas Sparks,4.14,2471,3.8933030100354964
170,Digital Fortress,Dan Brown,3.6,4041,3.464964143133436
171,Emma,"Jane Austen, Fiona Stafford",3.99,5602,3.92176950010212
172,Anna Karenina,"Leo Tolstoy, Louise Maude, Leo Tolstoj, Aylmer Maude",4.02,5073,3.931303036883343
173,A Clockwork Orange,Anthony Burgess,3.98,5076,3.85157637589991
174,The Shack,William Paul Young,3.74,3559,3.5124632921618395
175,"The Last Olympian (Percy Jackson and the Olympians, #5)",Rick Riordan,4.5,3881,4.216825179408967
176,It,Stephen King,4.18,4853,3.9811740308856853
177,Crime and Punishment,"Fyodor Dostoyevsky, David McDuff",4.18,4679,4.023111511706622
178,The Bell Jar,Sylvia Plath,3.98,5178,3.855530138644387
179,"Angela's Ashes (Frank McCourt, #1)",Frank McCourt,4.07,5302,3.9500821129140284
180,Siddhartha,"Hermann Hesse, Hilda Rosner",3.99,4610,3.864327803489043
181,In Cold Blood,Truman Capote,4.05,4467,4.033364135169481
182,"Beautiful Creatures (Caster Chronicles, #1)","Kami Garcia, Margaret Stohl",3.76,3067,3.5989021921085413
183,"Clockwork Angel (The Infernal Devices, #1)",Cassandra Clare,4.33,3366,4.091374806005456
184,Matilda,"Roald Dahl, Quentin Blake",4.29,4810,4.162498920011119
185,The Night Circus,Erin Morgenstern,4.03,5154,3.930129182473613
186,"The Other Boleyn Girl (The Plantagenet and Tudor Novels, #9)",Philippa Gregory,4.04,4759,3.8978696614992687
187,"Uglies (Uglies, #1)",Scott Westerfeld,3.86,3600,3.7798082297225295
188,"A Dance with Dragons (A Song of Ice and Fire, #5)",George R.R. Martin,4.31,5086,4.135234074420728
189,"The Lord of the Rings (The Lord of the Rings, #1-3)",J.R.R. Tolkien,4.47,5316,4.294539550289027
190,Wild: From Lost to Found on the Pacific Crest Trail,Cheryl Strayed,3.96,3998,3.856210972817837
191,Watchmen,"Alan Moore, Dave Gibbons, John Higgins",4.35,3825,4.197873709975947
192,"The Name of the Wind (The Kingkiller Chronicle, #1)",Patrick Rothfuss,4.55,3948,4.366284593440829
193,Outliers: The Story of Success,Malcolm Gladwell,4.11,3428,3.9977035524038382
194,"Moby-Dick or, The Whale","Herman Melville, Andrew Delbanco, Tom Quirk",3.46,4034,3.5459442840923243
195,The Guernsey Literary and Potato Peel Pie Society,"Mary Ann Shaffer, Annie Barrows",4.12,4904,4.029817280630904
196,Fight Club,Chuck Palahniuk,4.2,3917,4.040299233033686
197,"Dead Until Dark (Sookie Stackhouse, #1)",Charlaine Harris,3.96,4409,3.838337051248387
198,The Color Purple,Alice Walker,4.17,5531,4.07769244118764
199,Marley and Me: Life and Love With the World's Worst Dog,John Grogan,4.12,3412,3.9458696689115706
200,And Then There Were None,Agatha Christie,4.23,4011,4.090038580036331
201,"The Lost Symbol (Robert Langdon, #3)",Dan Brown,3.66,4213,3.51447486335687
202,"Hush, Hush (Hush, Hush, #1)",Becca Fitzpatrick,4.0,2601,3.775055478418165
203,"Beautiful Disaster (Beautiful, #1)",Jamie McGuire,4.15,2487,3.9624839201981317
204,A Christmas Carol,Charles Dickens,4.02,5006,3.960787107082199
205,"Interview with the Vampire (The Vampire Chronicles, #1)",Anne Rice,3.97,5764,3.8767935257034702
206,"The Selection (The Selection, #1)",Kiera Cass,4.15,2903,3.900917708848874
207,"One for the Money (Stephanie Plum, #1)",Janet Evanovich,4.03,3365,3.877547638339077
208,The Immortal Life of Henrietta Lacks,Rebecca Skloot,4.04,3777,3.9899980393646963
209,"The Silence of the Lambs  (Hannibal Lecter, #2)",Thomas Harris,4.14,3480,4.108022505105381
210,"Vampire Academy (Vampire Academy, #1)",Richelle Mead,4.14,3125,3.9657206885797986
211,Blink: The Power of Thinking Without Thinking,Malcolm Gladwell,3.89,3371,3.8170670534885867
212,Atonement,Ian McEwan,3.88,5052,3.8039916692942586
213,The Metamorphosis,"Franz Kafka, Stanley Corngold",3.78,4463,3.7271839669240707
214,"The Titan's Curse (Percy Jackson and the Olympians, #3)",Rick Riordan,4.33,3717,4.079720923885121
215,Ready Player One,Ernest Cline,4.31,4239,4.169840621582605
216,The Art of Racing in the Rain,Garth Stein,4.19,3889,4.026713211004006
217,"The Devil in the White City: Murder, Magic, and Madness at the Fair That Changed America","Erik Larson, Tony Goldwyn",3.98,4606,3.9079579836065546
218,"Bared to You (Crossfire, #1)",Sylvia Day,4.19,2048,3.9022449216437773
219,"The Chronicles of Narnia (Chronicles of Narnia, #1-7)","C.S. Lewis, Pauline Baynes",4.24,5306,4.0987338360147705
220,Twilight: The Complete Illustrated Movie Companion,Mark Cotta Vaz,4.23,1818,4.00247382868379
221,"A Child Called ""It"" (Dave Pelzer #1)",Dave Pelzer,4.08,2834,3.857862461834593
222,"The Bourne Identity (Jason Bourne, #1)",Robert Ludlum,3.98,3091,3.9780903426457064
223,"Artemis Fowl (Artemis Fowl, #1)",Eoin Colfer,3.82,3851,3.7357377378694587
224,"Fallen (Fallen, #1)",Lauren Kate,3.74,2541,3.6271241986785823
225,East of Eden,John Steinbeck,4.35,4576,4.194294473975055
226,Dark Places,Gillian Flynn,3.92,3950,3.8121780949540196
227,The Client,John Grisham,3.97,4260,3.830784567127292
228,"The Nanny Diaries (Nanny, #1)","Emma McLaughlin, Nicola Kraus",3.4,3331,3.417555312336268
229,Alice's Adventures in Wonderland & Through the Looking-Glass,"Lewis Carroll, John Tenniel, Martin Gardner",4.06,4722,3.972793195964727
230,Persuasion,"Jane Austen, James Kinsley, Deidre Shauna Lynch",4.13,4274,4.015843881074127
231,Sarah's Key,Tatiana de Rosnay,4.14,3995,3.997568697571659
232,"The Gunslinger (The Dark Tower, #1)",Stephen King,3.99,4229,3.8924846617016264
233,Love in the Time of Cholera,"Gabriel García Márquez, Edith Grossman",3.89,4459,3.8046596706227023
234,Speak,Laurie Halse Anderson,4.0,2854,3.930202830861019
235,The Husband's Secret,Liane Moriarty,3.92,4003,3.824709602095693
236,Into Thin Air: A Personal Account of the Mount Everest Disaster,Jon Krakauer,4.11,3479,4.047092327290067
237,Carrie,Stephen King,3.93,4118,3.800769545050791
238,Running with Scissors,Augusten Burroughs,3.7,3724,3.604921656616155
239,World War Z: An Oral History of the Zombie War,Max Brooks,4.01,3720,3.9341708223052887
240,"Inferno (Robert Langdon, #4)",Dan Brown,3.8,3608,3.6402517136651023
241,Number the Stars,Lois Lowry,4.11,3646,4.015626314266126
242,"Along Came a Spider (Alex Cross, #1)",James Patterson,4.08,2985,3.8987869494496454
243,Misery,Stephen King,4.11,4199,3.915122279951408
244,Sharp Objects,Gillian Flynn,3.92,3549,3.7852572855480955
245,Bridge to Terabithia,Katherine Paterson,3.98,4295,3.9246465546257934
246,"Marked (House of Night, #1)","P.C. Cast, Kristin Cast",3.79,2583,3.6708785588559527
247,The 7 Habits of Highly Effective People: Powerful Lessons in Personal Change,Stephen R. Covey,4.05,2073,3.824614170393941
248,A Midsummer Night's Dream,"William Shakespeare, Barbara A. Mowat, Paul Werstine, Catherine Belsey",3.94,4898,3.9225798793318214
249,Extremely Loud and Incredibly Close,Jonathan Safran Foer,3.97,3519,3.86623907402009
250,Wonder,R.J. Palacio,4.43,2648,4.284308251846149
251,The Cat in the Hat,Dr. Seuss,4.15,3871,4.031361685218183
252,"Cinder (The Lunar Chronicles, #1)",Marissa Meyer,4.15,2734,4.001894918770305
253,"The Cuckoo's Calling (Cormoran Strike, #1)","Robert Galbraith, J.K. Rowling",3.83,3413,3.827012666392922
254,"Shiver (The Wolves of Mercy Falls, #1)",Maggie Stiefvater,3.78,2411,3.662633943291457
255,Atlas Shrugged,"Ayn Rand, Leonard Peikoff",3.68,4227,3.5826784680973143
256,Three Cups of Tea: One Man's Mission to Promote Peace ... One School at a Time,"Greg Mortenson, David Oliver Relin",3.64,3284,3.6495345923308484
257,Alice in Wonderland,"Jane Carruth, Lewis Carroll, Rene Cloke",4.03,3298,3.958559560668693
258,"The Shadow of the Wind (The Cemetery of Forgotten Books,  #1)","Carlos Ruiz Zafón, Lucia Graves",4.24,3531,4.0593078939024485
259,"The Scorch Trials (Maze Runner, #2)",James Dashner,3.93,3031,3.7738031677967863
260,How to Win Friends and Influence People,Dale Carnegie,4.13,1767,3.9048000816145647
261,Under the Tuscan Sun,Frances Mayes,3.72,2545,3.730335081884038
262,Big Little Lies,Liane Moriarty,4.2,3705,4.039591689464845
263,Ella Enchanted,Gail Carson Levine,3.97,3177,3.919082294205725
264,The Sun Also Rises,Ernest Hemingway,3.83,4161,3.7686737836374307
265,A Tree Grows in Brooklyn,Betty  Smith,4.24,4460,4.133932110090351
266,"Kiss the Girls (Alex Cross, #2)",James Patterson,3.93,2644,3.8745959471125717
267,The Nightingale,Kristin Hannah,4.54,3666,4.333949049902525
268,Never Let Me Go,Kazuo Ishiguro,3.8,3837,3.7441686326395884
269,P.S. I Love You,Cecelia Ahern,4.01,1782,3.8556585357805107
270,Rebecca,"Daphne du Maurier, Sally Beauman",4.2,4220,4.093590593215675
271,Flowers for Algernon,Daniel Keyes,4.07,4810,3.9688525250058606
272,Like Water for Chocolate,"Laura Esquivel, Thomas  Christensen, Carol Christensen",3.94,3314,3.929781563434263
273,Snow Flower and the Secret Fan,Lisa See,4.05,3346,3.9446385083937447
274,The Godfather,"Mario Puzo, Robert Thompson, Peter Bart",4.36,2772,4.162795658361614
275,An Abundance of Katherines,John Green,3.63,2357,3.7024332910815048
276,Foundation (Foundation #1),Isaac Asimov,4.13,3026,4.03575999822709
277,The Ocean at the End of the Lane,Neil Gaiman,3.99,4015,3.9234726157378024
278,A Light in the Attic,Shel Silverstein,4.34,3916,4.228286655130704
279,"Harry Potter and the Cursed Child - Parts One and Two (Harry Potter, #8)","John Tiffany, Jack Thorne, J.K. Rowling",3.75,3230,3.7549865724650493
280,"Delirium (Delirium, #1)",Lauren Oliver,3.99,2549,3.867379208039741
281,The Pelican Brief,John Grisham,3.95,4067,3.820749200644637
282,Coraline,Neil Gaiman,4.03,3132,3.9370213761896453
283,"Good Omens: The Nice and Accurate Prophecies of Agnes Nutter, Witch","Terry Pratchett, Neil Gaiman",4.25,3532,4.10407174427405
284,On the Road,Jack Kerouac,3.64,3596,3.5970557294438392
285,"The Rosie Project (Don Tillman, #1)",Graeme Simsion,4.01,3244,3.9424580793668165
286,The Lucky One,Nicholas Sparks,4.1,1834,3.858148585257807
287,The Fountainhead,"Ayn Rand, Leonard Peikoff",3.85,3656,3.709574939632075
288,"The Hunt for Red October (Jack Ryan Universe, #4)",Tom Clancy,4.01,2689,3.9889947226998705
289,"Watership Down (Watership Down, #1)",Richard Adams,4.05,4753,3.9746207473990203
290,Is Everyone Hanging Out Without Me? (And Other Concerns),Mindy Kaling,3.84,2606,3.7769371894838253
291,Cutting for Stone,Abraham Verghese,4.28,3575,4.158227089887622
292,"The Voyage of the Dawn Treader (Chronicles of Narnia, #3)","C.S. Lewis, Pauline Baynes",4.08,4080,3.986962203779748
293,Treasure Island,Robert Louis Stevenson,3.82,3959,3.824376331512581
294,"The Son of Neptune (The Heroes of Olympus, #2)",Rick Riordan,4.44,2437,4.185889276682223
295,11/22/63,Stephen King,4.29,3737,4.143862949289774
296,The Very Hungry Caterpillar Board Book,Eric Carle,4.29,3057,4.167894008104833
297,Cat's Cradle,Kurt Vonnegut Jr.,4.18,3532,4.0633273094969775
298,The Time Machine,"H.G. Wells, Greg Bear, Carlo Pagetti",3.87,3659,3.803363560957702
299,Heaven is for Real: A Little Boy's Astounding Story of His Trip to Heaven and Back,"Todd Burpo, Lynn Vincent",4.01,1643,3.7731085185926423
300,The Boy in the Striped Pajamas,John Boyne,4.1,2694,3.994429259619184
301,Heart of Darkness,Joseph Conrad,3.42,4377,3.502711259162292
302,Safe Haven,Nicholas Sparks,4.19,1734,3.9201925953205254
303,"The Secret (The Secret, #1)",Rhonda Byrne,3.62,1665,3.4726100167091722
304,I Know This Much Is True,Wally Lamb,4.17,3312,4.010110028391383
305,Pet Sematary,Stephen King,3.91,3748,3.7446213259222465
306,She's Come Undone,Wally Lamb,3.84,3850,3.7525828043143763
307,"The Wise Man's Fear (The Kingkiller Chronicle, #2)",Patrick Rothfuss,4.57,3026,4.325563388379956
308,Can You Keep a Secret?,Sophie Kinsella,3.83,2065,3.7379032078829715
309,"City of Fallen Angels (The Mortal Instruments, #4)",Cassandra Clare,4.16,3140,3.9209354166475956
310,"Good in Bed (Cannie Shapiro, #1)",Jennifer Weiner,3.7,2307,3.6778072665221258
311,The Thorn Birds,Colleen McCullough,4.22,3721,4.0684343501810964
312,The Graveyard Book,"Neil Gaiman, Dave McKean",4.12,3401,4.043310257032416
313,The Light Between Oceans,M.L. Stedman,4.0,3363,3.882996341985475
314,"Inkheart (Inkworld, #1)","Cornelia Funke, Anthea Bell",3.86,2919,3.803726802269316
315,Who Moved My Cheese?,"Spencer Johnson, Kenneth H. Blanchard",3.74,1826,3.603970754928852
316,A Walk in the Woods,Bill Bryson,4.05,3029,3.9813311668312092
317,I Know Why the Caged Bird Sings,Maya Angelou,4.19,3067,4.01210587444791
318,Orphan Train,Christina Baker Kline,4.14,3378,3.9790310599439715
319,"City of Lost Souls (The Mortal Instruments, #5)",Cassandra Clare,4.3,2744,4.023040358928371
320,"Where'd You Go, Bernadette",Maria Semple,3.9,3403,3.8966721097337302
321,Where the Red Fern Grows,Wilson Rawls,4.04,4000,3.944485315627012
322,Neverwhere,Neil Gaiman,4.18,3612,4.045368044684725
323,The Unbearable Lightness of Being,"Milan Kundera, Michael Henry Heim",4.08,3120,3.9117311072582397
324,Fangirl,Rainbow Rowell,4.12,2409,4.020454484312431
325,A Prayer for Owen Meany,John Irving,4.22,3868,4.084071327088843
326,White Oleander,Janet Fitch,3.93,3449,3.8093485582145483
327,"Legend (Legend, #1)",Marie Lu,4.19,2225,3.9863205240485735
328,Nineteen Minutes,Jodi Picoult,4.1,2654,3.931517429659288
329,The Last Lecture,"Randy Pausch, Jeffrey Zaslow",4.25,2488,4.076715993932504
330,"The Eye of the World (Wheel of Time, #1)",Robert Jordan,4.18,2924,3.996203318603076
331,The Pact,Jodi Picoult,4.0,2489,3.836049731704305
332,"The Magician's Nephew (Chronicles of Narnia, #6)",C.S. Lewis,4.01,3461,3.9151998966976076
333,Still Alice,Lisa Genova,4.3,2836,4.134307019033092
334,"Reflected in You (Crossfire, #2)",Sylvia Day,4.33,1529,4.008643295516409
335,James and the Giant Peach,"Roald Dahl, Quentin Blake",3.99,4017,3.9242716950229166
336,"1st to Die (Women's Murder Club, #1)",James Patterson,4.05,2019,3.854160997887853
337,The Ultimate Hitchhiker's Guide to the Galaxy,Douglas Adams,4.37,3270,4.203001433733143
338,One Day,David Nicholls,3.77,2192,3.70863128444759
339,Goodnight Moon,"Margaret Wise Brown, Clement Hurd",4.27,3507,4.15625568675839
340,"I Am Number Four (Lorien Legacies, #1)",Pittacus Lore,3.94,2265,3.813490053273331
341,The Iliad,"Homer, Robert Fagles, Frédéric Mugler, Bernard Knox",3.83,3715,3.7823253489147968
342,The Casual Vacancy,J.K. Rowling,3.28,2863,3.3924312518345427
343,The Runaway Jury,John Grisham,3.96,3168,3.8499223329905035
344,Naked,David Sedaris,4.08,2744,3.9962839947360314
345,"Eldest (The Inheritance Cycle, #2)",Christopher Paolini,3.96,2963,3.8014667729931713
346,"The Wonderful Wizard of Oz (Oz, #1)","L. Frank Baum, W.W. Denslow",3.98,3275,3.937471613705611
347,"Prince Caspian (Chronicles of Narnia, #2)",C.S. Lewis,3.96,3353,3.8701646219183834
348,We Were Liars,E. Lockhart,3.85,2503,3.7769438494129197
349,'Salem's Lot,Stephen King,3.99,3387,3.8750722047035677
350,Fear and Loathing in Las Vegas,"Hunter S. Thompson, Ralph Steadman",4.08,2712,3.9196920279892624
351,"Clockwork Prince (The Infernal Devices, #2)",Cassandra Clare,4.46,2380,4.164148324731794
352,Yes Please,Amy Poehler,3.81,2378,3.7314496474559777
353,Othello,William Shakespeare,3.88,3414,3.9073672334289467
354,Beloved,Toni Morrison,3.77,3842,3.7044018239735994
355,"Graceling (Graceling Realm, #1)",Kristin Cashore,4.1,2588,3.980738603758354
356,"The Bad Beginning (A Series of Unfortunate Events, #1)","Lemony Snicket, Brett Helquist",3.89,3092,3.793183362718584
357,All Quiet on the Western Front,"Erich Maria Remarque, A.W. Wheen",3.92,3273,3.8671585746620725
358,"Oh, The Places You'll Go!",Dr. Seuss,4.34,3321,4.167599866825719
359,And the Mountains Echoed,Khaled Hosseini,4.03,2925,3.972332662787764
360,Do Androids Dream of Electric Sheep?,"Philip K. Dick, Roger Zelazny",4.08,2864,3.965981079678216
361,Oliver Twist,"Charles Dickens, George Cruikshank, Philip Horne",3.85,3421,3.804276461118077
362,The Screwtape Letters,C.S. Lewis,4.21,2497,4.028667033024939
363,"Anna and the French Kiss (Anna and the French Kiss, #1)",Stephanie Perkins,4.08,1538,3.986909936556895
364,How the Grinch Stole Christmas!,Dr. Seuss,4.36,3231,4.219304350314558
365,V for Vendetta,"Alan Moore, David   Lloyd",4.25,1965,4.113635354510732
366,John Adams,David McCullough,4.05,1318,4.073416835665295
367,"Odd Thomas (Odd Thomas, #1)",Dean Koontz,3.94,2118,3.9598027106517324
368,"The Subtle Knife (His Dark Materials, #2)",Philip Pullman,4.1,3479,3.998587187032947
369,"Stargirl (Stargirl, #1)",Jerry Spinelli,3.74,2123,3.7921524779894673
370,"The Red Pyramid (Kane Chronicles, #1)",Rick Riordan,4.06,2000,3.8674393235048923
371,Stranger in a Strange Land,Robert A. Heinlein,3.91,2629,3.8859153336682875
372,Dress Your Family in Corduroy and Denim,David Sedaris,4.08,2885,3.987065476236098
373,The BFG,"Roald Dahl, Quentin Blake",4.22,2889,4.077019949510385
374,A Short History of Nearly Everything,Bill Bryson,4.19,2230,4.060527601836379
375,The Call of the Wild,Jack London,3.83,3625,3.7971858740437865
376,"The Death Cure (Maze Runner, #3)",James Dashner,3.77,2446,3.639968364598242
377,Stardust,Neil Gaiman,4.07,3250,3.997837004388553
378,The Namesake,Jhumpa Lahiri,3.96,2700,3.9019192538057905
379,"A Discovery of Witches (All Souls Trilogy, #1)",Deborah Harkness,3.99,2705,3.85159891914205
380,Norwegian Wood,"Haruki Murakami, Jay Rubin",4.02,1887,3.8958097612045144
381,Where the Heart Is,Billie Letts,4.0,2592,3.8853265330282873
382,"Will Grayson, Will Grayson","John Green, David Levithan",3.84,1553,3.8296627814519475
383,A Million Little Pieces,James Frey,3.62,2511,3.579935870978411
384,"Frostbite (Vampire Academy, #2)",Richelle Mead,4.3,2219,4.088376218792871
385,Quiet: The Power of Introverts in a World That Can't Stop Talking,Susan Cain,4.04,1535,3.9581693663840483
386,"Island of the Blue Dolphins (Island of the Blue Dolphins, #1)",Scott O'Dell,3.8,3409,3.827297688218815
387,The Crucible,"Arthur Miller, Christopher Bigsby",3.55,3560,3.634288395363712
388,"Hatchet (Brian's Saga, #1)",Gary Paulsen,3.68,2392,3.7059085968542975
389,"The Final Empire (Mistborn, #1)",Brandon Sanderson,4.43,2626,4.184540703712951
390,The Strange Case of Dr. Jekyll and Mr. Hyde,"Robert Louis Stevenson, Vladimir Nabokov, Mervyn Peake, Dan Chaon",3.79,2926,3.7916414486380945
391,The Lorax,Dr. Seuss,4.35,2847,4.203713972274876
392,"Diary of a Wimpy Kid (Diary of a Wimpy Kid, #1)",Jeff Kinney,3.96,1150,3.8435468740259227
393,"Throne of Glass (Throne of Glass, #1)",Sarah J. Maas,4.24,2051,4.0759500140942055
394,"Shadow Kiss (Vampire Academy, #3)",Richelle Mead,4.37,2098,4.139833840875639
395,For Whom the Bell Tolls,Ernest Hemingway,3.95,3222,3.892196642787317
396,Hotel on the Corner of Bitter and Sweet,Jamie Ford,3.98,2631,3.8941089078641427
397,Perfume: The Story of a Murderer,"Patrick Süskind, John E. Woods",4.0,2121,3.8953192016910325
398,Fast Food Nation: The Dark Side of the All-American Meal,Eric Schlosser,3.73,2095,3.827624120093612
399,The Tales of Beedle the Bard,J.K. Rowling,4.06,2403,3.8589058355545465
400,Neuromancer,William Gibson,3.88,2243,3.861366891754333
401,A Farewell to Arms,Ernest Hemingway,3.79,3204,3.7560425337095107
402,The Tell-Tale Heart and Other Writings,Edgar Allan Poe,4.15,2897,4.044249204263265
403,The Art of War,"Sun Tzu, Thomas Cleary",3.95,1873,3.845877339449974
404,Defending Jacob,William Landay,3.97,2297,3.891414971541888
405,Breakfast of Champions,Kurt Vonnegut Jr.,4.08,2704,3.970758510038516
406,The New Drawing on the Right Side of the Brain,Betty Edwards,3.84,590,3.926801830504777
407,Bel Canto,Ann Patchett,3.92,3144,3.890714631395279
408,"Guns, Germs, and Steel: The Fates of Human Societies",Jared Diamond,4.0,2255,3.9413201992671985
409,Fried Green Tomatoes at the Whistle Stop Cafe,Fannie Flagg,4.26,3113,4.107939645620527
410,"Things Fall Apart (The African Trilogy, #1)",Chinua Achebe,3.61,2878,3.6553771974823466
411,The Undomestic Goddess,Sophie Kinsella,3.82,1682,3.7161084723972353
412,The Five Love Languages: How to Express Heartfelt Commitment to Your Mate,Gary Chapman,4.23,1485,4.011037136736055
413,The Three Musketeers,Alexandre Dumas,4.06,3062,3.9734618675111633
414,Little Bee,Chris Cleave,3.7,2962,3.7024400165469924
415,"Evermore (The Immortals, #1)",Alyson Noel,3.59,1670,3.59457505544771
416,The Witches,"Roald Dahl, Quentin Blake",4.17,2713,4.05507340316508
417,The Thirteenth Tale,Diane Setterfield,3.95,2959,3.8706103158849583
418,"Spirit Bound (Vampire Academy, #5)",Richelle Mead,4.37,1925,4.143759791499246
419,"Blood Promise (Vampire Academy, #4)",Richelle Mead,4.35,2013,4.119129828247458
420,Message in a Bottle,Nicholas Sparks,3.95,1779,3.7794807152173178
421,The Paris Wife,Paula McLain,3.79,2634,3.7914210420110135
422,"Harry Potter Boxset (Harry Potter, #1-7)",J.K. Rowling,4.74,1915,4.377481110245407
423,"The Elite (The Selection, #2)",Kiera Cass,4.02,2195,3.8235467308217364
424,The Name of the Rose,"Umberto Eco, William Weaver, Seán Barrett",4.11,2910,3.9670971030346447
425,Go Ask Alice,"Beatrice Sparks, Anonymous",3.77,2232,3.710288450764179
426,A Confederacy of Dunces,"John Kennedy Toole, Walker Percy",3.89,2999,3.785949149508915
427,The Importance of Being Earnest,Oscar Wilde,4.17,2831,4.07588993108035
428,"The Mark of Athena (The Heroes of Olympus, #3)",Rick Riordan,4.47,1952,4.177319311861127
429,"The Color of Magic (Discworld, #1; Rincewind #1)",Terry Pratchett,3.97,2463,3.8911473885056425
430,Kafka on the Shore,"Haruki Murakami, Philip Gabriel",4.13,1938,3.9889097522825283
431,"Red Dragon (Hannibal Lecter, #1)",Thomas Harris,4.01,2483,3.9201313789595735
432,"I, Robot (Robot #0.1)",Isaac Asimov,4.17,2549,4.038725037015689
433,"Dark Lover (Black Dagger Brotherhood, #1)",J.R. Ward,4.21,1774,3.9991257761712102
434,"Crescendo (Hush, Hush, #2)",Becca Fitzpatrick,4.07,1506,3.883265934758816
435,Before I Fall,Lauren Oliver,3.92,1601,3.848422421365048
436,The God of Small Things,Arundhati Roy,3.91,2427,3.8407166802158423
437,The Invention of Wings,Sue Monk Kidd,4.23,2735,4.091287329334305
438,What Alice Forgot,Liane Moriarty,4.05,2507,3.9277024599415853
439,A Brief History of Time,"Stephen Hawking, Cao Chi, Phạm Văn Thiều",4.12,1845,3.956836439540742
440,"Fall of Giants (The Century Trilogy, #1)",Ken Follett,4.26,2157,4.051963347778925
441,Under the Dome,Stephen King,3.89,2609,3.805351194295149
442,Snow Crash,Neal Stephenson,4.02,2050,3.9861985823430044
443,Just Listen,Sarah Dessen,4.06,1422,3.9463617878578976
444,"Winnie-the-Pooh (Winnie-the-Pooh, #1)","A.A. Milne, Ernest H. Shepard",4.34,3161,4.1979631171636616
445,Before I Go to Sleep,S.J. Watson,3.87,1976,3.789442473954506
446,A Study in Scarlet,Arthur Conan Doyle,4.15,2024,4.037267821534377
447,"Brisingr (The Inheritance Cycle, #3)",Christopher Paolini,4.03,2455,3.8411182792458964
448,The Purpose Driven Life: What on Earth Am I Here for?,Rick Warren,3.9,1251,3.7377605727563887
449,"Betrayed (House of Night, #2)","P.C. Cast, Kristin Cast",3.93,1589,3.783489430737951
450,"Storm Front (The Dresden Files, #1)",Jim Butcher,4.02,2431,3.881321762396535
451,Northanger Abbey,"Jane Austen, Alfred MacAdam",3.8,2651,3.7811231907035756
452,"The 5th Wave (The 5th Wave, #1)",Rick Yancey,4.1,1944,3.9706869636534927
453,Cold Mountain,Charles Frazier,3.83,3174,3.795929835000484
454,If You Give a Mouse a Cookie,"Laura Joffe Numeroff, Felicia Bond",4.24,1889,4.067578040772361
455,"Something Blue (Darcy & Rachel, #2)",Emily Giffin,3.92,1615,3.7855032663909443
456,A Streetcar Named Desire,Tennessee Williams,3.97,2457,3.9487029611367244
457,The Historian,Elizabeth Kostova,3.77,2780,3.7430541323997186
458,Station Eleven,Emily St. John Mandel,4.02,2556,3.978967770399221
459,A Man Called Ove,"Fredrik Backman, Henning Koch",4.35,2441,4.181265645083977
460,"Clockwork Princess (The Infernal Devices, #3)",Cassandra Clare,4.59,1999,4.228168867531409
461,"The Good Earth (House of Earth, #1)",Pearl S. Buck,3.97,3137,3.916711203887292
462,Ways of Seeing,John Berger,3.75,403,3.925735666356728
463,"Dragonfly in Amber (Outlander, #2)",Diana Gabaldon,4.31,2472,4.078968671944421
464,Holy Bible: King James Version,Anonymous,4.43,1668,4.06509752502988
465,In Her Shoes,Jennifer Weiner,3.78,1812,3.7601902484853147
466,The Hobbit: Graphic Novel,"Chuck Dixon, J.R.R. Tolkien, David Wenzel, Sean Deming",4.48,1782,4.244545549249774
467,The Brief Wondrous Life of Oscar Wao,Junot Díaz,3.89,2553,3.8158244128633134
468,Their Eyes Were Watching God,Zora Neale Hurston,3.87,2825,3.8198430281233886
469,Fantastic Beasts and Where to Find Them,"Newt Scamander, J.K. Rowling, Albus Dumbledore",3.95,1776,3.833378642405239
470,I Am Malala: The Story of the Girl Who Stood Up for Education and Was Shot by the Taliban,"Malala Yousafzai, Christina Lamb",4.06,1172,3.9576658081633322
471,Mansfield Park,"Jane Austen, Kathryn Sutherland, Tony Tanner, Claire Lamont",3.84,2725,3.8067798326742137
472,Man's Search for Meaning,Viktor E. Frankl,4.33,1656,4.150342798907946
473,"In the Woods (Dublin Murder Squad, #1)",Tana French,3.74,2132,3.7631305378566577
474,The God Delusion,Richard Dawkins,3.89,1556,3.8477569274358103
475,"Where She Went (If I Stay, #2)",Gayle Forman,4.06,1885,3.9332585001607043
476,The World According to Garp,John Irving,4.07,3233,3.979248471788142
477,"Killing Floor (Jack Reacher, #1)",Lee Child,4.04,1767,3.91192524702019
478,Robinson Crusoe,"Daniel Defoe, Gerald McCann, Virginia Woolf",3.66,2653,3.690453990176247
479,The Prince,"Niccolò Machiavelli, Adolph Caso, Rufus Goodwin, Benjamin Martinez",3.78,2189,3.7309284660144857
480,"The Amber Spyglass (His Dark Materials, #3)",Philip Pullman,4.06,3075,3.9613228868805037
481,"Wizard's First Rule (Sword of Truth, #1)",Terry Goodkind,4.13,1975,3.9386483949363313
482,The Kitchen House,Kathleen Grissom,4.18,2131,4.011601872540274
483,Franny and Zooey,J.D. Salinger,3.98,2343,3.907023892527633
484,Choke,Chuck Palahniuk,3.69,1987,3.66104166973214
485,The Brothers Karamazov,"Fyodor Dostoyevsky, Richard Pevear, Larissa Volokhonsky",4.3,2369,4.069990499687997
486,"The City of Ember (Book of Ember, #1)",Jeanne DuPrau,3.85,1991,3.821025220112448
487,The Andromeda Strain,Michael Crichton,3.87,3004,3.8299398419192237
488,The Green Mile,Stephen King,4.42,2744,4.200142007630051
489,The Prophet,Kahlil Gibran,4.22,2094,4.023338509160006
490,"Maus I: A Survivor's Tale: My Father Bleeds History (Maus, #1)",Art Spiegelman,4.35,2027,4.203728145338012
491,"Untamed (House of Night, #4)","P.C. Cast, Kristin Cast",3.95,1545,3.801642857866146
492,"Speaker for the Dead (Ender's Saga, #2)",Orson Scott Card,4.04,2618,3.905593892147173
493,Mere Christianity,C.S. Lewis,4.31,1815,4.070916863266653
494,The Secret History,Donna Tartt,4.07,2522,3.959327250774548
495,A Heartbreaking Work of Staggering Genius,Dave Eggers,3.68,2463,3.6830942498675943
496,"The Clan of the Cave Bear (Earth's Children, #1)",Jean M. Auel,4.02,2931,3.8675400191040805
497,Black Beauty,Anna Sewell,3.94,2638,3.8927316555908673
498,War and Peace,"Leo Tolstoy, Henry Gifford, Aylmer Maude, Louise Maude",4.11,2398,3.9847461868883567
499,American Psycho,Bret Easton Ellis,3.81,2082,3.7156660272024666
500,"The Princess Diaries (The Princess Diaries, #1)",Meg Cabot,3.76,1647,3.7164847312073737
501,"The No. 1 Ladies' Detective Agency  (No. 1 Ladies' Detective Agency, #1)",Alexander McCall Smith,3.75,2622,3.7326400548464367
502,"The Walking Dead, Vol. 01: Days Gone Bye","Robert Kirkman, Tony Moore",4.3,1070,4.056622352816339
503,"2001: A Space Odyssey (Space Odyssey, #1)",Arthur C. Clarke,4.12,2253,3.961965828952497
504,Redeeming Love,Francine Rivers,4.48,1003,4.098665909651722
505,"Left Behind (Left Behind, #1)","Tim LaHaye, Jerry B. Jenkins",3.81,1425,3.6520236750249904
506,"The One (The Selection, #3)",Kiera Cass,4.21,1980,3.9264048604697677
507,"The Hunger Games Trilogy Boxset (The Hunger Games, #1-3)",Suzanne Collins,4.49,1144,4.142157759558838
508,Nickel and Dimed: On (Not) Getting By in America,Barbara Ehrenreich,3.6,1778,3.768927181334756
509,Remember Me?,Sophie Kinsella,3.76,1541,3.7267545954296133
510,"The Great Hunt (Wheel of Time, #2)",Robert Jordan,4.2,2217,4.0045380980609915
511,"Postmortem (Kay Scarpetta, #1)",Patricia Cornwell,4.01,1704,3.8805315953758646
512,The Complete Stories and Poems,Edgar Allan Poe,4.37,2212,4.173456734528964
513,The Hiding Place: The Triumphant True Story of Corrie Ten Boom,"Corrie ten Boom, John Sherrill, Elizabeth Sherrill",4.42,1718,4.212682358811237
514,The Adventures of Sherlock Holmes,Arthur Conan Doyle,4.29,2203,4.103868199847074
515,The Prince of Tides,Pat Conroy,4.22,2643,4.098715057814612
516,The Amazing Adventures of Kavalier & Clay,Michael Chabon,4.17,2513,4.006611236710423
517,"Perfect Chemistry (Perfect Chemistry, #1)",Simone Elkeles,4.07,1202,3.897753129556566
518,Peter Pan,"J.M. Barrie, Michael Hague",4.1,2310,4.016450528763317
519,"Pretties (Uglies, #2)",Scott Westerfeld,3.85,2208,3.8006130745632345
520,The Wind-Up Bird Chronicle,"Haruki Murakami, Jay Rubin",4.17,1853,3.9938737614290067
521,"The Lincoln Lawyer (Mickey Haller, #1; Harry Bosch Universe, #16)",Michael Connelly,4.14,1863,3.9800930833445953
522,Cloud Atlas,David Mitchell,4.01,2373,3.917096017938988
523,The Things They Carried,Tim O'Brien,4.12,2278,4.01544610951699
524,Wall and Piece,Banksy,3.83,386,3.927483419870144
525,"Pandemonium (Delirium, #2)",Lauren Oliver,4.07,1619,3.92834540082971
526,"Darkly Dreaming Dexter (Dexter, #1)",Jeff Lindsay,3.89,1382,3.8257102136918424
527,"Living Dead in Dallas (Sookie Stackhouse, #2)",Charlaine Harris,3.97,2485,3.860425416894281
528,"The Dragon Reborn (Wheel of Time, #3)",Robert Jordan,4.23,2096,4.036754045887925
529,Gulliver's Travels,"Jonathan Swift, Robert DeMaria Jr.",3.55,2848,3.6359301145750336
530,Much Ado About Nothing,"William Shakespeare, Barbara A. Mowat, Paul Werstine, Gail Kern Paster, Robert          Jackson",4.06,2696,3.9877247066900408
531,Beowulf,"Unknown, Seamus Heaney",3.42,2643,3.533496529318287
532,Batman: Year One,"Frank Miller, David Mazzucchelli, Richmond Lewis, Dennis O'Neil",4.23,1047,4.083247555579674
533,Go Set a Watchman,Harper Lee,3.31,2233,3.4546091115760724
534,When You Are Engulfed in Flames,David Sedaris,4.04,2172,3.965223064923368
535,"Daughter of Smoke & Bone (Daughter of Smoke & Bone, #1)",Laini Taylor,4.04,1733,3.9211949612269965
536,"Red Queen (Red Queen, #1)",Victoria Aveyard,4.08,1785,3.9178556235600466
537,The Power of Habit: Why We Do What We Do in Life and Business,Charles Duhigg,4.03,1019,3.9174361299243428
538,Midnight in the Garden of Good and Evil,John Berendt,3.9,3037,3.8488173192665
539,"Hopeless (Hopeless, #1)",Colleen Hoover,4.34,1699,4.123091473810511
540,A Little Princess,"Frances Hodgson Burnett, Nancy Bond",4.2,2480,4.088084933077235
541,The Truth About Forever,Sarah Dessen,4.13,1391,3.971383067142149
542,"The Horse and His Boy (Chronicles of Narnia, #5)",C.S. Lewis,3.9,2769,3.8375452056168458
543,"Last Sacrifice (Vampire Academy, #6)",Richelle Mead,4.42,1798,4.168692636921266
544,"Little House on the Prairie (Little House, #2)","Laura Ingalls Wilder, Garth Williams",4.18,2483,4.087193863604567
545,The Velveteen Rabbit,"Margery Williams Bianco, William   Nicholson",4.29,2882,4.146817635463311
546,Zen and the Art of Motorcycle Maintenance: An Inquiry Into Values,Robert M. Pirsig,3.76,2258,3.744762609586891
547,The War of the Worlds,"H.G. Wells, Arthur C. Clarke",3.8,2404,3.7847326620379453
548,"Pretty Little Liars (Pretty Little Liars, #1)",Sara Shepard,3.9,899,3.748673726995915
549,Corduroy,Don Freeman,4.28,1821,4.0967638291882205
550,The Omnivore's Dilemma: A Natural History of Four Meals,Michael Pollan,4.17,1915,4.0408416891876735
551,Life After Life,Kate Atkinson,3.74,2309,3.7751460982267524
552,The Rescue,Nicholas Sparks,4.1,1285,3.921882643306132
553,Needful Things,Stephen King,3.87,2470,3.7779407940559975
554,"Voyager (Outlander, #3)",Diana Gabaldon,4.38,2081,4.120018790219424
555,"Hamlet: Screenplay, Introduction And Film Diary","Kenneth Branagh, William Shakespeare",4.12,1514,4.0498895002570645
556,Cujo,Stephen King,3.65,2583,3.6079019160158925
557,The Virgin Suicides,Jeffrey Eugenides,3.83,2233,3.8102766473918512
558,"Dead to the World (Sookie Stackhouse, #4)",Charlaine Harris,4.13,2375,3.938519191219477
559,Tess of the D'Urbervilles,"Thomas Hardy, Tim Dolin, Margaret R. Higonnet",3.77,2516,3.751756426843764
560,Madame Bovary,"Gustave Flaubert, Margaret Mauldon, Malcolm Bowie, Mark Overstall",3.64,2361,3.70728751603722
561,The Phantom Tollbooth,"Norton Juster, Jules Feiffer",4.22,2587,4.098324338529612
562,"The Way of Kings (The Stormlight Archive, #1)",Brandon Sanderson,4.64,1789,4.296843458236825
563,"Club Dead (Sookie Stackhouse, #3)",Charlaine Harris,4.03,2387,3.8893889722037973
564,It's Kind of a Funny Story,Ned Vizzini,4.14,961,3.932011992968107
565,"The Well of Ascension (Mistborn, #2)",Brandon Sanderson,4.35,2007,4.106176789302108
566,"After You (Me Before You, #2)",Jojo Moyes,3.7,1957,3.717405820464287
567,The Language of Flowers,Vanessa Diffenbaugh,4.07,2122,3.967421881883114
568,"Batman: The Dark Knight Returns (The Dark Knight Saga, #1)","Frank Miller, Klaus Janson, Lynn Varley",4.25,1242,4.096774668927304
569,"The Angel Experiment (Maximum Ride, #1)",James Patterson,4.08,1732,3.881680211702986
570,High Fidelity,Nick Hornby,3.94,2229,3.898635285994957
571,The Guardian,Nicholas Sparks,4.14,1254,3.94553558745537
572,"Oryx and Crake (MaddAddam, #1)",Margaret Atwood,4.0,2181,3.916823038866691
573,"Men Are from Mars, Women Are from Venus",John Gray,3.52,1365,3.5809599184939325
574,Kitchen Confidential: Adventures in the Culinary Underbelly,Anthony Bourdain,4.0,1774,3.9131494027494185
575,Timeline,Michael Crichton,3.83,2426,3.765803532857113
576,Candide,Voltaire,3.76,2235,3.763832541956082
577,Tuck Everlasting,Natalie Babbitt,3.85,2375,3.8156041066977773
578,Christine,"Stephen King, Marie Milpois",3.72,2352,3.6584144270142986
579,Are You My Mother?,P.D. Eastman,4.16,1780,4.0183823533231795
580,The Story of Art,E.H. Gombrich,3.83,310,3.927811367202984
581,"Scarlet (The Lunar Chronicles, #2)",Marissa Meyer,4.3,1854,4.091427110220679
582,"Rich Dad, Poor Dad",Robert T. Kiyosaki,3.95,893,3.739746915806978
583,"Silence (Hush, Hush, #3)",Becca Fitzpatrick,4.16,1245,3.9469827569960865
584,The Magicians (The Magicians #1),Lev Grossman,3.47,2311,3.5727715408422673
585,"Death Note, Vol. 1: Boredom (Death Note, #1)","Tsugumi Ohba, Takeshi Obata",4.42,882,4.075361140737336
586,"A Great and Terrible Beauty (Gemma Doyle, #1)",Libba Bray,3.79,1820,3.7458311770631627
587,Everything Is Illuminated,Jonathan Safran Foer,3.9,2056,3.8236928840165025
588,"The Bourne Supremacy (Jason Bourne, #2)",Robert Ludlum,4.09,1503,3.9736955541842534
589,"Easy (Contours of the Heart, #1)",Tammara Webber,4.11,1328,3.9806312165780033
590,David Copperfield,"Charles Dickens, Jeremy Tambling",3.96,2364,3.8917747596260495
591,The Absolutely True Diary of a Part-Time Indian,"Sherman Alexie, Ellen Forney",4.11,1713,4.047149372876165
592,The Master and Margarita,"Mikhail Bulgakov, Katherine Tiernan O'Connor, Diana Burgin, Ellendea Proffer",4.32,1543,4.055967862718983
593,"A Wizard of Earthsea (Earthsea Cycle, #1)",Ursula K. Le Guin,3.99,2143,3.911659278591342
594,Because of Winn-Dixie,"Kate DiCamillo, Chris Sheban",4.0,1608,3.9061855899804927
595,A Separate Peace,John Knowles,3.56,2599,3.6550729713287136
596,The Rainmaker,John Grisham,3.91,2339,3.813433717086525
597,Don Quixote,"Miguel de Cervantes Saavedra, Roberto González Echevarría, John Rutherford",3.85,2236,3.8256643973136457
598,"Assassin's Apprentice (Farseer Trilogy, #1)",Robin Hobb,4.14,1765,3.9981045328294593
599,"The Restaurant at the End of the Universe (Hitchhiker's Guide, #2)",Douglas Adams,4.22,2200,4.0604731179311315
600,"Torment (Fallen, #2)",Lauren Kate,3.89,1355,3.791510780003395
601,The Tale of Peter Rabbit,Beatrix Potter,4.17,2174,4.049613117652746
602,"The Silver Chair (Chronicles of Narnia, #4)","C.S. Lewis, Pauline Baynes",3.95,2558,3.8631509725122672
603,"The Hero of Ages (Mistborn, #3)",Brandon Sanderson,4.46,1849,4.16585259978959
604,"Girl, Interrupted",Susanna Kaysen,3.9,1646,3.8288990130356324
605,"Are You There, Vodka? It's Me, Chelsea",Chelsea Handler,3.85,1318,3.753199087596609
606,Jonathan Livingston Seagull,"Richard Bach, Russell Munson",3.8,2054,3.7342291316645357
607,"City of Heavenly Fire (The Mortal Instruments, #6)",Cassandra Clare,4.48,1821,4.128083590624931
608,Love You Forever,"Robert Munsch, Sheila McGraw",4.34,1912,4.127548194076451
609,Cell,Stephen King,3.64,1903,3.6278069861974527
610,The Boys in the Boat: Nine Americans and Their Epic Quest for Gold at the 1936 Berlin Olympics,Daniel James Brown,4.32,1710,4.157913462458087
611,The Silmarillion (Middle-Earth Universe),"J.R.R. Tolkien, Christopher Tolkien, Ted Nasmith",3.87,1890,3.729152617184838
612,"The Drawing of the Three (The Dark Tower, #2)",Stephen King,4.23,2231,4.048490980137369
613,The Forgotten Garden,Kate Morton,4.12,1949,3.968496878069411
614,The Trial,"Franz Kafka, Edwin Muir, Willa Muir, Max Brod",3.98,1669,3.9120546381716936
615,This Lullaby,Sarah Dessen,4.03,1174,3.9373135456579904
616,Plain Truth,Jodi Picoult,3.97,1691,3.8785975970963005
617,Orange Is the New Black,Piper Kerman,3.7,1635,3.717762682677728
618,The Hound of the Baskervilles,"Arthur Conan Doyle, Anne Perry",4.09,2093,3.946359111765682
619,"Thinking, Fast and Slow",Daniel Kahneman,4.08,776,3.9731213415849345
620,"The Mists of Avalon (Avalon, #1)",Marion Zimmer Bradley,4.12,2380,4.020901969087607
621,"Are You There God? It's Me, Margaret",Judy Blume,3.89,2471,3.8870038836969316
622,Nights in Rodanthe,Nicholas Sparks,3.82,1303,3.766607852672898
623,"Mr. Mercedes (Bill Hodges Trilogy, #1)",Stephen King,3.92,1696,3.8711599209201433
624,"All Together Dead (Sookie Stackhouse, #7)",Charlaine Harris,4.05,2095,3.9274623028554965
625,Midwives,Chris Bohjalian,3.97,1866,3.8836021667408356
626,The Polar Express,Chris Van Allsburg,4.29,1865,4.082559117506521
627,The True Story of the 3 Little Pigs,"Jon Scieszka, Lane Smith",4.29,1589,4.117147755946487
628,"Patriot Games (Jack Ryan Universe, #2)",Tom Clancy,4.11,1885,3.9665341991134984
629,Veronika Decides to Die,"Paulo Coelho, Margaret Jull Costa",3.69,1123,3.709294178154217
630,"Lean In: Women, Work, and the Will to Lead","Sheryl Sandberg, Nell Scovell",3.94,1152,3.8754093729548544
631,"Dead as a Doornail (Sookie Stackhouse, #5)",Charlaine Harris,4.01,2207,3.8793780534769895
632,"Shatter Me (Shatter Me, #1)",Tahereh Mafi,4.01,1373,3.876793671148164
633,Starship Troopers,Robert A. Heinlein,3.99,1809,3.9211913426362717
634,I've Got Your Number,Sophie Kinsella,3.93,1215,3.8465400077412464
635,Sophie's World,"Jostein Gaarder, Paulette Møller",3.88,1486,3.798003705713014
636,"The Twilight Saga Breaking Dawn Part 1: The Official Illustrated Movie Companion (The Twilight Saga: The Official Illustrated Movie Companion, #4)",Mark Cotta Vaz,4.3,520,4.0255350706008395
637,The Martian Chronicles,Ray Bradbury,4.12,2189,3.9849871725707433
638,A Visit from the Goon Squad,Jennifer Egan,3.64,1973,3.717254076853648
639,Heidi,"Johanna Spyri, Angelo  Rinaldi, Beverly Cleary",3.97,2170,3.8986411009589013
640,Prey,Michael Crichton,3.72,2045,3.6615562212949513
641,"The Last Battle (Chronicles of Narnia, #7)",C.S. Lewis,4.02,2412,3.9218932941409697
642,"World Without End (The Kingsbridge Series, #2)",Ken Follett,4.23,1885,4.0471135877540885
643,"Chosen (House of Night, #3)","P.C. Cast, Kristin Cast",3.9,1400,3.7649177539598524
644,"Slammed (Slammed, #1)",Colleen Hoover,4.29,1553,4.082470742524643
645,"Beastly (Beastly, #1; Kendra Chronicles, #1)",Alex Flinn,3.84,1040,3.777695482836827
646,The Canterbury Tales,"Geoffrey Chaucer, Nevill Coghill",3.48,2723,3.5881477930322054
647,Baby Proof,Emily Giffin,3.71,1060,3.713171129108873
648,"Inheritance (The Inheritance Cycle, #4)",Christopher Paolini,4.08,1727,3.8835404948036345
649,1Q84,"Haruki Murakami, Jay Rubin, Philip Gabriel",3.89,1563,3.828461079919297
650,Uncle Tom's Cabin,Harriet Beecher Stowe,3.83,2278,3.779781187445452
651,The Phantom of the Opera,"Gaston Leroux, Alexander Teixeira de Mattos",3.97,1731,3.8995010066096274
652,"Definitely Dead (Sookie Stackhouse, #6)",Charlaine Harris,4.02,2139,3.888053891044078
653,Blindness,"José Saramago, Giovanni Pontiero",4.08,1565,3.9076302336876143
654,Freedom,Jonathan Franzen,3.73,1946,3.7819842243363104
655,"Crossed (Matched, #2)",Ally Condie,3.52,1813,3.5838764175133155
656,"I'd Tell You I Love You, But Then I'd Have to Kill You (Gallagher Girls, #1)",Ally Carter,3.82,1052,3.7833701924215415
657,The White Tiger,Aravind Adiga,3.71,1433,3.765590357227493
658,The Corrections,Jonathan Franzen,3.78,2177,3.7600504216312536
659,Dreams from My Father: A Story of Race and Inheritance,Barack Obama,3.81,1124,3.820516981531314
660,Congo,Michael Crichton,3.55,2325,3.580468798831087
661,"Alexander and the Terrible, Horrible, No Good, Very Bad Day","Judith Viorst, Ray Cruz",4.22,1877,4.117887443346288
662,Interpreter of Maladies,Jhumpa Lahiri,4.12,1884,4.000136174833601
663,A People's History of the United States,Howard Zinn,4.07,1347,3.996999675757768
664,Breakfast at Tiffany's,Truman Capote,3.89,1830,3.8642717604699226
665,"The Passage (The Passage, #1)",Justin Cronin,4.04,1981,3.9381321862976013
666,Anansi Boys,Neil Gaiman,4.0,2238,3.9386880263705955
667,Along for the Ride,Sarah Dessen,4.08,1110,3.922899742628742
668,Everything I Never Told You,Celeste Ng,3.78,2032,3.7865757496319175
669,The House of the Spirits,"Isabel Allende, Magda Bogin",4.2,1902,4.022196827220779
670,The Dead Zone,Stephen King,3.9,2348,3.847353479166343
671,"The Mysterious Affair at Styles (Hercule Poirot, #1)","Agatha Christie, Ροζίτα Σώκου",3.98,1267,3.92702867672235
672,"Murder on the Orient Express (Hercule Poirot, #10)",Agatha Christie,4.16,1947,4.009406606511242
673,Americanah,Chimamanda Ngozi Adichie,4.26,1525,4.072604620760214
674,Suzanne's Diary for Nicholas,James Patterson,4.16,1237,3.930259910041206
675,Firestarter,Stephen King,3.85,2344,3.783621507971117
676,"Entwined with You (Crossfire, #3)",Sylvia Day,4.19,1124,3.899933724142953
677,"Born to Run: A Hidden Tribe, Superathletes, and the Greatest Race the World Has Never Seen",Christopher McDougall,4.27,1289,4.084403385794601
678,The Storied Life of A.J. Fikry,Gabrielle Zevin,3.98,1948,3.942594150350864
679,Madeline,Ludwig Bemelmans,4.22,1826,4.105584033710079
680,Think and Grow Rich: The Landmark Bestseller - Now Revised and Updated for the 21st Century,Napoleon Hill,4.17,639,3.9062371684398434
681,"Little House in the Big Woods (Little House, #1)","Laura Ingalls Wilder, Garth Williams",4.16,2141,4.05221367553145
682,Jonathan Strange & Mr Norrell,Susanna Clarke,3.8,2251,3.8001973830742304
683,A Bend in the Road,Nicholas Sparks,4.02,1152,3.86168901108031
684,"The House of Hades (The Heroes of Olympus, #4)",Rick Riordan,4.54,1562,4.169717857470958
685,"Gone (Gone, #1)",Michael  Grant,3.85,1200,3.741384397152715
686,"The Wedding (The Notebook, #2)",Nicholas Sparks,3.98,1209,3.8428063786642976
687,1776,David McCullough,4.06,1274,3.983464645944916
688,Under the Banner of Heaven: A Story of Violent Faith,Jon Krakauer,3.98,1919,3.9581896817160667
689,Beautiful Ruins,Jess Walter,3.67,1895,3.751379468846164
690,The Audacity of Hope: Thoughts on Reclaiming the American Dream,Barack Obama,3.69,1023,3.7573717970964493
691,On Writing: A Memoir of the Craft,Stephen King,4.31,1862,4.145093278290309
692,"Firefly Lane (Firefly Lane, #1)",Kristin Hannah,4.04,1438,3.843951144079214
693,Sphere,Michael Crichton,3.77,2181,3.7314780830460266
694,Love the One You're With,Emily Giffin,3.7,1050,3.6858796038840547
695,"The Silkworm (Cormoran Strike, #2)","Robert Galbraith, J.K. Rowling",4.03,1990,3.938938674744538
696,"The Vampire Lestat (The Vampire Chronicles, #2)",Anne Rice,4.05,2263,3.8967319956270456
697,State of Wonder,Ann Patchett,3.85,2040,3.8566646835830847
698,The Silver Linings Playbook,Matthew Quick,4.0,1291,3.9374488247248847
699,Twenty Thousand Leagues Under the Sea,"Jules Verne, Anthony Bonner",3.86,1817,3.8099680647724976
700,"The Constant Princess (The Plantagenet and Tudor Novels, #6)",Philippa Gregory,3.88,1298,3.8432059397742835
701,Mrs. Dalloway,"Virginia Woolf, Maureen Howard",3.78,1932,3.7334502716777322
702,The Hundred-Year-Old Man Who Climbed Out of the Window and Disappeared,"Jonas Jonasson, Rod Bradbury",3.81,1253,3.817703234513873
703,Bag of Bones,Stephen King,3.87,1971,3.792281687095042
704,The Cider House Rules,John Irving,4.1,2448,3.9970832843322235
705,Thinner,"Richard Bachman, Stephen King",3.66,2021,3.6293434793810664
706,Around the World in Eighty Days,"Jules Verne, Michael Glencross, Brian W. Aldiss",3.9,1775,3.85227126875194
707,Walk Two Moons,Sharon Creech,3.95,1561,3.902388385270714
708,Eleven Minutes,"Paulo Coelho, Margaret Jull Costa",3.69,922,3.731920886906059
709,Nine Stories,J.D. Salinger,4.19,1521,4.059385214727207
710,"Julie and Julia: 365 Days, 524 Recipes, 1 Tiny Apartment Kitchen: How One Girl Risked Her Marriage, Her Job, and Her Sanity to Master the Art of Living",Julie Powell,3.67,1611,3.7225010857101024
711,"Unwind (Unwind, #1)",Neal Shusterman,4.18,1248,4.0112907303638785
712,"Drums of Autumn (Outlander, #4)",Diana Gabaldon,4.34,1733,4.084583558350533
713,"Prodigy (Legend, #2)",Marie Lu,4.29,1356,4.038803485606043
714,King Lear,William Shakespeare,3.89,2333,3.9027743945984144
715,Death of a Salesman,Arthur Miller,3.49,2400,3.613277457347878
716,The Choice,Nicholas Sparks,3.99,1117,3.8434759415586157
717,The Hunger Games: Official Illustrated Movie Companion,Kate Egan,4.51,592,4.095591762423183
718,The Sound and the Fury,William Faulkner,3.86,1960,3.8081130084840957
719,A New Earth: Awakening to Your Life's Purpose,Eckhart Tolle,4.02,877,3.859241374880964
720,"Bleach, Volume 01",Tite Kubo,4.21,699,3.9427538341630433
721,"Hyperbole and a Half: Unfortunate Situations, Flawed Coping Mechanisms, Mayhem, and Other Things That Happened",Allie Brosh,4.17,1028,4.0653974915286
722,"The Shadow Rising (Wheel of Time, #4)",Robert Jordan,4.21,1789,3.9900371402494215
723,Shantaram,Gregory David Roberts,4.26,1094,4.004580433778573
724,"From Dead to Worse (Sookie Stackhouse, #8)",Charlaine Harris,4.01,1996,3.888366111684226
725,"The Waste Lands (The Dark Tower, #3)","Stephen King, Ned Dameron",4.24,1998,4.065260447579714
726,"The Bone Collector (Lincoln Rhyme, #1)",Jeffery Deaver,4.18,1420,4.006698181187788
727,The Reader,"Bernhard Schlink, Carol Brown Janeway",3.73,2104,3.7483230157240834
728,"Brown Bear, Brown Bear, What Do You See?","Bill Martin Jr., Eric Carle",4.19,1300,4.013473080088138
729,"Hyperion (Hyperion Cantos, #1)",Dan Simmons,4.21,1511,4.0413990564198
730,The Pearl,John Steinbeck,3.41,2147,3.549008890254142
731,The Exorcist,William Peter Blatty,4.14,1596,3.9951076182482463
732,"The Short Second Life of Bree Tanner: An Eclipse Novella (Twilight, #3.5)",Stephenie Meyer,3.51,1423,3.581460945931167
733,Snow Falling on Cedars,David Guterson,3.8,2533,3.8051375543432004
734,Roots: The Saga of an American Family,Alex Haley,4.42,1930,4.189183448716396
735,Batman: The Killing Joke,"Alan Moore, Brian Bolland, Tim Sale",4.36,1079,4.1161498165549535
736,Invisible Man,Ralph Ellison,3.84,2004,3.8475072325291615
737,A Long Way Gone: Memoirs of a Boy Soldier,Ishmael Beah,4.14,1226,4.007653775731458
738,"Mrs. Frisby and the Rats of NIMH (Rats of NIMH, #1)",Robert C. O'Brien,4.13,1998,4.044809262984176
739,Different Seasons,Stephen King,4.34,2035,4.162167536635028
740,"The Little House Collection (Little House, #1-9)","Laura Ingalls Wilder, Garth Williams",4.33,1897,4.180813466526697
741,The Girls' Guide to Hunting and Fishing,Melissa Bank,3.29,1276,3.5816542281246617
742,"Wool Omnibus (Silo, #1)",Hugh Howey,4.24,1557,4.049105790575606
743,"Lamb: The Gospel According to Biff, Christ's Childhood Pal",Christopher Moore,4.26,1659,4.0656560703492435
744,The Power of Now: A Guide to Spiritual Enlightenment,Eckhart Tolle,4.1,817,3.910087258069698
745,Let's Pretend This Never Happened: A Mostly True Memoir,Jenny  Lawson,3.9,1327,3.870544921047584
746,"The Lies of Locke Lamora (Gentleman Bastard, #1)",Scott Lynch,4.3,1596,4.090558398063108
747,"Sabriel (Abhorsen,  #1)",Garth Nix,4.17,1552,4.0140604181614785
748,"Dead and Gone (Sookie Stackhouse, #9)",Charlaine Harris,4.01,1955,3.889776825357257
749,The Storyteller,Jodi Picoult,4.26,1576,4.056023393876794
750,"Obsidian (Lux, #1)",Jennifer L. Armentrout,4.23,1345,4.028676703972838
751,"Life, the Universe and Everything (Hitchhiker's Guide, #3)",Douglas Adams,4.19,1872,4.019138774217019
752,"Crown of Midnight (Throne of Glass, #2)",Sarah J. Maas,4.49,1532,4.202565085183279
753,"Scott Pilgrim, Volume 1: Scott Pilgrim's Precious Little Life",Bryan Lee O'Malley,4.18,898,3.986728230064287
754,Half Broke Horses,Jeannette Walls,4.05,1666,3.9432306083485953
755,"Mort (Death, #1; Discworld, #4)",Terry Pratchett,4.22,1634,4.0374577268033285
756,"The Iron King (The Iron Fey, #1)",Julie Kagawa,3.92,1216,3.851611768368989
757,Lonesome Dove,Larry McMurtry,4.47,1920,4.233337831997744
758,Stiff: The Curious Lives of Human Cadavers,Mary Roach,4.05,1487,3.990408758123423
759,"Bloodlines (Bloodlines, #1)",Richelle Mead,4.22,1227,4.058329780477135
760,"Ender's Shadow (Ender's Shadow, #1)",Orson Scott Card,4.3,1792,4.090642694392426
761,Twenties Girl,Sophie Kinsella,3.82,1141,3.769705458382203
762,Schindler's List,Thomas Keneally,4.34,1278,4.133188496335927
763,The Bluest Eye,Toni Morrison,3.99,1700,3.873074777121344
764,"The White Queen (The Plantagenet and Tudor Novels, #2)",Philippa Gregory,3.9,1284,3.803764671729338
765,The Autobiography of Malcolm X,"Malcolm X, Alex Haley",4.29,1203,4.0287069527724615
766,Preludes & Nocturnes (The Sandman #1),"Neil Gaiman, Sam Kieth, Mike Dringenberg, Malcolm Jones III, Todd Klein, Karen  Berger",4.3,1543,4.1639251204577565
767,Seabiscuit: An American Legend,Laura Hillenbrand,4.2,1530,4.027088248733574
768,Shutter Island,Dennis Lehane,4.07,1526,3.9709630419918733
769,The Complete Sherlock Holmes,Arthur Conan Doyle,4.5,1591,4.214851254119946
770,Julius Caesar,"William Shakespeare, Roma Gill",3.65,2075,3.745466556244465
771,"In the Garden of Beasts: Love, Terror, and an American Family in Hitler's Berlin",Erik Larson,3.81,1680,3.785483089376152
772,The Republic,"Plato, Desmond Lee",3.9,1431,3.8040888754806446
773,The Taming of the Shrew,William Shakespeare,3.81,2225,3.8344983644737933
774,"Cress (The Lunar Chronicles, #3)",Marissa Meyer,4.46,1568,4.1711666413938095
775,Just Kids,Patti Smith,4.14,948,3.97294426563107
776,The Art Book,Phaidon Press,3.79,410,3.906569377188334
777,Jemima J,Jane Green,3.62,913,3.7503545982623643
778,The Hunchback of Notre-Dame,"Victor Hugo, Walter J. Cobb",3.97,1717,3.8824482382019836
779,A Fine Balance,Rohinton Mistry,4.34,1424,4.060061160596939
780,Calvin and Hobbes,"Bill Watterson, G.B. Trudeau",4.61,1394,4.321414474048327
781,"Specials (Uglies, #3)",Scott Westerfeld,3.77,1727,3.737012788684555
782,The Awakening,Kate Chopin,3.63,1886,3.7219506507982283
783,"Hunted (House of Night, #5)","P.C. Cast, Kristin Cast",3.93,1237,3.800776602218429
784,For One More Day,Mitch Albom,4.09,1068,3.9232385716063725
785,"Clear and Present Danger (Jack Ryan Universe, #6)",Tom Clancy,4.08,1274,3.967166719856011
786,Falling Up,Shel Silverstein,4.33,1484,4.128520542184666
787,Sh*t My Dad Says,Justin Halpern,3.98,1242,3.9221472487068523
788,Trainspotting,"Irvine Welsh, Eric Lindor Fall",4.07,1283,3.9291264890766886
789,Foundation and Empire (Foundation #2),Isaac Asimov,4.2,1579,4.038566767130289
790,The Four Agreements: A Practical Guide to Personal Freedom,Miguel Ruiz,4.12,920,3.9283041853747593
791,House Rules,Jodi Picoult,4.01,1338,3.881434809412146
792,The Complete Grimm's Fairy Tales,"Jacob Grimm, Wilhelm Grimm, Josef Scharl, Padraic Colum, Joseph Campbell, Margaret Raine Hunt, James Stern",4.31,1809,4.128263232376344
793,From the Mixed-Up Files of Mrs. Basil E. Frankweiler,E.L. Konigsburg,4.15,1977,4.0856482692625375
794,"Doctor Sleep (The Shining, #2)",Stephen King,4.1,1621,3.984084989305896
795,About a Boy,Nick Hornby,3.79,1680,3.8096064330813575
796,"On Dublin Street (On Dublin Street, #1)",Samantha Young,4.24,1100,4.036143174381707
797,Crazy Love: Overwhelmed by a Relentless God,"Francis Chan, Danae Yankoski, Chris Tomlin",4.15,512,3.9636100458208396
798,"One Fish, Two Fish, Red Fish, Blue Fish",Dr. Seuss,4.12,1628,4.00798250918442
799,Watchers,Dean Koontz,4.16,1531,3.964746535072699
800,The Story of My Life,Helen Keller,4.07,972,3.9876491569681773
801,This is Where I Leave You,Jonathan Tropper,3.88,1547,3.845421215320136
802,Abraham Lincoln: Vampire Hunter,Seth Grahame-Smith,3.7,1370,3.6911803633073
803,"Fruits Basket, Vol. 1","Natsuki Takaya, Alethea Nibley, Athena Nibley",4.23,786,4.007332187632918
804,The Tempest,William Shakespeare,3.8,2049,3.833529644363362
805,"Burned (House of Night, #7)","P.C. Cast, Kristin Cast",3.98,1134,3.8420331333632665
806,"Wizard and Glass (The Dark Tower, #4)","Stephen King, Dave McKean",4.24,1875,4.061668995038984
807,The Circle,Dave Eggers,3.46,1300,3.662709059606744
808,The Invention of Hugo Cabret,Brian Selznick,4.23,1323,4.043309743355813
809,Brave New World / Brave New World Revisited,"Aldous Huxley, Christopher Hitchens",4.16,1494,4.009878203844972
810,"Ouran High School Host Club, Vol. 1 (Ouran High School Host Club, #1)",Bisco Hatori,4.36,666,4.051680268939288
811,The Good Girl,Mary Kubica,3.81,1329,3.783372765529274
812,"Fallen Too Far (Rosemary Beach, #1; Too Far, #1)",Abbi Glines,4.21,1139,4.006216220645284
813,Landline,Rainbow Rowell,3.55,1477,3.654317269612993
814,"Tempted (House of Night, #6)","P.C. Cast, Kristin Cast",3.96,1196,3.8217469513708737
815,No Country for Old Men,Cormac McCarthy,4.12,1562,3.983742581242974
816,"Wolf Hall (Thomas Cromwell, #1)",Hilary Mantel,3.85,1525,3.8193979523685386
817,"Howl's Moving Castle (Howl's Moving Castle, #1)",Diana Wynne Jones,4.3,1396,4.113502806560807
818,Dreamcatcher,"Stephen King, William Olivier Desmond",3.59,1829,3.6116762305328836
819,Walden,Henry David Thoreau,3.79,1869,3.7728715707023275
820,The Remains of the Day,Kazuo Ishiguro,4.1,1819,4.011141693242625
821,The Best of Me,Nicholas Sparks,3.91,982,3.784681718791383
822,The Sense of an Ending,Julian Barnes,3.7,1462,3.7821660222316194
823,"A is for Alibi (Kinsey Millhone, #1)",Sue Grafton,3.82,1428,3.788911275751488
824,"Oedipus Rex  (The Theban Plays, #1)","Sophocles, J.E. Thomas",3.67,1716,3.748443628264547
825,Shanghai Girls (Shanghai Girls #1),Lisa See,3.87,1606,3.8271604926040297
826,The Wind in the Willows,"Kenneth Grahame, Gillian Avery",3.98,2175,3.9241251991007084
827,"To All the Boys I've Loved Before (To All the Boys I've Loved Before, #1)",Jenny Han,4.11,907,3.9609147130468103
828,"Persepolis: The Story of a Childhood (Persepolis, #1)","Marjane Satrapi, Mattias Ripa",4.23,1454,4.078737152390619
829,A Room with a View,E.M. Forster,3.91,1703,3.9099702703647234
830,The DUFF: Designated Ugly Fat Friend,Kody Keplinger,3.86,906,3.8262077747891516
831,Lock and Key,Sarah Dessen,4.01,1018,3.9019320750318918
832,"Naked in Death (In Death, #1)",J.D. Robb,4.13,984,3.9470578388128295
833,The Chamber,John Grisham,3.76,1810,3.7483253454645378
834,"Midnight Sun (Twilight, #1.5)",Stephenie Meyer,4.03,1286,3.8862333376079987
835,"Naruto, Vol. 01: The Tests of the Ninja (Naruto, #1)","Masashi Kishimoto, Katy Bridges",4.35,614,3.9695799367678806
836,"The Unlikely Pilgrimage of Harold Fry (Harold Fry, #1)",Rachel Joyce,3.89,1413,3.86404090561933
837,"Every Day (Every Day, #1)",David Levithan,3.99,1043,3.8881920031226587
838,"Xenocide (Ender's Saga, #3)",Orson Scott Card,3.77,1742,3.7660805805504594
839,The Merchant of Venice,"William Shakespeare, Robert          Jackson, Barbara A. Mowat, Paul Werstine",3.78,1904,3.8253792693780135
840,"Shōgun (Asian Saga, #1)",James Clavell,4.37,1847,4.161337588128895
841,"Lover Awakened (Black Dagger Brotherhood, #3)",J.R. Ward,4.45,1149,4.1358422189252595
842,"A Court of Thorns and Roses (A Court of Thorns and Roses, #1)",Sarah J. Maas,4.29,1276,4.071008134406467
843,"Fifty Shades Trilogy (Fifty Shades, #1-3)",E.L. James,4.13,574,3.826949370428437
844,Chicka Chicka Boom Boom,"Bill Martin Jr., John Archambault, Lois Ehlert",4.21,1158,3.982644348690334
845,Smile,Raina Telgemeier,4.19,332,3.950682589792109
846,Animal Farm / 1984,"George Orwell, Christopher Hitchens",4.26,1404,4.033052385768915
847,"The Deep End of the Ocean (Cappadora Family, #1)",Jacquelyn Mitchard,3.84,1451,3.822299730377611
848,The Bonesetter's Daughter,Amy Tan,3.98,1705,3.90206123472173
849,"Angus, Thongs and Full-Frontal Snogging (Confessions of Georgia Nicolson, #1)",Louise Rennison,3.74,936,3.772441185343575
850,"Mr. Penumbra's 24-Hour Bookstore (Mr. Penumbra's 24-Hour Bookstore, #1)",Robin Sloan,3.75,1555,3.7811637774805713
851,"Flowers in the Attic (Dollanganger, #1)",V.C. Andrews,3.79,1701,3.6624500331595486
852,When Breath Becomes Air,"Paul Kalanithi, Abraham Verghese",4.32,1172,4.105606121898825
853,Maniac Magee,Jerry Spinelli,3.86,1334,3.9023256097293904
854,Invisible Monsters,Chuck Palahniuk,4.0,1072,3.8541123653787714
855,Twelfth Night,William Shakespeare,3.97,1871,3.918859922178287
856,"Gathering Blue (The Giver, #2)",Lois Lowry,3.8,1534,3.811523147972813
857,The Westing Game,Ellen Raskin,4.03,1565,3.9491557500246266
858,"Red Rising (Red Rising, #1)",Pierce Brown,4.26,1474,4.072492664937124
859,"The Way of Shadows (Night Angel, #1)",Brent Weeks,4.15,1148,3.9821403086125526
860,"The Bean Trees (Greer Family, #1)",Barbara Kingsolver,3.94,1730,3.8757575784429807
861,"Walking Disaster (Beautiful, #2)",Jamie McGuire,4.23,1190,4.0035511456535495
862,"Words of Radiance (The Stormlight Archive, #2)",Brandon Sanderson,4.77,1373,4.340898946673954
863,Guess How Much I Love You,"Sam McBratney, Anita Jeram",4.36,1291,4.136938971611139
864,"The Fiery Cross (Outlander, #5)",Diana Gabaldon,4.26,1472,4.029188734510654
865,Night Shift,"Stephen King, John D. MacDonald",3.96,1806,3.8755708671408122
866,Jaws,Peter Benchley,3.96,1459,3.886491600251054
867,The History of Love,Nicole Krauss,3.91,1368,3.8314238043176263
868,Pippi Longstocking,"Astrid Lindgren, Lauren Child, Florence Lamborn, Nancy Seligsohn",4.11,1714,4.015346467381614
869,The Elegance of the Hedgehog,"Muriel Barbery, Alison Anderson",3.73,1587,3.734910302656961
870,Team of Rivals: The Political Genius of Abraham Lincoln,"Doris Kearns Goodwin, Suzanne Toren",4.3,827,4.089382394531264
871,"Dead in the Family (Sookie Stackhouse, #10)",Charlaine Harris,3.88,1780,3.8184026215392386
872,The Plague,"Albert Camus, Stuart Gilbert",3.97,1415,3.919630593974726
873,"The Reptile Room (A Series of Unfortunate Events, #2)","Lemony Snicket, Brett Helquist",3.95,1409,3.868079125841968
874,Brain on Fire: My Month of Madness,Susannah Cahalan,4.0,1057,3.92062632661807
875,"Wicked Lovely (Wicked Lovely, #1)",Melissa Marr,3.69,1248,3.7304358112846874
876,Curious George,H.A. Rey,4.13,1553,4.020274862087077
877,The Neverending Story,"Michael Ende, Ralph Manheim, Roswitha Quadflieg",4.17,1539,4.03913407146788
878,A Beautiful Mind,Sylvia Nasar,4.12,621,3.942495575718985
879,The Jungle,"Upton Sinclair, Earl Lee, Kathleen DeGrave",3.72,1764,3.7481293620020404
880,"The Summoning (Darkest Powers, #1)",Kelley Armstrong,4.03,1123,3.8833922114108486
881,The Man Who Mistook His Wife for a Hat and Other Clinical Tales,Oliver Sacks,4.04,1320,3.9853686679768856
882,Eye of the Needle,Ken Follett,4.16,1457,4.00432915502317
883,The Blind Assassin,Margaret Atwood,3.95,1755,3.8601223999395655
884,"Hollow City (Miss Peregrine’s Peculiar Children, #2)",Ransom Riggs,4.07,1301,3.89175725649563
885,House of Sand and Fog,Andre Dubus III,3.83,1755,3.8151525501797456
886,The Girl with All the Gifts,M.R. Carey,3.93,1286,3.904073827410537
887,As I Lay Dying,William Faulkner,3.72,1623,3.7704196056585477
888,Harold and the Purple Crayon,Crockett Johnson,4.24,1383,4.0961328289870895
889,"Lover Eternal (Black Dagger Brotherhood, #2)",J.R. Ward,4.35,1185,4.076276700859344
890,Second Foundation (Foundation #3),Isaac Asimov,4.23,1469,4.036016034628999
891,"Fool Moon (The Dresden Files, #2)",Jim Butcher,4.04,1562,3.919562878074101
892,"David and Goliath: Underdogs, Misfits, and the Art of Battling Giants",Malcolm Gladwell,3.9,969,3.8340935562939595
893,"Fullmetal Alchemist, Vol. 1 (Fullmetal Alchemist, #1)","Hiromu Arakawa, Akira Watanabe",4.49,729,4.098160205595039
894,"Guards! Guards! (Discworld, #8)",Terry Pratchett,4.32,1500,4.083728418663062
895,The Year of Magical Thinking,Joan Didion,3.86,1426,3.830954717623684
896,We Need to Talk About Kevin,Lionel Shriver,4.07,1333,3.94565602217905
897,"Rendezvous with Rama (Rama, #1)",Arthur C. Clarke,4.06,1247,3.903356519813211
898,"The Queen of the Damned (The Vampire Chronicles, #3)",Anne Rice,3.86,1735,3.777524536254453
899,The Age of Innocence,"Edith Wharton, Maureen Howard",3.93,1658,3.8997347991905746
900,The Selfish Gene,Richard Dawkins,4.11,797,3.9678436658790304
901,Year of Wonders,Geraldine Brooks,4.0,1445,3.9620680609997363
902,"The Black Echo (Harry Bosch, #1; Harry Bosch Universe, #1)",Michael Connelly,4.08,1084,3.975894219203554
903,Anthem,Ayn Rand,3.62,1394,3.660652325114636
904,"Gabriel's Inferno (Gabriel's Inferno, #1)",Sylvain Reynard,4.02,955,3.815678022077744
905,Cloudy With a Chance of Meatballs,"Judi Barrett, Ron Barrett",4.15,1394,4.021138670917377
906,Major Pettigrew's Last Stand,Helen Simonson,3.87,1566,3.8468547793549894
907,"Vision in White (Bride Quartet, #1)",Nora Roberts,4.1,830,3.939520111696069
908,The Tenth Circle,Jodi Picoult,3.48,1322,3.5949395678146536
909,"The Throne of Fire (Kane Chronicles, #2)",Rick Riordan,4.2,1174,3.9649226014282832
910,"Old Man's War (Old Man's War, #1)",John Scalzi,4.23,1252,4.023195033730463
911,Gerald's Game,Stephen King,3.47,1720,3.556051884474919
912,"Two for the Dough (Stephanie Plum, #2)",Janet Evanovich,4.11,1405,3.959547163014972
913,The Joy of Cooking,"Irma S. Rombauer, Marion Rombauer Becker, Ethan Becker",4.14,884,4.003108695704407
914,"The Forever War (The Forever War, #1)",Joe Haldeman,4.15,1199,4.003537713000718
915,Insomnia,"Stephen King, Bettina Blanch Tyroller",3.79,1741,3.7618927465657785
916,Reading Lolita in Tehran,Azar Nafisi,3.57,1684,3.6806959049480175
917,"The Blade Itself (The First Law, #1)",Joe Abercrombie,4.14,1258,3.966541147743349
918,"The Arctic Incident (Artemis Fowl, #2)",Eoin Colfer,3.94,1250,3.8787875079383642
919,The Shipping News,Annie Proulx,3.83,2003,3.80379394984532
920,The Life-Changing Magic of Tidying Up: The Japanese Art of Decluttering and Organizing,"Marie Kondō, Cathy Hirano",3.77,973,3.7874969955615136
921,All the Bright Places,"Jennifer Niven, فرانک معنوی",4.19,994,3.9679976454687065
922,"Déjà Dead (Temperance Brennan, #1)",Kathy Reichs,3.86,924,3.833872204791431
923,"The Alchemyst (The Secrets of the Immortal Nicholas Flamel, #1)",Michael Scott,3.84,1257,3.8208744432538495
924,The Marriage Plot,Jeffrey Eugenides,3.42,1552,3.6268408595478565
925,Daughter of Fortune,"Isabel Allende, Margaret Sayers Peden",3.89,1508,3.8565700556272025
926,Luckiest Girl Alive,Jessica Knoll,3.48,1316,3.644841277307458
927,"Crank (Crank, #1)",Ellen Hopkins,4.16,749,3.8607874776046276
928,"The Raven Boys (The Raven Cycle, #1)",Maggie Stiefvater,4.05,1256,3.934908377680338
929,I Am Legend and Other Stories,Richard Matheson,3.99,1463,3.923738236500816
930,Olive Kitteridge,Elizabeth Strout,3.78,1673,3.8122935830591276
931,"Not That Kind of Girl: A Young Woman Tells You What She's ""Learned""","Lena Dunham, Joana Avillez",3.33,924,3.6176482823469125
932,Good to Great: Why Some Companies Make the Leap... and Others Don't,James C. Collins,4.04,683,3.935285397167717
933,"Fire (Graceling Realm, #2)",Kristin Cashore,4.12,1366,3.9750293683158335
934,Waiting for Godot,Samuel Beckett,3.81,1501,3.7834696902780767
935,White Fang,Jack London,3.94,1619,3.85439834263659
936,"Wolves of the Calla (The Dark Tower, #5)","Stephen King, Bernie Wrightson",4.17,1633,4.008679230989445
937,His Dark Materials (His Dark Materials #1-3),Philip Pullman,4.25,1568,4.058005778314815
938,"The Edge of Never (The Edge of Never, #1)",J.A. Redmerski,4.26,1014,4.027533737657844
939,Reconstructing Amelia,Kimberly McCreight,3.82,1258,3.8184871757136563
940,One Plus One,Jojo Moyes,3.94,1362,3.876653927759355
941,The Hours,Michael Cunningham,3.91,1647,3.8402777492811544
942,"Wallbanger (Cocktail, #1)",Alice Clayton,4.1,1115,3.9505150875888146
943,Holidays on Ice,David Sedaris,3.95,1346,3.943560654135537
944,Desperation,Stephen King,3.8,1575,3.7435550686105348
945,"Passion (Fallen, #3)",Lauren Kate,3.89,978,3.8014257890666765
946,"The Kill Order (Maze Runner, #0.5)",James Dashner,3.69,990,3.713135179718291
947,"Angelfall (Penryn & the End of Days, #1)",Susan Ee,4.19,1023,3.9979200656027807
948,Empire Falls,Richard Russo,3.91,1729,3.9073376002964997
949,"The Fires of Heaven (Wheel of Time, #5)",Robert Jordan,4.13,1482,3.96334646003178
950,I'll Give You the Sun,Jandy Nelson,4.14,888,4.0828783447965025
951,Survivor,Chuck Palahniuk,3.93,1060,3.870292943151635
952,"Shopaholic & Baby (Shopaholic, #5)",Sophie Kinsella,3.77,1004,3.7378644327897304
953,"The Dark Tower (The Dark Tower, #7)",Stephen King,4.27,1655,4.043881522428881
954,Twilight Director's Notebook : The Story of How We Made the Movie Based on the Novel by Stephenie Meyer,Catherine Hardwicke,4.2,372,3.9500207952989808
955,"Shopaholic Takes Manhattan (Shopaholic, #2)",Sophie Kinsella,3.75,1113,3.718927868374224
956,"Surely You're Joking, Mr. Feynman!: Adventures of a Curious Character",Richard Feynman,4.29,861,4.061439906208106
957,"Linger (The Wolves of Mercy Falls, #2)",Maggie Stiefvater,3.91,1109,3.8389976327010906
958,"The Complete Anne of Green Gables Boxed Set (Anne of Green Gables, #1-8)",L.M. Montgomery,4.42,1247,4.196686557303426
959,A Portrait of the Artist as a Young Man,"James Joyce, Seamus Deane",3.6,1705,3.6868323157185072
960,"The Gathering Storm (Wheel of Time, #12)","Robert Jordan, Brandon Sanderson",4.34,1348,4.101814373508922
961,Middlemarch,"George Eliot, Michel Faber",3.93,1379,3.898963498043453
962,"Point of Retreat (Slammed, #2)",Colleen Hoover,4.3,1131,4.0503687450969625
963,The Partner,John Grisham,3.89,1418,3.8450591850604656
964,J.R.R. Tolkien 4-Book Boxed Set: The Hobbit and The Lord of the Rings,J.R.R. Tolkien,4.59,1400,4.244706925761581
965,"Thoughtless (Thoughtless, #1)",S.C. Stephens,4.12,972,3.8928668310842394
966,Presumed Innocent,Scott Turow,4.1,1479,3.9982767196414875
967,The Dark Half,Stephen King,3.74,1681,3.7425706079553374
968,Cleopatra: A Life,Stacy Schiff,3.62,635,3.772168391198483
969,The World Is Flat: A Brief History of the Twenty-first Century,Thomas L. Friedman,3.66,963,3.7510461813757323
970,"Steelheart (The Reckoners, #1)",Brandon Sanderson,4.16,1311,4.016624766404129
971,The Rainbow Fish,"Marcus Pfister, J. Alison James",4.15,1038,3.9817054864277184
972,"Journey to the Center of the Earth (Extraordinary Voyages, #3)",Jules Verne,3.84,1491,3.8361910981704064
973,"The Happiness Project: Or Why I Spent a Year Trying to Sing in the Morning, Clean My Closets, Fight Right, Read Aristotle, and Generally Have More Fun",Gretchen Rubin,3.57,1055,3.66779281552481
974,The Man in the High Castle,Philip K. Dick,3.66,1232,3.7725893464919817
975,Helter Skelter: The True Story of the Manson Murders,"Vincent Bugliosi, Curt Gentry",4.0,1274,3.8754908856059194
976,"Dr. Seuss's Green Eggs and Ham: For Soprano, Boy Soprano, and Orchestra","Robert Kapilow, Dr. Seuss",4.44,1102,4.1850840295064655
977,Inferno (The Divine Comedy #1),"Dante Alighieri, Anthony M. Esolen",3.99,1496,3.9205684267618004
978,"Shadow of Night (All Souls Trilogy, #2)",Deborah Harkness,4.04,1430,3.9036192317138285
979,Leaving Time,Jodi Picoult,3.94,1296,3.8794238503180583
980,"Moon Called (Mercy Thompson, #1)",Patricia Briggs,4.18,1170,4.006134229903675
981,"Blue Bloods (Blue Bloods, #1)",Melissa de la Cruz,3.68,1127,3.732768725585146
982,"The Alienist (Dr. Laszlo Kreizler, #1)",Caleb Carr,4.05,1662,3.9484281323374057
983,Between the World and Me,Ta-Nehisi Coates,4.4,1053,4.117502028631446
984,Paradise Lost,"John Milton, John      Leonard",3.8,1632,3.783955225453404
985,The Big Short: Inside the Doomsday Machine,Michael   Lewis,4.26,855,4.040002594478754
986,The Girl Who Loved Tom Gordon,Stephen King,3.56,1608,3.65836433688721
987,A Monster Calls,"Patrick Ness, Jim Kay, Siobhan Dowd",4.36,942,4.11752216017651
988,"Towers of Midnight (Wheel of Time, #13)","Robert Jordan, Brandon Sanderson",4.42,1212,4.132682891168585
989,The Day of the Jackal,Frederick Forsyth,4.25,1180,4.028139338449607
990,Rework,"Jason Fried, David Heinemeier Hansson",3.93,278,3.9118269769886904
991,Attachments,Rainbow Rowell,3.95,1145,3.895676807527032
992,"The Twilight Saga (Twilight, #1-4)","Stephenie Meyer, Ilyana Kadushin, Matt Walters",3.88,932,3.7431317902488317
993,Tell the Wolves I'm Home,Carol Rifka Brunt,4.04,1348,3.9677321838953477
994,"All Creatures Great and Small (All Creatures Great and Small, #1-2)",James Herriot,4.31,1414,4.108089766234671
995,"The Unbecoming of Mara Dyer (Mara Dyer, #1)",Michelle Hodkin,4.09,1015,3.939150585588579
996,"Three to Get Deadly (Stephanie Plum, #3)",Janet Evanovich,4.14,1334,3.9663593368104864
997,The Scarlet Pimpernel,Emmuska Orczy,4.06,1315,3.947267775635237
998,The Monster at the End of this Book,"Jon Stone, Michael J. Smollin",4.45,1307,4.199580782592613
999,"Tales of a Fourth Grade Nothing (Fudge, #1)",Judy Blume,4.09,1348,3.9879038407398673
1000,"Shadow and Bone (Shadow and Bone, #1)",Leigh Bardugo,4.05,1239,3.9435445296336162
1001,The Dinner,"Herman Koch, Sam Garrett",3.22,1327,3.5239569578999754
1002,"Champion (Legend, #3)",Marie Lu,4.37,1073,4.073854915254341
1003,Contact,Carl Sagan,4.11,1483,3.9543488456210745
1004,"Lola and the Boy Next Door (Anna and the French Kiss, #2)",Stephanie Perkins,4.0,925,3.9218245763276522
1005,White Teeth,Zadie Smith,3.75,1378,3.779313325467149
1006,American Sniper: The Autobiography of the Most Lethal Sniper in U.S. Military History,"Chris Kyle, Scott McEwen, Jim DeFelice",3.97,632,3.81869297607604
1007,My Horizontal Life: A Collection of One-Night Stands,Chelsea Handler,3.79,899,3.789071937932288
1008,"The Power of Six (Lorien Legacies, #2)",Pittacus Lore,4.17,964,3.9666172086660483
1009,The Interestings,Meg Wolitzer,3.54,1383,3.6982082786028196
1010,The Essential Calvin and Hobbes: A Calvin and Hobbes Treasury,Bill Watterson,4.65,1249,4.296553443602111
1011,People of the Book,Geraldine Brooks,4.0,1493,3.954519612666969
1012,The Secret Keeper,Kate Morton,4.13,1239,3.9745452323162103
1013,Better Homes and Gardens New Cook Book  ,Better Homes and Gardens,4.14,627,3.9814182927807265
1014,"So Long, and Thanks for All the Fish (Hitchhiker's Guide to the Galaxy, #4)",Douglas Adams,4.08,1513,3.9474315080171563
1015,Steppenwolf,"Hermann Hesse, Basil Creighton",4.11,1051,3.9316171203077164
1016,"The Surgeon (Rizzoli & Isles, #1)",Tess Gerritsen,4.1,784,3.923849351190046
1017,The Girl You Left Behind,Jojo Moyes,3.95,1059,3.930075148726212
1018,"Royal Assassin (Farseer Trilogy, #2)",Robin Hobb,4.21,1289,4.032161859856076
1019,Childhood's End,Arthur C. Clarke,4.09,1231,3.9487485093280004
1020,The Tale of Despereaux,"Kate DiCamillo, Timothy Basil Ering",4.0,1170,3.924017053373019
1021,"Animal, Vegetable, Miracle: A Year of Food Life","Barbara Kingsolver, Steven L. Hopp, Camille Kingsolver, Richard A. Houser",4.03,1183,3.9210499219492263
1022,"Heir of Fire (Throne of Glass, #3)",Sarah J. Maas,4.53,1293,4.215265952590712
1023,"Lord of Chaos (Wheel of Time, #6)",Robert Jordan,4.1,1456,3.94250171852316
1024,"The Sweetness at the Bottom of the Pie (Flavia de Luce, #1)",Alan Bradley,3.81,1283,3.802873089166
1025,Blue Like Jazz: Nonreligious Thoughts on Christian Spirituality,Donald Miller,3.92,701,3.8875337694905685
1026,"A Breath of Snow and Ashes (Outlander, #6)",Diana Gabaldon,4.43,1250,4.106331432556724
1027,"The Blood of Olympus (The Heroes of Olympus, #5)",Rick Riordan,4.41,1179,4.092153299937527
1028,Truly Madly Guilty,Liane Moriarty,3.55,1308,3.7067947114667072
1029,"Saga, Vol. 1 (Saga, #1)","Brian K. Vaughan, Fiona Staples",4.25,745,4.139935220766949
1030,The Art of Fielding,Chad Harbach,3.99,1361,3.9277603118650326
1031,A Moveable Feast,Ernest Hemingway,4.04,1137,3.949258741010058
1032,"Fablehaven (Fablehaven, #1)",Brandon Mull,4.08,1055,3.8932659063850967
1033,"The Wide Window (A Series of Unfortunate Events, #3)","Lemony Snicket, Brett Helquist",3.91,1285,3.8521142581197454
1034,"Grave Peril (The Dresden Files, #3)",Jim Butcher,4.18,1406,4.011374272336004
1035,Einstein: His Life and Universe,Walter Isaacson,4.08,407,3.934112820854663
1036,"Effortless (Thoughtless, #2)",S.C. Stephens,4.37,736,4.038833836321352
1037,The Street Lawyer,John Grisham,3.81,1380,3.795108885889391
1038,"Roll of Thunder, Hear My Cry (Logans, #4)",Mildred D. Taylor,3.79,1216,3.8687214791731455
1039,"Pride and Prejudice and Zombies (Pride and Prejudice and Zombies, #1)","Seth Grahame-Smith, Jane Austen",3.28,1375,3.5297684344470737
1040,Let's Explore Diabetes with Owls,David Sedaris,3.8,1209,3.7976048552055444
1041,The Idiot,"Fyodor Dostoyevsky, Constance Garnett, Alan Myers, Joseph Frank, Anna Brailovsky",4.18,983,3.97338199997347
1042,Dirk Gently's Holistic Detective Agency (Dirk Gently #1),Douglas Adams,3.97,1427,3.9004400262887304
1043,"Rodrick Rules (Diary of a Wimpy Kid, #2)",Jeff Kinney,4.1,487,3.9168819531833545
1044,Why Not Me?,Mindy Kaling,3.89,1052,3.8411581241511477
1045,"Four: A Divergent Story Collection (Divergent, #0.1 - 0.4)",Veronica Roth,4.1,848,3.928224266894743
1046,Modern Romance,"Aziz Ansari, Eric Klinenberg",3.85,1037,3.845495548884953
1047,The One and Only Ivan,"Katherine Applegate, Patricia Castelao",4.24,632,4.042717696045139
1048,The Perfect Storm: A True Story of Men Against the Sea,Sebastian Junger,4.07,1142,3.937741584008357
1049,"Elantris (Elantris, #1)",Brandon Sanderson,4.17,1256,3.9870366049101538
1050,"The Knife of Never Letting Go (Chaos Walking, #1)",Patrick Ness,3.96,1079,3.8700558936584812
1051,One Thousand White Women: The Journals of May Dodd (One Thousand White Women#1),Jim Fergus,3.88,1218,3.860908677205774
1052,Handle with Care,Jodi Picoult,3.96,1058,3.8697302776851212
1053,"Song of Susannah (The Dark Tower, #6)","Stephen King, Darrel Anderson",3.98,1572,3.9071384952739914
1054,"Reached (Matched, #3)",Ally Condie,3.56,1256,3.6664685303708935
1055,Midnight's Children,Salman Rushdie,3.99,1281,3.878689018219074
1056,The Zombie Survival Guide: Complete Protection from the Living Dead,Max Brooks,3.86,1016,3.8280823569378533
1057,The Testament,John Grisham,3.83,1393,3.780988334256638
1058,"Murder at the Vicarage (Miss Marple, #1)",Agatha Christie,4.03,964,3.9358379333780755
1059,"Among the Hidden (Shadow Children, #1)",Margaret Peterson Haddix,3.97,875,3.894135785794097
1060,In Defense of Food: An Eater's Manifesto,Michael Pollan,4.07,1129,3.9763639546800364
1061,The Witch of Blackbird Pond,Elizabeth George Speare,3.97,1649,3.930165511095539
1062,"The Heir (The Selection, #4)",Kiera Cass,3.85,1091,3.7822468544633496
1063,"Shopaholic Ties the Knot (Shopaholic, #3)",Sophie Kinsella,3.77,1048,3.746181968560161
1064,The Woman in White,"Wilkie Collins, Matthew Sweet",3.98,1178,3.9204584999968652
1065,"Career of Evil (Cormoran Strike, #3)","Robert Galbraith, J.K. Rowling",4.21,1388,4.03559447126216
1066,"The Summer I Turned Pretty (Summer, #1)",Jenny Han,3.96,792,3.8359363588412556
1067,"Four to Score (Stephanie Plum, #4)",Janet Evanovich,4.17,1277,3.9790083752665963
1068,The Color of Water: A Black Man's Tribute to His White Mother,James McBride,4.06,1102,3.9554910750307175
1069,"SuperFreakonomics: Global Cooling, Patriotic Prostitutes And Why Suicide Bombers Should Buy Life Insurance","Steven D. Levitt, Stephen J. Dubner",3.95,853,3.8924985395871774
1070,"Darkfever (Fever, #1)",Karen Marie Moning,4.14,1107,3.9875037295250326
1071,"Stone of Tears (Sword of Truth, #2)",Terry Goodkind,4.1,1128,3.9408297364045435
1072,Heart of the Matter,Emily Giffin,3.73,796,3.7613810051827183
1073,Vanity Fair,"William Makepeace Thackeray, John Carey",3.76,1335,3.797804349597506
1074,The Sirens of Titan,Kurt Vonnegut Jr.,4.16,1184,3.9934091615034504
1075,Dolores Claiborne,"Stephen King, Dominique Dill",3.81,1752,3.7416421513974036
1076,The Nest,Cynthia D'Aprix Sweeney,3.45,1280,3.648180010788362
1077,"Fables, Vol. 1: Legends in Exile","Bill Willingham, Lan Medina, Steve Leialoha, Craig Hamilton, James Jean",3.99,860,4.005595883224333
1078,Getting Things Done: The Art of Stress-Free Productivity,David    Allen,3.98,481,3.9177856380801823
1079,"The Celestine Prophecy (Celestine Prophecy, #1)",James Redfield,3.6,1067,3.6041548883293766
1080,My Life Next Door,Huntley Fitzpatrick,4.02,685,3.911229979382731
1081,Winter of the World (The Century Trilogy #2),Ken Follett,4.29,1130,4.038270908774881
1082,Colorless Tsukuru Tazaki and His Years of Pilgrimage,"Haruki Murakami, Philip Gabriel",3.82,887,3.8579873654247603
1083,Lucky,Alice Sebold,3.77,1097,3.781064102464588
1084,To the Lighthouse,Virginia Woolf,3.76,1315,3.7609174369986
1085,Five Point Someone,Chetan Bhagat,3.43,412,3.7251882688831297
1086,"Guilty Pleasures (Anita Blake, Vampire Hunter, #1)",Laurell K. Hamilton,4.02,1201,3.9245862682327335
1087,I Am the Messenger,Markus Zusak,4.09,1065,3.9552029931602046
1088,Far from the Madding Crowd,"Thomas Hardy, Rosemarie Morgan, Shannon Russell",3.92,1258,3.89969129333659
1089,"Equal Rites (Discworld, #3; Witches #1)",Terry Pratchett,4.0,1336,3.908761785376389
1090,House of Leaves,Mark Z. Danielewski,4.13,1012,3.963698983050954
1091,"Cruel & Unusual (Kay Scarpetta, #4)",Patricia Cornwell,4.11,1017,3.9583203388443122
1092,Sycamore Row,John Grisham,3.98,1134,3.886539031475006
1093,"Awakened (House of Night, #8)","P.C. Cast, Kristin Cast",4.02,934,3.8829008563319336
1094,My Ántonia,Willa Cather,3.76,1638,3.803220835447825
1095,"Life As We Knew It (Last Survivors, #1)",Susan Beth Pfeffer,3.89,889,3.8581246221150183
1096,America (The Book): A Citizen's Guide to Democracy Inaction,"Jon Stewart, Ben Karlin, David Javerbaum, Rich Bloomquist, Steve Bodow, Tim Carvell, Eric Drysdale, J.R. Havlan, Scott Jacobson, Tom Johnson, Rob Kutner, Chris Regan, Jason Reich, Jason Ross, Stephen Colbert, Samantha Bee, Rob Corddry, Brendan Hay, Ed Helms",4.02,1242,3.9576506958438706
1097,90 Minutes in Heaven: A True Story of Death and Life,"Don Piper, Cecil Murphey",3.91,564,3.858635143348396
1098,The Longest Ride,Nicholas Sparks,4.14,848,3.9321684566102686
1099,Tao Te Ching,"Lao Tzu, Gia-Fu Feng, Jane English, Chungliang Al Huang, Rowena Pattee Kryder, Toinette Lippe",4.31,925,4.081421783376529
1100,"Kane and Abel (Kane and Abel, #1)",Jeffrey Archer,4.27,880,4.0137927877215
1101,Change of Heart,Jodi Picoult,3.91,1084,3.828387263411477
1102,Dry,Augusten Burroughs,4.01,907,3.9024659993975983
1103,Sam's Letters to Jennifer,James Patterson,4.15,766,3.9287968352990843
1104,"Grey (Fifty Shades, #4)",E.L. James,3.76,683,3.730272785135302
1105,Dune Messiah (Dune Chronicles #2),Frank Herbert,3.86,1293,3.84288896637796
1106,The Great Divorce,C.S. Lewis,4.28,793,4.041766219298944
1107,Little Earthquakes,Jennifer Weiner,3.76,962,3.781271194763855
1108,The Complete Fairy Tales,"Hans Christian Andersen, Lily Owens, Arthur Rackham, Hans Richter",4.28,1447,4.1040677808178
1109,"New Moon: The Complete Illustrated Movie Companion (The Twilight Saga: The Official Illustrated Movie Companion, #2)",Mark Cotta Vaz,4.34,361,3.9606937523795542
1110,"Maybe Someday (Maybe, #1)",Colleen Hoover,4.33,1073,4.085393547482628
1111,Mr. Maybe,Jane Green,3.41,616,3.716315359651844
1112,"Anne of the Island (Anne of Green Gables, #3)",L.M. Montgomery,4.21,1209,4.044120571105599
1113,Thus Spoke Zarathustra,"Friedrich Nietzsche, Walter Kaufmann",4.05,736,3.9177671974860973
1114,North and South,"Elizabeth Gaskell, Alan Shelston",4.13,937,3.976109800473531
1115,A Stolen Life,Jaycee Dugard,3.89,653,3.8398610595879603
1116,"The Immortals of Meluha (Shiva Trilogy, #1)",Amish Tripathi,4.0,391,3.8774373324906812
1117,"The Lost World (Jurassic Park, #2)",Michael Crichton,3.72,1414,3.7075963768810887
1118,"Requiem (Delirium, #3)",Lauren Oliver,3.74,1161,3.7469001326368288
1119,"A Crown of Swords (Wheel of Time, #7)",Robert Jordan,4.0,1381,3.868979534042325
1120,Aesop's Fables,"Aesop, Laura Harris, Laura Gibbs",4.05,1548,3.979993871840563
1121,"Blood Meridian, or the Evening Redness in the West",Cormac McCarthy,4.18,1038,3.962321273291533
1122,"Finale (Hush, Hush, #4)",Becca Fitzpatrick,4.22,813,3.9610782524169004
1123,Skeleton Crew,Stephen King,3.93,1535,3.876778728148863
1124,Lullaby,Chuck Palahniuk,3.73,985,3.791907486511157
1125,2 States: The Story of My Marriage,Chetan Bhagat,3.42,338,3.7223323984341743
1126,"Vampire Knight, Vol. 1 (Vampire Knight, #1)","Matsuri Hino, Tomo Kimura",4.1,587,3.8848057944562937
1127,"Summer Knight (The Dresden Files, #4)",Jim Butcher,4.3,1316,4.086294628266877
1128,"Dragonflight (Dragonriders of Pern, #1)","Anne McCaffrey, Teodor Panasiński",4.1,1271,3.95040071820773
1129,"The History of the Hobbit, Part One: Mr. Baggins","John D. Rateliff, J.R.R. Tolkien",3.81,125,3.916813974214822
1130,Ugly Love,Colleen Hoover,4.3,1008,4.073306804616647
1131,"Chocolat (Chocolat, #1)",Joanne Harris,3.95,1319,3.9085413037821017
1132,The Amityville Horror,Jay Anson,3.82,1066,3.7811589193529835
1133,The English Patient,Michael Ondaatje,3.88,1694,3.8686348956415846
1134,"Gabriel's Rapture (Gabriel's Inferno, #2)",Sylvain Reynard,4.22,606,3.964405352148355
1135,Dubliners,"James Joyce, Jeri Johnson",3.85,1313,3.853373954414875
1136,Let the Great World Spin,Colum McCann,3.93,1267,3.8792208885476267
1137,"The Eternity Code (Artemis Fowl, #3)",Eoin Colfer,4.04,1118,3.9162064484804455
1138,Tell No One,Harlan Coben,4.11,998,3.9662201168537883
1139,The Tommyknockers,Stephen King,3.48,1616,3.609275571484679
1140,"Hex Hall (Hex Hall, #1)",Rachel Hawkins,3.96,880,3.8706097561241606
1141,Steal Like an Artist: 10 Things Nobody Told You About Being Creative,Austin Kleon,3.86,315,3.925377703833751
1142,Cryptonomicon,Neal Stephenson,4.25,1184,4.012442279128117
1143,"Beautiful Bastard (Beautiful Bastard, #1)",Christina Lauren,4.05,866,3.9122402778393233
1144,Prodigal Summer,Barbara Kingsolver,3.98,1216,3.8812407797615522
1145,We Were the Mulvaneys,Joyce Carol Oates,3.7,1280,3.7640195425527807
1146,Understanding Comics: The Invisible Art,Scott McCloud,3.98,457,3.974602870911016
1147,"Beautiful Darkness (Caster Chronicles, #2)","Kami Garcia, Margaret Stohl",3.84,1028,3.80682755085025
1148,The Psychopath Test: A Journey Through the Madness Industry,Jon Ronson,3.91,730,3.8965697956041496
1149,Vanishing Acts,Jodi Picoult,3.68,1054,3.7544722197299407
1150,Absolute Power,David Baldacci,4.15,1083,3.9524664342078415
1151,"Hot Six (Stephanie Plum, #6)",Janet Evanovich,4.18,1211,3.969228988643252
1152,The Time Keeper,Mitch Albom,3.85,874,3.838590897406711
1153,"A Dirty Job (Grim Reaper, #1)",Christopher Moore,4.08,1055,3.959028891219347
1154,Moneyball: The Art of Winning an Unfair Game,Michael   Lewis,4.24,766,4.042859415579617
1155,"The Amulet of Samarkand (Bartimaeus, #1)",Jonathan Stroud,3.99,1216,3.91253903123257
1156,I Am America (And So Can You!),"Stephen Colbert, Richard Dahm, Paul Dinello, Allison Silverman, Michael Brumm, Eric Drydale, Rob Dubbin, Glenn Eichler, Peter Grosz, Peter Gwinn, Jay Katsir, Laura Krafft, Frank Lesser, Tom Purcell",3.91,1041,3.8475745196698363
1157,The One Minute Manager,"Kenneth H. Blanchard, Spencer Johnson",3.85,589,3.835198824700507
1158,Exodus,Leon Uris,4.33,1329,4.119323030543422
1159,Stones from the River,Ursula Hegi,4.07,1237,3.923640955008732
1160,"The Big Sleep (Philip Marlowe, #1)",Raymond Chandler,4.04,1128,3.958158506495086
1161,Cannery Row,John Steinbeck,4.02,1332,3.940061808121087
1162,Seriously... I'm Kidding,Ellen DeGeneres,3.72,657,3.734075698330489
1163,"The Miserable Mill (A Series of Unfortunate Events, #4)","Lemony Snicket, Brett Helquist",3.83,1154,3.817254543350301
1164,The Snow Child,Eowyn Ivey,3.95,1109,3.890541772831261
1165,"Wait for You (Wait for You, #1)","J. Lynn, Jennifer L. Armentrout",4.19,873,3.993871952731022
1166,"The Last Straw (Diary of a Wimpy Kid, #3)",Jeff Kinney,4.11,438,3.918072842206394
1167,The Divine Comedy,"Dante Alighieri, Allen Mandelbaum, Eugenio Montale",4.06,1307,3.924985840285694
1168,The Tao of Pooh,"Benjamin Hoff, Ernest H. Shepard",4.01,1166,3.9498858971753856
1169,"Onyx (Lux, #2)",Jennifer L. Armentrout,4.33,1046,4.071606378539553
1170,"Unravel Me (Shatter Me, #2)",Tahereh Mafi,4.28,813,4.028303456851757
1171,The Birth of Venus,Sarah Dunant,3.79,1056,3.819978214256856
1172,"The Opal Deception  (Artemis Fowl, #4)",Eoin Colfer,4.04,1049,3.9127157764960336
1173,"The Girl in the Spider's Web (Millennium, #4)","David Lagercrantz, Stieg Larsson, George Goulding",3.73,1094,3.7684638264708292
1174,The Girls,Emma Cline,3.49,1105,3.6623713650473055
1175,"The Goose Girl (The Books of Bayern, #1)",Shannon Hale,4.18,947,3.996435519457814
1176,Mystic River,Dennis Lehane,4.19,1257,4.022737160194727
1177,"Warm Bodies (Warm Bodies, #1)",Isaac Marion,3.93,751,3.8738762908624285
1178,The Prince and the Pauper,"Mark Twain, Everett H. Emerson",3.84,1435,3.8732142700809113
1179,The Moon is a Harsh Mistress,Robert A. Heinlein,4.17,1138,4.012689160394516
1180,The Forty Rules of Love,"Elif Shafak, إليف شافاق, ارسلان فصیحی, محمد درويش",4.17,511,3.9854651927763296
1181,"High Five (Stephanie Plum, #5)",Janet Evanovich,4.17,1201,3.974978910906903
1182,Joyland,Stephen King,3.9,1036,3.9094965846422447
1183,"Attack on Titan, Vol. 1 (Attack on Titan, #1)","Hajime Isayama, Sheldon Drzka",4.42,238,3.989718170022285
1184,Tender Is the Night,F. Scott Fitzgerald,3.83,1201,3.8284203084628596
1185,Cold Sassy Tree,Olive Ann Burns,3.99,1357,3.9390758997921442
1186,The Glass Menagerie,Tennessee Williams,3.67,1527,3.756368810454182
1187,My Brilliant Friend (The Neapolitan Novels #1),"Elena Ferrante, Ann Goldstein",3.88,1093,3.851501025180402
1188,The 4-Hour Workweek,Timothy Ferriss,3.84,510,3.8357790217964904
1189,The Monk Who Sold His Ferrari: A Fable About Fulfilling Your Dreams  Reaching Your Destiny,Robin S. Sharma,3.77,353,3.828746677455558
1190,Rules of Civility,Amor Towles,3.99,1136,3.9466464968020585
1191,"Ringworld (Ringworld, #1)",Larry Niven,3.96,1065,3.8901782748597546
1192,Between Shades of Gray,Ruta Sepetys,4.36,827,4.0589933146727475
1193,Frindle,"Andrew Clements, Brian Selznick",3.79,783,3.849955320400656
1194,"Dog Days (Diary of a Wimpy Kid, #4)",Jeff Kinney,4.14,406,3.9233545234461378
1195,The Round House,Louise Erdrich,3.91,1222,3.9098436001093155
1196,"A Wind in the Door (A Wrinkle in Time Quintet, #2)",Madeleine L'Engle,4.07,1445,4.013109846700418
1197,"Free Four: Tobias Tells the Divergent Knife-Throwing Scene (Divergent, #1.5)",Veronica Roth,4.18,642,3.9316343524900437
1198,A Little Life,Hanya Yanagihara,4.27,1012,4.063137928450763
1199,"Y: The Last Man, Vol. 1: Unmanned","Brian K. Vaughan, Pia Guerra, José Marzán Jr.",4.12,914,4.030280896023783
1200,"The Alloy of Law (Mistborn, #4)",Brandon Sanderson,4.2,1195,4.028382638211008
1201,"Dead Reckoning (Sookie Stackhouse, #11)",Charlaine Harris,3.77,1384,3.7919187616669685
1202,The Accidental Tourist,"Anne Tyler, Jennifer Bassett",3.9,1483,3.8646105510241457
1203,"Aristotle and Dante Discover the Secrets of the Universe (Aristotle and Dante Discover the Secrets of the Universe, #1)",Benjamin Alire Sáenz,4.34,817,4.063294087289144
1204,The Invisible Man,H.G. Wells,3.62,1189,3.7456705695954957
1205,Hard-Boiled Wonderland and the End of the World,"Haruki Murakami, Alfred Birnbaum",4.15,850,3.978533852407333
1206,By the River Piedra I Sat Down and Wept,"Paulo Coelho, Alan R. Clarke",3.57,644,3.7288917834471347
1207,The Swiss Family Robinson  ,"Johann David Wyss, Scott McKowen, Arthur Pober",3.92,1346,3.9051645808267454
1208,Four Past Midnight ,Stephen King,3.9,1474,3.8441838829607082
1209,"The Marriage Bargain (Marriage to a Billionaire, #1)",Jennifer Probst,3.81,712,3.806276637183643
1210,"Anne of Avonlea (Anne of Green Gables, #2)",L.M. Montgomery,4.21,1326,4.044454885904563
1211,The Little Engine That Could,"Watty Piper, Doris Hauman, George Hauman",4.15,1193,4.027563848035481
1212,We Are All Completely Beside Ourselves,Karen Joy Fowler,3.71,1035,3.8358765316402326
1213,"Children of the Mind (Ender's Saga, #4)",Orson Scott Card,3.74,1237,3.75320286292252
1214,Ulysses,James Joyce,3.74,1369,3.7412690858441957
1215,Someone Like You,Sarah Dessen,3.94,720,3.85445312873894
1216,Moloka'i,Alan Brennert,4.15,1019,3.974272396009006
1217,"The Witching Hour (Lives of the Mayfair Witches, #1)",Anne Rice,4.1,1296,3.957766539006828
1218,"This Present Darkness (Darkness, #1)",Frank E. Peretti,4.24,658,3.9724839691794633
1219,"The Coincidence of Callie & Kayden (The Coincidence, #1)",Jessica Sorensen,4.21,817,3.9721710712174474
1220,Fates and Furies,Lauren Groff,3.56,1187,3.750524766840961
1221,Summer Sisters,Judy Blume,3.83,1020,3.7861279282564233
1222,Stuart Little,"E.B. White, Garth Williams",3.88,1314,3.8638565050485534
1223,"The Foundation Trilogy (Foundation, #1-3)",Isaac Asimov,4.39,1150,4.109607037953314
1224,"The Elegant Universe: Superstrings, Hidden Dimensions, and the Quest for the Ultimate Theory",Brian Greene,4.06,696,3.9623819647938
1225,"The Austere Academy (A Series of Unfortunate Events, #5)","Lemony Snicket, Brett Helquist",3.97,1101,3.8905962742921174
1226,"Seven Up (Stephanie Plum, #7)",Janet Evanovich,4.15,1179,3.9726263215964934
1227,"The Awakening (Darkest Powers, #2)",Kelley Armstrong,4.16,811,3.9419561495217232
1228,"Death Masks (The Dresden Files, #5)",Jim Butcher,4.32,1245,4.070678794599681
1229,Stellaluna,Janell Cannon,4.22,967,4.058406967141344
1230,Before They Are Hanged (The First Law #2),Joe Abercrombie,4.27,970,4.01135529021188
1231,Loving Frank,Nancy Horan,3.73,1136,3.799428951579073
1232,"Hard Eight (Stephanie Plum, #8)","Janet Evanovich, Lorelei King",4.17,1170,3.973797932409738
1233,"The Vile Village (A Series of Unfortunate Events, #7)","Lemony Snicket, Brett Helquist",3.94,1022,3.868508959062165
1234,Sybil: The Classic True Story of a Woman Possessed by Sixteen Personalities,Flora Rheta Schreiber,3.99,1084,3.932613735168753
1235,Cosmos,Carl Sagan,4.35,777,4.046194901416547
1236,Haunted,Chuck Palahniuk,3.59,917,3.725083335976068
1237,The Shell Seekers,Rosamunde Pilcher,4.13,1087,3.9657818905934845
1238,What Is the What,Dave Eggers,4.16,1002,3.980945461459289
1239,Chronicle of a Death Foretold,"Gabriel García Márquez, Gregory Rabassa",3.95,774,3.9081089293059446
1240,"A Scandal in Bohemia (The Adventures of Sherlock Holmes, #1)","Ronald Holt, Arthur Conan Doyle",4.22,640,4.03428955696457
1241,Killing Lincoln: The Shocking Assassination that Changed America Forever,"Bill O'Reilly, Martin Dugard",4.02,577,3.9182935642989856
1242,The Lowland,Jhumpa Lahiri,3.82,1066,3.8706393983629113
1243,"The Ruins of Gorlan (Ranger's Apprentice, #1)",John Flanagan,4.2,842,3.9670757457066745
1244,Wintergirls,Laurie Halse Anderson,3.98,671,3.8770686979650013
1245,The Brethren,John Grisham,3.71,1276,3.7668921876572923
1246,"Assassin's Quest (Farseer Trilogy, #3)",Robin Hobb,4.18,1142,3.9842472034373717
1247,Rosemary's Baby,Ira Levin,3.96,1083,3.9193289800479865
1248,"The Talisman (The Talisman, #1)","Stephen King, Peter Straub",4.12,1507,3.9729904664691724
1249,"The Path of Daggers (Wheel of Time, #8)",Robert Jordan,3.9,1293,3.827524877913156
1250,The Dharma Bums,Jack Kerouac,3.94,818,3.85908886580724
1251,"The Reckoning (Darkest Powers, #3)",Kelley Armstrong,4.21,724,3.985515559808123
1252,"Behind the Beautiful Forevers: Life, Death, and Hope in a Mumbai Undercity",Katherine Boo,3.97,1118,3.9283893662892604
1253,"Mary Poppins (Mary Poppins, #1)","P.L. Travers, Mary Shepard",4.05,1089,3.9900485967226045
1254,"Red Seas Under Red Skies (Gentleman Bastard, #2)",Scott Lynch,4.23,954,4.015188717866564
1255,The House on Mango Street,Sandra Cisneros,3.57,1103,3.7124413263883884
1256,City of Thieves,David Benioff,4.28,1089,4.068486881656284
1257,"Halfway to the Grave (Night Huntress, #1)",Jeaniene Frost,4.18,954,3.999726973969268
1258,The Twits,"Roald Dahl, Quentin Blake",3.94,1098,3.9018642323410466
1259,"Abhorsen (Abhorsen, #3)",Garth Nix,4.29,913,4.064690813807198
1260,The Beach House,"James Patterson, Peter de Jonge",3.82,950,3.8283890909931024
1261,The Eyes of the Dragon,Stephen King,3.92,1452,3.8884691260656488
1262,Children of Dune (Dune Chronicles #3),Frank Herbert,3.9,1171,3.869611398180839
1263,"Leviathan Wakes (The Expanse, #1)",James S.A. Corey,4.2,891,3.971234143070829
1264,"Queen of Shadows (Throne of Glass, #4)",Sarah J. Maas,4.6,1078,4.227346800931057
1265,"Maus II: A Survivor's Tale: And Here My Troubles Began (Maus, #2)",Art Spiegelman,4.41,1002,4.165613014041427
1266,The Snowy Day,Ezra Jack Keats,4.13,961,3.999260860478498
1267,"To the Nines (Stephanie Plum, #9)",Janet Evanovich,4.16,1138,3.9609270933626393
1268,Where We Belong,Emily Giffin,3.86,784,3.8174501250026003
1269,The Hot Zone: The Terrifying True Story of the Origins of the Ebola Virus,Richard   Preston,4.1,1023,3.9375560661474185
1270,Sputnik Sweetheart,"Haruki Murakami, Philip Gabriel",3.82,685,3.854402659380586
1271,The Signature of All Things,Elizabeth Gilbert,3.81,930,3.853299189945793
1272,"Eats, Shoots & Leaves: The Zero Tolerance Approach to Punctuation",Lynne Truss,3.86,1382,3.8713723141484633
1273,"Dead Witch Walking (The Hollows, #1)",Kim Harrison,4.04,989,3.9448749737438837
1274,The Night Before Christmas,"Clement C. Moore, Jan Brett",4.36,1076,4.108326588016934
1275,"An Echo in the Bone (Outlander, #7)",Diana Gabaldon,4.42,1031,4.089276570588616
1276,"Unearthly (Unearthly, #1)",Cynthia Hand,4.06,711,3.94681820998393
1277,The Case for Christ,Lee Strobel,4.1,581,3.9241567481647683
1278,"Knife of Dreams (Wheel of Time, #11)",Robert Jordan,4.12,1162,3.9621813092014717
1279,Hoot,Carl Hiaasen,3.81,861,3.843931455710874
1280,The Aeneid,"Virgil, Robert Fitzgerald",3.81,1206,3.832970406295355
1281,This Is How You Lose Her,Junot Díaz,3.75,964,3.778210735691185
1282,After Dark,"Haruki Murakami, Jay Rubin",3.68,752,3.8123569220838416
1283,Ishmael:A Novel,Daniel Quinn,3.97,857,3.8333172731274763
1284,"It's Not Summer Without You (Summer, #2)",Jenny Han,4.14,572,3.9408875652243385
1285,"Pushing the Limits (Pushing the Limits, #1)",Katie McGarry,4.08,673,3.940331991875362
1286,Quidditch Through the Ages,"Kennilworthy Whisp, J.K. Rowling",3.85,954,3.8348017057314374
1287,"Miss Nelson Is Missing! (Miss Nelson, #1)","Harry Allard, James  Marshall",4.26,897,4.04834028813489
1288,The Long Walk,"Richard Bachman, Stephen King",4.11,1259,3.9866425944093002
1289,"The Ersatz Elevator (A Series of Unfortunate Events, #6)","Lemony Snicket, Brett Helquist",4.01,1072,3.89495949941953
1290,"Messenger (The Giver, #3)",Lois Lowry,3.9,1100,3.848887111582953
1291,"Lover Revealed (Black Dagger Brotherhood, #4)",J.R. Ward,4.3,982,4.034415798243818
1292,'Salem's Lot,"Stephen King, Jerry N. Uelsmann",4.25,1046,4.049596766178237
1293,"The Mysterious Benedict Society (The Mysterious Benedict Society, #1)","Trenton Lee Stewart, Carson Ellis",4.14,936,3.942076870265372
1294,god is Not Great: How Religion Poisons Everything,Christopher Hitchens,3.96,757,3.900076023611525
1295,"Never Too Far (Rosemary Beach, #2; Too Far, #2)",Abbi Glines,4.21,899,4.008376511586883
1296,State of Fear,Michael Crichton,3.69,1117,3.7363937145965296
1297,The Statistical Probability of Love at First Sight,Jennifer E. Smith,3.8,629,3.8217085505679584
1298,"The Golem's Eye (Bartimaeus, #2)",Jonathan Stroud,4.09,835,3.978870282609342
1299,Still Life with Woodpecker,Tom Robbins,4.04,1047,3.921616881669559
1300,Those Who Save Us,Jenna Blum,4.12,927,3.9479985196899383
1301,The Broker,John Grisham,3.77,1120,3.77586283551824
1302,"Across the Universe (Across the Universe, #1)",Beth Revis,3.78,847,3.792540462952008
1303,"The Road Less Traveled: A New Psychology of Love, Traditional Values, and Spiritual Growth",M. Scott Peck,4.03,811,3.8987682822993053
1304,"Blood Rites (The Dresden Files, #6)",Jim Butcher,4.33,1187,4.0817037471138455
1305,"The Boxcar Children (The Boxcar Children, #1)","Gertrude Chandler Warner, L. Kate Deal",4.09,1117,3.977981665669528
1306,The Silent Wife,A.S.A. Harrison,3.3,979,3.5820021676203435
1307,How to Be a Woman,Caitlin Moran,3.73,675,3.807803201931012
1308,"A Court of Mist and Fury (A Court of Thorns and Roses, #2)",Sarah J. Maas,4.72,933,4.272283764984908
1309,Life,Keith Richards,3.84,558,3.871378519555087
1310,Unaccustomed Earth,Jhumpa Lahiri,4.11,1048,4.006918853180723
1311,The Pilot's Wife,Anita Shreve,3.5,1207,3.6445429064393275
1312,White Noise,Don DeLillo,3.86,997,3.8444942270438647
1313,"Band of Brothers: E Company, 506th Regiment, 101st Airborne from Normandy to Hitler's Eagle's Nest",Stephen E. Ambrose,4.42,732,4.09329983817529
1314,The Origin of Species,Charles Darwin,3.97,822,3.924795125876546
1315,Blankets,Craig Thompson,4.06,725,3.9661036480043075
1316,The Story of Edgar Sawtelle,David Wroblewski,3.6,1266,3.7303753752780144
1317,Drowning Ruth,Christina Schwarz,3.73,1072,3.7622063137870647
1318,Post Office,Charles Bukowski,4.01,608,3.9269794109168523
1319,"All the Pretty Horses (The Border Trilogy, #1)",Cormac McCarthy,3.97,1130,3.8984622259198405
1320,"The Complete Sherlock Holmes, Vol 2","Arthur Conan Doyle, Kyle Freeman",4.46,1003,4.139887913041088
1321,"One Piece, Volume 01: Romance Dawn (One Piece, #1)","Eiichirō Oda, Andy Nakatani",4.42,400,3.99140497408252
1322,"The Last Unicorn (The Last Unicorn, #1)",Peter S. Beagle,4.18,1052,4.02124144628527
1323,"Magyk (Septimus Heap, #1)",Angie Sage,3.8,947,3.7928911204543825
1324,Fever 1793,Laurie Halse Anderson,3.89,800,3.8855816192206265
1325,"The Likeness (Dublin Murder Squad, #2)",Tana French,4.05,975,3.9459088203696036
1326,Dead Wake: The Last Crossing of the Lusitania,Erik Larson,4.07,1000,3.9749655004093967
1327,The Jungle Book,Rudyard Kipling,3.94,1026,3.967102062522144
1328,"I Am Pilgrim (Pilgrim, #1)",Terry Hayes,4.23,713,3.9912413672120675
1329,Howl and Other Poems,"Allen Ginsberg, William Carlos Williams",4.14,869,3.9875163619492544
1330,Don't Sweat the Small Stuff ... and it's all small stuff: Simple Ways to Keep the Little Things from Taking Over Your Life,Richard Carlson,3.95,764,3.9199800856568467
1331,Go the Fuck to Sleep,"Adam Mansbach, Ricardo Cortés",4.26,864,4.0564580935002725
1332,"Mostly Harmless (Hitchhiker's Guide to the Galaxy, #5)",Douglas Adams,3.96,1150,3.9092036564144563
1333,Benjamin Franklin: An American Life,Walter Isaacson,3.96,417,3.923256295337511
1334,The Tiger's Wife,Téa Obreht,3.37,1169,3.6149564893979518
1335,"Poison Study (Study, #1)",Maria V. Snyder,4.16,930,3.960392968081603
1336,"Lover Unbound (Black Dagger Brotherhood, #5)",J.R. Ward,4.33,951,4.045707915611414
1337,"Going Postal (Discworld, #33; Moist von Lipwig, #1)",Terry Pratchett,4.36,1111,4.108854048157206
1338,The Book of Mormon: Another Testament of Jesus Christ,"Anonymous, Joseph Smith Jr.",4.37,735,3.9908198614016643
1339,The Mist,Stephen King,3.92,1219,3.856381978303091
1340,"Dead Beat (The Dresden Files, #7)",Jim Butcher,4.43,1149,4.134983591869921
1341,"Golden Son (Red Rising, #2)",Pierce Brown,4.46,1053,4.114367653491518
1342,"Night Watch (Discworld, #29; City Watch, #6)",Terry Pratchett,4.47,1135,4.162146279334258
1343,"The Light Fantastic (Discworld, #2; Rincewind #2)",Terry Pratchett,3.94,1137,3.883665162276187
1344,What the Dog Saw and Other Adventures,Malcolm Gladwell,3.82,833,3.886960353917751
1345,Pretty Girls,Karin Slaughter,3.95,853,3.870367029234549
1346,"Last Argument of Kings (The First Law, #3)",Joe Abercrombie,4.26,896,4.01898438594741
1347,Revival,Stephen King,3.75,942,3.822087961429868
1348,Horton Hears a Who!,Dr. Seuss,4.16,1132,3.994558353389529
1349,The Blind Side: Evolution of a Game,Michael   Lewis,4.16,502,3.968743553791005
1350,"Lirael (Abhorsen, #2)",Garth Nix,4.29,924,4.059600475475269
1351,"School's Out—Forever (Maximum Ride, #2)",James Patterson,4.16,855,3.9348583896932188
1352,"Black Butler, Vol. 1 (Black Butler, #1)","Yana Toboso, Tomo Kimura",4.37,419,3.9915070846886813
1353,"Winter (The Lunar Chronicles, #4)",Marissa Meyer,4.49,1068,4.131840626492286
1354,The Strange Case of Dr. Jekyll and Mr. Hyde and Other Tales of Terror,"Robert Louis Stevenson, Robert Mighall",3.94,1046,3.910352279810721
1355,The Hunger Games Tribute Guide,Emily Seife,4.4,246,4.017119316092412
1356,"The Warded Man (Demon Cycle, #1)",Peter V. Brett,4.27,844,4.021942044431461
1357,The Pilgrim's Progress,John Bunyan,3.98,749,3.849902700742553
1358,"One Shot (Jack Reacher, #9)",Lee Child,4.2,895,3.9968280636739784
1359,"The Serpent's Shadow (Kane Chronicles, #3)",Rick Riordan,4.28,881,3.999232174134094
1360,Duma Key,Stephen King,3.93,1258,3.8476058239521826
1361,The House at Riverton,Kate Morton,3.93,1008,3.8854897777007755
1362,"Winter's Heart (Wheel of Time, #9)",Robert Jordan,3.92,1233,3.8294523186270286
1363,"Proven Guilty (The Dresden Files, #8)",Jim Butcher,4.41,1136,4.126243267513969
1364,"Notes from Underground, White Nights, The Dream of a Ridiculous Man, and Selections from The House of the Dead","Fyodor Dostoyevsky, Andrew R. MacAndrew, Ben Marcus",4.17,804,3.990131169955454
1365,The Heart is a Lonely Hunter,Carson McCullers,3.97,1242,3.8944875864024304
1366,"The Infinite Sea (The 5th Wave, #2)",Rick Yancey,3.94,950,3.854207050904852
1367,The Once and Future King (The Once and Future King #1-4),T.H. White,4.08,1490,4.007271572685694
1368,"Small Gods (Discworld, #13)",Terry Pratchett,4.27,1177,4.064233351946128
1369,"Bud, Not Buddy",Christopher Paul Curtis,3.89,750,3.8696665184388994
1370,Fun Home: A Family Tragicomic,Alison Bechdel,4.12,714,4.014473568359081
1371,Predictably Irrational: The Hidden Forces That Shape Our Decisions,Dan Ariely,4.1,577,3.965525112697096
1372,الفيل الأزرق,أحمد مراد,3.8,387,3.8675539338624434
1373,"The Indian in the Cupboard (The Indian in the Cupboard, #1)",Lynne Reid Banks,3.89,1261,3.8891644945490547
1374,"A Memory of Light (Wheel of Time, #14)","Robert Jordan, Brandon Sanderson",4.5,1006,4.1767448568552386
1375,Me and Earl and the Dying Girl,Jesse Andrews,3.58,716,3.711236239277861
1376,"The Ugly Truth (Diary of a Wimpy Kid, #5)",Jeff Kinney,4.16,355,3.9364406178223197
1377,"Janet Evanovich Three and Four Two-Book Set (Stephanie Plum, #3-4)",Janet Evanovich,4.34,690,4.040858301097474
1378,"The Professor and the Madman: A Tale of Murder, Insanity and the Making of the Oxford English Dictionary",Simon Winchester,3.84,935,3.888156422513406
1379,"2nd Chance (Women's Murder Club, #2)","James Patterson, Andrew Gross",4.01,848,3.884838180023965
1380,"The Complete Maus (Maus, #1-2)",Art Spiegelman,4.53,897,4.179760882175231
1381,"The Eyre Affair (Thursday Next, #1)",Jasper Fforde,3.92,1227,3.8788756202146004
1382,Anne Rice's The Vampire Lestat: A Graphic Novel,"Faye Perozich, Anne Rice, John Bolton, Daerick Gröss",4.17,1028,3.9843396642406406
1383,Sideways Stories from Wayside School (Wayside School #1),"Louis Sachar, Adam McCauley",4.14,1038,3.989369012551326
1384,The Art of Happiness,"Dalai Lama XIV, Howard C. Cutler",4.14,661,3.9573221531214946
1385,The Bone Clocks,David Mitchell,3.81,1042,3.883641848779466
1386,Black and Blue,Anna Quindlen,3.86,973,3.833937342935312
1387,"Origins (The Vampire Diaries: Stefan's Diaries, #1)","L.J. Smith, Kevin Williamson, Julie Plec",4.1,339,3.8817990393882753
1388,The Last Juror,John Grisham,3.85,1104,3.8355808258733997
1389,Diary,Chuck Palahniuk,3.6,795,3.730378818682027
1390,"Eleven on Top (Stephanie Plum, #11)",Janet Evanovich,4.15,1076,3.96428545873448
1391,"Inkspell (Inkworld, #2)","Cornelia Funke, Anthea Bell",3.91,938,3.86187852548865
1392,"Sex, Drugs, and Cocoa Puffs: A Low Culture Manifesto",Chuck Klosterman,3.75,790,3.8301869159735107
1393,Brideshead Revisited: The Sacred and Profane Memories of Captain Charles Ryder,Evelyn Waugh,3.99,1027,3.92453100192208
1394,"White Night (The Dresden Files, #9)",Jim Butcher,4.41,1133,4.1242455714963935
1395,The Miniaturist,Jessie Burton,3.58,681,3.7332065118694504
1396,"Dragons of Autumn Twilight  (Dragonlance: Chronicles, #1)","Margaret Weis, Tracy Hickman",4.03,752,3.909650303028829
1397,"The Lost Colony (Artemis Fowl, #5)",Eoin Colfer,4.01,909,3.9619093861784362
1398,"Extras (Uglies, #4)",Scott Westerfeld,3.59,1065,3.6986671182214437
1399,"The Burning Bridge (Ranger's Apprentice, #2)",John Flanagan,4.28,676,4.012076324162369
1400,"The Book of Life (All Souls Trilogy, #3)",Deborah Harkness,4.15,1022,3.9275381558110185
1401,The Artist's Way: A Spiritual Path to Higher Creativity,Julia Cameron,3.89,470,3.9136019393701797
1402,The Stinky Cheese Man and Other Fairly Stupid Tales,"Jon Scieszka, Lane Smith",4.2,1156,4.025860240783549
1403,Horns,Joe Hill,3.92,885,3.8951325621181456
1404,Catherine the Great: Portrait of a Woman,Robert K. Massie,3.91,501,3.9146001787560856
1405,"The Year of the Flood  (MaddAddam, #2)",Margaret Atwood,4.05,1076,3.931045198130837
1406,Winter Garden,Kristin Hannah,4.13,826,3.946377550985699
1407,The King of Torts,John Grisham,3.67,1146,3.7641822983031457
1408,Lone Survivor: The Eyewitness Account of Operation Redwing and the Lost Heroes of SEAL Team 10,"Marcus Luttrell, Patrick Robinson",4.34,490,3.9924667907217906
1409,The 3 Mistakes of My Life,Chetan Bhagat,2.97,283,3.647657541544869
1410,"The Murder of Roger Ackroyd (Hercule Poirot, #4)",Agatha Christie,4.2,867,4.004111405530508
1411,Native Son,Richard Wright,3.96,1112,3.919040823863633
1412,"Shadow's Edge (Night Angel, #2)",Brent Weeks,4.27,797,3.999705295373796
1413,"Under the Never Sky (Under the Never Sky, #1)",Veronica Rossi,4.01,824,3.911399132137209
1414,"True Believer (Jeremy Marsh & Lexie Darnell, #1)",Nicholas Sparks,3.8,711,3.832082314039342
1415,The Lean Startup: How Today's Entrepreneurs Use Continuous Innovation to Create Radically Successful Businesses,Eric Ries,4.04,268,3.922956073011536
1416,"The Golden Lily (Bloodlines, #2)",Richelle Mead,4.36,882,4.080210095787522
1417,Chasing Harry Winston,Lauren Weisberger,3.32,594,3.6513652034845334
1418,"Magician's Gambit (The Belgariad, #3)",David Eddings,4.13,951,3.9284086147152477
1419,The Stand: Captain Trips,"Roberto Aguirre-Sacasa, Stephen King, Mike Perkins, Laura       Martin",4.43,995,4.136724718679082
1420,The Rise and Fall of the Third Reich: A History of Nazi Germany,William L. Shirer,4.15,624,3.9902551020022208
1421,A Long Way Down,Nick Hornby,3.41,960,3.664260748746721
1422,"Out from Boneville (Bone, #1)","Jeff Smith, Steve Hamaker",4.16,433,3.9928204800983123
1423,Rose Madder,Stephen King,3.66,1286,3.697691797649356
1424,"Die Trying (Jack Reacher, #2)",Lee Child,4.0,917,3.909606294065039
1425,"Beautiful Chaos (Caster Chronicles, #3)","Kami Garcia, Margaret Stohl, Paz Pruneda",3.95,814,3.8588062380497457
1426,Keeping Faith,Jodi Picoult,3.79,884,3.822902330350534
1427,Heart-Shaped Box,Joe Hill,3.82,938,3.842523382213382
1428,"Cabin Fever (Diary of a Wimpy Kid, #6)",Jeff Kinney,4.21,334,3.9401817873225964
1429,"Beyond the Shadows (Night Angel, #3)",Brent Weeks,4.29,785,4.010388887468888
1430,Everyone Worth Knowing,Lauren Weisberger,3.39,655,3.666766893991504
1431,"Redwall (Redwall, #1)",Brian Jacques,4.11,1109,3.968294797773383
1432,The Communist Manifesto,"Karl Marx, Friedrich Engels, Gareth Stedman Jones",3.51,827,3.693327993096501
1433,The Woman in Cabin 10,Ruth Ware,3.67,860,3.746810410499734
1434,The Last of the Mohicans (The Leatherstocking Tales #2),James Fenimore Cooper,3.69,1254,3.787379238607652
1435,Sophie's Choice,William Styron,4.18,1350,4.0713027232117165
1436,"Shopaholic and Sister (Shopaholic, #4)",Sophie Kinsella,3.64,852,3.682830920898788
1437,The Iron Daughter,Julie Kagawa,4.13,772,3.968456323588899
1438,The Prayer of Jabez:  Breaking Through to the Blessed Life,Bruce H. Wilkinson,3.92,492,3.832815452097475
1439,The Age of Miracles,Karen Thompson Walker,3.64,1034,3.7685125233900587
1440,Have a Little Faith: a True Story,Mitch Albom,4.16,642,3.9744374035793264
1441,My Life in France,"Julia Child, Alex Prud'Homme",4.16,769,3.9889279641628312
1442,"The Rosie Effect (Don Tillman, #2)",Graeme Simsion,3.56,897,3.6969225824592535
1443,The Secret of the Nagas (Shiva Trilogy #2),Amish Tripathi,3.98,322,3.8744706653415477
1444,Ham on Rye,Charles Bukowski,4.16,575,3.951812955359544
1445,Flipped,Wendelin Van Draanen,3.94,757,3.8665241730979236
1446,Emotional Intelligence 2.0,"Travis Bradberry, Jean Greaves, Patrick Lencioni",3.81,287,3.85239370308908
1447,Make Way for Ducklings,Robert McCloskey,4.21,1065,4.07233656105759
1448,"Relic (Pendergast, #1)","Douglas Preston, Lincoln Child",4.01,987,3.9300591891028502
1449,Notes from a Small Island,Bill Bryson,3.91,933,3.8866309944364774
1450,"Small Favor (The Dresden Files, #10)",Jim Butcher,4.43,1103,4.1276298692868245
1451,"The Walking Dead, Compendium 1",Robert Kirkman,4.43,476,4.0316472139966235
1452,"Princess Academy (Princess Academy, #1)",Shannon Hale,4.01,927,3.920000607669818
1453,"Everything, Everything","Nicola Yoon, David Yoon",4.11,719,3.933879471669882
1454,Pygmalion,George Bernard Shaw,3.9,1040,3.9033541776078042
1455,Flight Behavior,Barbara Kingsolver,3.75,1006,3.8035115402930098
1456,"Grip of the Shadow Plague (Fablehaven, #3)",Brandon Mull,4.26,611,3.995766918183781
1457,"Bridget Jones: The Edge of Reason (Bridget Jones, #2)",Helen Fielding,3.53,1143,3.6338902769950536
1458,Corelli's Mandolin,Louis de Bernières,3.95,1058,3.920661788206499
1459,"At First Sight (Jeremy Marsh & Lexie Darnell, #2)",Nicholas Sparks,3.81,700,3.8135495828020036
1460,In a Sunburned Country,Bill Bryson,4.05,924,3.9512509055470266
1461,The Memoirs of Sherlock Holmes,Arthur Conan Doyle,4.32,758,4.068316194883458
1462,The Orphan Master's Son,Adam Johnson,4.06,1063,3.987258628156112
1463,"Enchanters' End Game (The Belgariad, #5)",David Eddings,4.17,904,3.9584595694202402
1464,The Complete Persepolis,"Marjane Satrapi, Mattias Ripa, Blake Ferris, Anjali Singh",4.36,812,4.07549931262491
1465,The Chosen,Chaim Potok,4.03,1259,3.943187504834423
1466,The Agony and the Ecstasy,"Irving Stone, שמואל שניצר",4.09,859,4.024722836533422
1467,"The Angel's Game (The Cemetery of Forgotten Books, #2)","Carlos Ruiz Zafón, Lucia Graves",3.86,809,3.843873362762081
1468,"Love, Rosie",Cecelia Ahern,3.95,609,3.862749276556535
1469,Amelia Bedelia  (Amelia Bedelia #1),"Peggy Parish, Fritz Siebel",4.15,1060,3.997954417061379
1470,"This Man (This Man, #1)",Jodi Ellen Malpas,4.13,583,3.928779720151198
1471,"A Dog's Purpose (A Dog's Purpose, #1)",W. Bruce Cameron,4.35,691,3.9884664567640717
1472,"An Ember in the Ashes (An Ember in the Ashes, #1)",Sabaa Tahir,4.32,881,4.058903255490519
1473,"Lover Enshrined (Black Dagger Brotherhood, #6)",J.R. Ward,4.12,872,3.972916864270627
1474,"The Golem and the Jinni (The Golem and the Jinni, #1)",Helene Wecker,4.1,965,3.9848120451883684
1475,الأسود يليق بك,"أحلام مستغانمي, Ahlam Mosteghanemi",3.72,335,3.836611417239231
1476,"The Slippery Slope (A Series of Unfortunate Events, #10)","Lemony Snicket, Brett Helquist",4.0,964,3.9013278368430755
1477,Bleak House,"Charles Dickens, Nicola Bradbury, Hablot Knight Browne",4.0,978,3.9024312099998184
1478,"Caps for Sale: A Tale of a Peddler, Some Monkeys and Their Monkey Business",Esphyr Slobodkina,4.12,992,3.9799370623498627
1479,"Furies of Calderon (Codex Alera, #1)",Jim Butcher,4.12,993,3.975344996338567
1480,"Alanna: The First Adventure (Song of the Lioness, #1)",Tamora Pierce,4.27,1007,4.063739441568421
1481,Her Fearful Symmetry,Audrey Niffenegger,3.23,1115,3.5218129571483496
1482,The Boston Girl,Anita Diamant,3.79,950,3.7922439471166536
1483,"Lover Avenged (Black Dagger Brotherhood, #7)",J.R. Ward,4.38,863,4.067742025420941
1484,"The Fall of Hyperion (Hyperion Cantos, #2)",Dan Simmons,4.18,880,3.9885537448636645
1485,"The Black Dahlia (L.A. Quartet, #1)",James Ellroy,3.75,718,3.8284872151623066
1486,"Through the Looking-Glass, and What Alice Found There","Lewis Carroll, John Tenniel, Peter Glassman",4.06,990,3.9683994289004323
1487,Wild Swans: Three Daughters of China,Jung Chang,4.23,753,4.020905850381528
1488,"Go, Dog. Go!",P.D. Eastman,4.08,873,3.973417075216777
1489,"On the Banks of Plum Creek  (Little House, #4)","Laura Ingalls Wilder, Garth Williams",4.19,1119,4.044542808916891
1490,"Finders Keepers (Bill Hodges Trilogy, #2)",Stephen King,4.03,961,3.938083071285017
1491,"The Strain (The Strain Trilogy, #1)","Guillermo del Toro, Chuck Hogan",3.77,857,3.819082747039026
1492,The Complete Poems of Emily Dickinson,"Emily Dickinson, Thomas H. Johnson",4.21,905,4.028972944201126
1493,"Old Yeller (Old Yeller, #1)",Fred Gipson,4.06,1139,3.9570634590361777
1494,Born Standing Up: A Comic's Life,Steve Martin,3.87,602,3.881847770040177
1495,PostSecret: Extraordinary Confessions from Ordinary Lives (PostSecret),Frank Warren,4.01,542,3.9555346226224275
1496,"A Storm of Swords: Blood and Gold (A Song of Ice and Fire, #3: Part 2 of 2)",George R.R. Martin,4.56,689,4.125403777105124
1497,"The Borrowers (The Borrowers, #1)","Mary Norton, Beth Krush, Joe Krush",4.02,1179,3.973897885195866
1498,Hearts in Atlantis,Stephen King,3.8,1262,3.811004905434471
1499,Small Great Things,Jodi Picoult,4.35,811,4.073026304696734
1500,"A Wild Sheep Chase (The Rat, #3)","Haruki Murakami, Alfred Birnbaum",3.94,717,3.874778517125709
1501,"The Queen's Fool (The Plantagenet and Tudor Novels, #12)",Philippa Gregory,3.83,900,3.806478527396341
1502,"Days of Blood & Starlight (Daughter of Smoke & Bone, #2)",Laini Taylor,4.21,864,4.016835728876686
1503,Jitterbug Perfume,Tom Robbins,4.24,874,3.974403582993042
1504,"The Battle for Skandia (Ranger's Apprentice, #4)",John Flanagan,4.32,563,4.018021729216204
1505,"The Darkest Minds (The Darkest Minds, #1)",Alexandra Bracken,4.26,799,4.04163961023726
1506,The Zahir,"Paulo Coelho, Margaret Jull Costa",3.56,514,3.7346498734241913
1507,The Power of Positive Thinking,Norman Vincent Peale,4.08,447,3.9547823268866265
1508,"In a Dark, Dark Wood",Ruth Ware,3.65,797,3.756444282882015
1509,The House of Mirth,"Edith Wharton, Nina Bawden",3.94,987,3.897760937822455
1510,"Fairy Tail, Vol. 1 (Fairy Tail, #1)","Hiro Mashima, William Flanagan",4.4,346,3.968824792336112
1511,The Slow Regard of Silent Things (The Kingkiller Chronicle #2.5),"Patrick Rothfuss, Nate  Taylor",3.92,878,3.8602814364002365
1512,Twelve Years a Slave,Solomon Northup,4.15,522,3.966173577244086
1513,"Lover Mine (Black Dagger Brotherhood, #8)",J.R. Ward,4.41,839,4.072508929105436
1514,In the Heart of the Sea: The Tragedy of the Whaleship Essex,Nathaniel Philbrick,4.16,742,4.001257493909694
1515,Infidel,Ayaan Hirsi Ali,4.2,677,4.0007630864925465
1516,The Black Swan: The Impact of the Highly Improbable,Nassim Nicholas Taleb,3.88,554,3.8820372948985797
1517,"The Twelve (The Passage, #2)",Justin Cronin,3.98,998,3.9037861086822785
1518,One Day in the Life of Ivan Denisovich,"Aleksandr Solzhenitsyn, H.T. Willetts",3.94,1104,3.8815467672996573
1519,"The Diamond Age: or, A Young Lady's Illustrated Primer",Neal Stephenson,4.19,914,4.010703949072534
1520,A Canticle for Leibowitz,Walter M. Miller Jr.,3.97,1046,3.936853649796796
1521,"Antigone (The Theban Plays, #3)","Sophocles, J.E. Thomas",3.6,1025,3.7331053736646296
1522,Brooklyn,Colm Tóibín,3.63,887,3.774303333112082
1523,"Wither (The Chemical Garden, #1)",Lauren DeStefano,3.81,700,3.828440823561457
1524,Hillbilly Elegy: A Memoir of a Family and Culture in Crisis,J.D. Vance,3.99,770,3.923302712681437
1525,"Crossroads of Twilight (Wheel of Time, #10)",Robert Jordan,3.82,1103,3.7820773794694555
1526,The Red Badge of Courage,Stephen Crane,3.21,1325,3.530362543624559
1527,What If?: Serious Scientific Answers to Absurd Hypothetical Questions,Randall Munroe,4.17,491,3.9852912586265825
1528,"Gardens of the Moon (The Malazan Book of the Fallen, #1)",Steven Erikson,3.85,820,3.8242350050205505
1529,The Witch Of Portobello,Paulo Coelho,3.51,525,3.7557129423225284
1530,"A Swiftly Tilting Planet (A Wrinkle in Time Quintet, #3)",Madeleine L'Engle,4.13,1197,4.02204908111833
1531,"Gregor the Overlander (Underland Chronicles, #1)",Suzanne Collins,3.99,776,3.913825732527019
1532,Sing You Home,Jodi Picoult,3.76,785,3.790066290409916
1533,"The Tale of the Body Thief (The Vampire Chronicles, #4)",Anne Rice,3.7,1052,3.75783599002939
1534,"The Camel Club (Camel Club, #1)",David Baldacci,4.02,785,3.9462765382092337
1535,"Saving the World and Other Extreme Sports (Maximum Ride, #3)",James Patterson,4.16,739,3.946552014037726
1536,"Blood of the Fold (Sword of Truth, #3)",Terry Goodkind,3.98,891,3.876607580042779
1537,"The Boleyn Inheritance (The Plantagenet and Tudor Novels, #10)",Philippa Gregory,3.84,848,3.834056737436576
1538,A Spool of Blue Thread,Anne Tyler,3.4,934,3.664388819251103
1539,The Underground Railroad,Colson Whitehead,4.04,943,3.953100023803799
1540,"Masquerade (Blue Bloods, #2)",Melissa de la Cruz,3.91,721,3.8755679169739694
1541,"The Iron Queen (The Iron Fey, #3)",Julie Kagawa,4.24,679,4.002375776121448
1542,"Losing It (Losing It, #1)",Cora Carmack,3.77,708,3.8567056508725344
1543,The Racketeer,John Grisham,3.79,813,3.8085673408631955
1544,Disgrace,J.M. Coetzee,3.83,773,3.8537947476284273
1545,"The House at Pooh Corner (Winnie-the-Pooh, #2)","A.A. Milne, Ernest H. Shepard",4.36,1066,4.137745305855232
1546,"The Black Prism (Lightbringer, #1)",Brent Weeks,4.24,750,4.008505040948354
1547,The Mermaid Chair,Sue Monk Kidd,3.1,928,3.4879368593381432
1548,"Frog and Toad Are Friends (Frog and Toad, #1)",Arnold Lobel,4.18,943,4.011499684708994
1549,"The Carnivorous Carnival (A Series of Unfortunate Events, #9)","Lemony Snicket, Brett Helquist",3.97,948,3.8789725511171387
1550,"Heist Society (Heist Society, #1)",Ally Carter,3.91,571,3.902596517183011
1551,Behind Closed Doors,B.A. Paris,3.93,605,3.847878384889154
1552,"The Killer Angels (The Civil War Trilogy, #2)",Michael Shaara,4.3,1036,4.06471022900447
1553,"Circus of the Damned (Anita Blake, Vampire Hunter, #3)",Laurell K. Hamilton,4.16,950,3.962173065081259
1554,"Ptolemy's Gate (Bartimaeus, #3)",Jonathan Stroud,4.24,772,4.027873421371002
1555,The Island of Dr. Moreau,H.G. Wells,3.72,1022,3.7963117107308753
1556,"Opal (Lux, #3)",Jennifer L. Armentrout,4.34,859,4.065423076811949
1557,Zeitoun,Dave Eggers,4.08,829,3.969848843150653
1558,Out of My Mind,Sharon M. Draper,4.37,531,3.997322082944316
1559,"Rapture (Fallen, #4)",Lauren Kate,4.03,675,3.864397822747053
1560,"Switched (Trylle, #1)",Amanda Hocking,3.89,724,3.837954776318126
1561,Doctor Zhivago,"Boris Pasternak, Max Hayward, Manya Harari, John Bayley",4.03,1045,3.966034818021214
1562,Confess,Colleen Hoover,4.25,808,4.010268712237895
1563,"Pines (Wayward Pines, #1)",Blake Crouch,3.88,592,3.8586115671966414
1564,Disclosure,Michael Crichton,3.76,1056,3.777497330654477
1565,Death Comes to Pemberley,P.D. James,3.21,849,3.591690376259108
1566,Ethan Frome,Edith Wharton,3.35,1195,3.581702218895553
1567,A Map of the World,"Jane Hamilton, Frank  Muller, C.J. Critt",3.78,994,3.8010473626190535
1568,It Ends with Us,Colleen Hoover,4.44,748,4.134013006556349
1569,The Gift of the Magi,"O. Henry, Lisbeth Zwerger",4.07,1113,3.985792212332712
1570,The Electric Kool-Aid Acid Test,Tom Wolfe,3.92,922,3.881281111422065
1571,Naked Lunch,"William S. Burroughs, James Grauerholz, Barry  Miles",3.46,887,3.6717541143242913
1572,Dream Country (The Sandman #3),"Neil Gaiman, Kelley Jones, Charles Vess, Colleen Doran, Malcolm Jones III, Steve Erickson",4.28,879,4.1094630605266875
1573,A Painted House,John Grisham,3.67,953,3.7573793093060552
1574,The Left Hand of Darkness,"Ursula K. Le Guin, Lech Jęczmyk",4.05,960,3.9385213664171412
1575,Let It Snow: Three Holiday Romances,"John Green, Maureen Johnson, Lauren Myracle",3.84,578,3.849523562840589
1576,"Full Dark, No Stars",Stephen King,4.03,984,3.9193352495229896
1577,Being Mortal: Medicine and What Matters in the End,Atul Gawande,4.4,640,4.112298676340497
1578,Intensity,Dean Koontz,4.04,887,3.9310294976745546
1579,Chelsea Chelsea Bang Bang,Chelsea Handler,3.81,549,3.8383260744478154
1580,A Doll's House,"Henrik Ibsen, Michael   Meyer",3.69,972,3.785075166353486
1581,Hawaii,James A. Michener,4.18,1069,4.047311288197487
1582,Revolutionary Road,Richard Yates,3.89,926,3.875809372141959
1583,Nick & Norah's Infinite Playlist,"Rachel Cohn, David Levithan",3.73,649,3.802884863358994
1584,Rosencrantz and Guildenstern Are Dead,"Tom Stoppard, Henry Popkin",4.06,1128,3.9919496081716446
1585,"Forever (The Wolves of Mercy Falls, #3)",Maggie Stiefvater,3.91,770,3.859722750624318
1586,The Beach,Alex Garland,3.91,816,3.850431939359118
1587,Saving CeeCee Honeycutt,"Beth Hoffman, Jenna Lamia",3.92,819,3.8531572453071607
1588,"Deadlocked (Sookie Stackhouse, #12)",Charlaine Harris,3.65,1063,3.7425298803292506
1589,Everything's Eventual: 14 Dark Tales,Stephen King,3.94,998,3.8688965158805524
1590,"Beezus and Ramona (Ramona, #1)",Beverly Cleary,3.97,1052,3.8953623081765922
1591,"The Farthest Shore (Earthsea Cycle, #3)",Ursula K. Le Guin,4.11,868,3.9757932336779804
1592,Airframe,Michael Crichton,3.66,994,3.716882343992369
1593,"Magician: Apprentice (The Riftwar Saga, #1)",Raymond E. Feist,4.17,780,3.9527711475501746
1594,Bet Me,Jennifer Crusie,3.95,593,3.89478220297897
1595,Long Walk to Freedom,Nelson Mandela,4.31,357,3.9937665260798854
1596,Gray Mountain,John Grisham,3.52,704,3.6902920344651102
1597,"The Power of One (The Power of One, #1)",Bryce Courtenay,4.34,809,4.084158890334594
1598,The Maltese Falcon,Dashiell Hammett,3.92,982,3.8878126441948884
1599,Night Road,Kristin Hannah,4.17,684,3.9433660250724705
1600,"Tripwire  (Jack Reacher, #3)",Lee Child,4.07,845,3.9513243867785555
1601,Emotional Intelligence: Why It Can Matter More Than IQ,Daniel Goleman,3.98,488,3.921127663215613
1602,"Changes (The Dresden Files, #12)",Jim Butcher,4.54,1043,4.175152827123018
1603,The Story of Ferdinand,"Munro Leaf, Robert Lawson",4.35,984,4.133723273364417
1604,"Impulse (Impulse, #1)",Ellen Hopkins,4.29,410,3.9650489093520767
1605,Ivanhoe,Walter Scott,3.75,1067,3.8075100256052186
1606,"Ten Big Ones (Stephanie Plum, #10)",Janet Evanovich,4.13,1023,3.9720497801219112
1607,"The Poet (Jack McEvoy, #1; Harry Bosch Universe, #5)",Michael Connelly,4.19,781,3.9818575845319977
1608,"Paranormalcy (Paranormalcy, #1)",Kiersten White,3.91,545,3.8738870228613034
1609,"Eclipse: The Complete Illustrated Movie Companion (The Twilight Saga: The Official Illustrated Movie Companion, #3)",Mark Cotta Vaz,4.44,233,3.9889742309082346
1610,The Shoemaker's Wife,Adriana Trigiani,3.98,872,3.8735161918543133
1611,"Rise of the Evening Star (Fablehaven, #2)",Brandon Mull,4.16,601,3.9817084604180133
1612,"The Next Always (Inn BoonsBoro, #1)","Nora Roberts, MacLeod Andrews",4.11,574,3.9204339511728934
1613,What I Talk About When I Talk About Running,"Haruki Murakami, Philip Gabriel",3.79,599,3.8366870570126492
1614,"We'll Always Have Summer (Summer, #3)",Jenny Han,4.17,525,3.940431173718763
1615,Open,"Andre Agassi, J.R. Moehringer",4.18,510,3.9842733719118546
1616,"Stormbreaker (Alex Rider, #1)",Anthony Horowitz,3.97,653,3.882952752164189
1617,"Without Fail (Jack Reacher, #6)","Lee Child, Dick Hill",4.16,800,3.9825366260377755
1618,"A Voice in the Wind (Mark of the Lion, #1)","Francine Rivers, Richard Ferrone",4.6,469,4.097263857723038
1619,"The Twilight Saga Complete Collection  (Twilight, #1-4 + 3.5)",Stephenie Meyer,4.31,383,4.00090659537044
1620,A Scanner Darkly,Philip K. Dick,4.04,818,3.9186394838325613
1621,Drive: The Surprising Truth About What Motivates Us,Daniel H. Pink,3.95,498,3.9007431809227238
1622,A Connecticut Yankee in King Arthur's Court,Mark Twain,3.76,1109,3.846860298144676
1623,Batman: The Long Halloween,"Jeph Loeb, Tim Sale, Gregory Wright, Richard Starkings",4.29,614,4.034786423977377
1624,Nausea,"Jean-Paul Sartre, Lloyd Alexander, Hayden Carruth",3.91,665,3.881546242097549
1625,Wild at Heart: Discovering the Secret of a Man's Soul,John Eldredge,3.93,461,3.84306176844124
1626,"Secrets of the Dragon Sanctuary (Fablehaven, #4)",Brandon Mull,4.35,583,4.0234885048163145
1627,"Twelve Sharp (Stephanie Plum, #12)",Janet Evanovich,4.14,1015,3.9678482578884924
1628,"Wool (Wool, #1)",Hugh Howey,4.12,744,3.9908627971431727
1629,"The Tombs of Atuan (Earthsea Cycle, #2)",Ursula K. Le Guin,4.07,853,3.968729297468454
1630,"Turn Coat (The Dresden Files, #11)",Jim Butcher,4.45,1035,4.142381293974905
1631,The Sign of Four,"Arthur Conan Doyle, Peter Ackroyd, Ed Glinert",3.96,740,3.921063000855391
1632,The Mitten,Jan Brett,4.23,860,4.047256423340983
1633,"Memnoch the Devil (The Vampire Chronicles, #5)",Anne Rice,3.73,1026,3.771299134543175
1634,"The Magician (The Secrets of the Immortal Nicholas Flamel, #2)",Michael Scott,4.09,699,3.932111573746931
1635,"Click, Clack, Moo: Cows That Type","Doreen Cronin, Betsy Lewin",4.23,697,4.007147115827308
1636,"Iron Kissed (Mercy Thompson, #3)",Patricia Briggs,4.36,828,4.080375083674056
1637,"Anna Dressed in Blood (Anna, #1)",Kendare Blake,3.96,450,3.87205868891775
1638,"Temple of the Winds (Sword of Truth, #4)","Terry Goodkind, Dick Hill",4.03,841,3.8814709743940075
1639,The True Confessions of Charlotte Doyle,Avi,3.81,965,3.840776245999444
1640,A Reliable Wife,Robert Goolrick,3.25,1082,3.589098386837558
1641,"Something Wicked This Way Comes (Green Town, #2)",Ray Bradbury,3.95,1145,3.931801178575929
1642,Song of Solomon,Toni Morrison,4.01,926,3.9137906663545587
1643,Red Storm Rising,Tom Clancy,4.14,879,3.9705809161086814
1644,Peace Like a River,Leif Enger,3.98,1027,3.9032380195454204
1645,Rant,Chuck Palahniuk,3.82,652,3.839773661814445
1646,"Shadow of the Hegemon (Ender's Shadow, #2)",Orson Scott Card,3.93,1007,3.8630353771968213
1647,تراب الماس,أحمد مراد,4.09,342,3.964801471814102
1648,The Poky Little Puppy (A Little Golden Book),"Janette Sebring Lowrey, Gustaf Tenggren",4.08,909,3.9829690712404187
1649,Tara Road,Maeve Binchy,3.88,833,3.872556141927486
1650,The Call of the Wild/White Fang,Jack London,4.08,992,3.98408013651089
1651,"Ignite Me (Shatter Me, #3)",Tahereh Mafi,4.44,700,4.087442046770519
1652,"Cross My Heart and Hope to Spy (Gallagher Girls, #2)",Ally Carter,4.13,538,3.9496114069386064
1653,"Blood Bound (Mercy Thompson, #2)",Patricia Briggs,4.31,824,4.060578396718359
1654,"Cold Days (The Dresden Files, #14)",Jim Butcher,4.51,942,4.158986609123407
1655,"The Friday Night Knitting Club (Friday Night Knitting Club, #1)",Kate Jacobs,3.41,884,3.6688549535157717
1656,All Things Bright and Beautiful (All Creatures Great and Small),James Herriot,4.3,705,4.061750002939907
1657,Infinite Jest,David Foster Wallace,4.31,736,3.9829970675481956
1658,"Tangled (Tangled, #1)",Emma Chase,4.12,755,3.9624953653400543
1659,The Day of the Triffids,John Wyndham,4.0,834,3.934675708952295
1660,The Sisters Brothers,"Patrick deWitt, Marcelo Barbão",3.83,739,3.865793404127863
1661,Secret Daughter,Shilpi Somaya Gowda,3.97,649,3.8679370691207606
1662,Fantastic Mr. Fox,"Roald Dahl, Quentin Blake",4.03,849,3.9381152518319658
1663,Brida,"Paulo Coelho, Montserrat Mira",3.46,438,3.7450517707116155
1664,A Room of One's Own,Virginia Woolf,4.1,903,3.9713998370578443
1665,"Warbreaker (Warbreaker, #1)",Brandon Sanderson,4.22,866,3.9923849291612212
1666,Shakespeare's Sonnets,"William Shakespeare, Katherine Duncan-Jones",4.24,806,4.03796872604471
1667,What Happened to Goodbye,Sarah Dessen,3.97,621,3.88753526927364
1668,"Six of Crows (Six of Crows, #1)",Leigh Bardugo,4.46,785,4.092819050802731
1669,"13 Little Blue Envelopes (Little Blue Envelope, #1)",Maureen Johnson,3.65,594,3.7787393792158075
1670,Same Kind of Different as Me,"Ron Hall, Denver Moore, Lynn Vincent",4.21,687,3.9750534357321303
1671,Carry On,Rainbow Rowell,4.19,766,3.965276309172588
1672,"Mountains Beyond Mountains: The Quest of Dr. Paul Farmer, A Man Who Would Cure the World",Tracy Kidder,4.21,659,3.99261527784625
1673,"Beneath This Man (This Man, #2)",Jodi Ellen Malpas,4.3,494,3.9781504393135085
1674,"Prince of Thorns (The Broken Empire, #1)",Mark  Lawrence,3.87,659,3.8360339697399053
1675,The Book of Ruth,Jane Hamilton,3.82,882,3.810123299492124
1676,Galápagos,Kurt Vonnegut Jr.,3.87,850,3.869190405626069
1677,Next,Michael Crichton,3.48,997,3.6750182705840295
1678,"The House of the Scorpion (Matteo Alacran, #1)",Nancy Farmer,4.1,769,3.983284912811064
1679,Leaves of Grass,Walt Whitman,4.12,1080,3.9851423618734705
1680,"Blue Dahlia (In the Garden, #1)",Nora Roberts,4.11,615,3.9395183426405653
1681,Lady Chatterley's Lover,"D.H. Lawrence, Doris Lessing, Chester Brown",3.49,1210,3.7052325149741066
1682,"The Magician King (The Magicians, #2)",Lev Grossman,3.9,1004,3.874292579106628
1683,Liar's Poker,Michael   Lewis,4.16,492,3.9709485621853777
1684,The Richest Man in Babylon,George S. Clason,4.23,370,3.941570844702707
1685,Salem Falls,Jodi Picoult,3.8,793,3.8248706636307745
1686,Belgarath the Sorcerer,"David Eddings, Leigh Eddings",4.07,804,3.90597050876511
1687,The Great Dune Trilogy  ,Frank Herbert,4.35,759,4.052811468335279
1688,My Name Is Lucy Barton,"Elizabeth Strout, Goran Skrobonja",3.51,877,3.7318899920004895
1689,"Garden Spells (Waverley Family, #1)",Sarah Addison Allen,4.06,719,3.9380915498039313
1690,"Ghost Story (The Dresden Files,  #13)",Jim Butcher,4.25,1010,4.037628306872395
1691,Narrative of the Life of Frederick Douglass,Frederick Douglass,3.97,601,3.9104122161020647
1692,He's Just Not That Into You: The No-Excuses Truth to Understanding Guys,"Greg Behrendt, Liz Tuccillo",3.65,519,3.767796904927092
1693,"Pawn of Prophecy (The Belgariad, #1)",David Eddings,4.16,875,3.9520348759512514
1694,"Lean Mean Thirteen (Stephanie Plum, #13)",Janet Evanovich,4.08,984,3.9456717093483373
1695,The Jungle Books,"Rudyard Kipling, Alev Lytle Croutier",4.0,1123,3.9580676770471097
1696,"Glass Houses (The Morganville Vampires, #1)",Rachel Caine,3.92,715,3.8572348865839743
1697,Captivating: Unveiling the Mystery of a Woman's Soul,"John Eldredge, Stasi Eldredge",3.93,378,3.8635803635645303
1698,The Dark Tower: The Gunslinger Born,"Peter David, Robin Furth, Jae Lee, Richard Isanove, Stephen King",4.18,869,3.9767809888950407
1699,The Lake House,Kate Morton,4.04,793,3.927744022978061
1700,A Tale for the Time Being,Ruth Ozeki,3.98,815,3.9120018446061278
1701,"I Hope They Serve Beer in Hell (Tucker Max, #1)",Tucker Max,3.51,586,3.6967770370506745
1702,"Rule (Marked Men, #1)","Jay Crownover, Charlotte Connan de vries",4.16,689,3.964915893940302
1703,"South of the Border, West of the Sun","Haruki Murakami, Philip Gabriel",3.87,543,3.877222352778163
1704,Mother Night,Kurt Vonnegut Jr.,4.21,811,3.9971964448062103
1705,Influence: The Psychology of Persuasion,Robert B. Cialdini,4.18,344,3.971408043392119
1706,The Fall of the House of Usher and Other Tales ,"Edgar Allan Poe, Stephen Marlowe",4.14,968,4.005780049593914
1707,Harriet the Spy (Harriet the Spy #1),Louise Fitzhugh,3.96,1124,3.935085397102203
1708,The Paying Guests,Sarah Waters,3.39,873,3.6510092439208144
1709,"Forever Odd (Odd Thomas, #2)",Dean Koontz,3.96,798,3.9031579035245447
1710,At Home: A Short History of Private Life,Bill Bryson,3.96,782,3.900839464170925
1711,Sushi for Beginners,Marian Keyes,3.69,588,3.7762920774430855
1712,"Still Life (Chief Inspector Armand Gamache, #1)",Louise Penny,3.91,683,3.89664427657522
1713,"Watermelon (Walsh Family, #1)",Marian Keyes,3.79,538,3.813430297702734
1714,The Kitchen God's Wife,Amy Tan,3.98,1090,3.91253018567705
1715,Let the Right One In,John Ajvide Lindqvist,4.07,676,3.973828196165817
1716,"The Rise of Nine (Lorien Legacies, #3)",Pittacus Lore,4.2,680,3.9814101384414373
1717,Essential Tales and Poems,"Edgar Allan Poe, Benjamin F. Fisher",4.35,858,4.086060580161217
1718,"The Second Summer of the Sisterhood (Sisterhood, #2)",Ann Brashares,3.78,848,3.8069404331423398
1719,Phantoms,Dean Koontz,3.93,847,3.8670237658672155
1720,Amy & Roger's Epic Detour,Morgan Matson,4.05,521,3.9173674722521645
1721,My Utmost for His Highest,Oswald Chambers,4.39,498,4.010973771401184
1722,"The Wee Free Men (Discworld, #30; Tiffany Aching, #1)",Terry Pratchett,4.25,964,4.042632691574223
1723,"Written in My Own Heart's Blood (Outlander, #8)",Diana Gabaldon,4.5,780,4.1007076878756346
1724,Nightshade (Nightshade #1; Nightshade World #4),Andrea Cremer,4.03,483,3.911271136020325
1725,Alice's Adventures in Wonderland,"Lewis Carroll, John Tenniel",3.99,578,3.8597607237346336
1726,"Dragon Rider (Dragon Rider, #1)",Cornelia Funke,3.94,577,3.9063434134994637
1727,"The Long Dark Tea-Time of the Soul (Dirk Gently, #2)",Douglas Adams,4.05,889,3.939794752110669
1728,Uprooted,Naomi Novik,4.13,726,3.9671705820398717
1729,Seveneves,Neal Stephenson,3.98,746,3.8969097651158213
1730,Armada,Ernest Cline,3.49,718,3.691522562578416
1731,"The Desert Spear (Demon Cycle, #2)",Peter V. Brett,4.24,628,4.000783764056079
1732,The Man in the Brown Suit,Agatha Christie,3.97,482,3.9250540098313227
1733,The Summons,John Grisham,3.68,915,3.7677741996576186
1734,Endurance: Shackleton's Incredible Voyage,Alfred Lansing,4.36,664,4.071255913106657
1735,"Size 12 Is Not Fat (Heather Wells, #1)",Meg Cabot,3.75,596,3.8026331591187343
1736,Dark Matter,Blake Crouch,4.11,673,3.9608359577740284
1737,"Glass Sword (Red Queen, #2)",Victoria Aveyard,3.95,801,3.8467759958323358
1738,When You Reach Me,Rebecca Stead,4.08,657,3.9708361620544315
1739,The Bonfire of the Vanities,Tom Wolfe,3.81,1190,3.8288897103921897
1740,In the Unlikely Event,Judy Blume,3.51,805,3.712596222506728
1741,"Death on the Nile (Hercule Poirot, #17)",Agatha Christie,4.06,858,3.940350920150423
1742,"Shiloh (Shiloh, #1)",Phyllis Reynolds Naylor,3.91,754,3.861664312951769
1743,"Siege and Storm (Shadow and Bone, #2)",Leigh Bardugo,4.08,758,3.948107764815873
1744,"The Redbreast (Harry Hole, #3)","Jo Nesbø, Don Bartlett",3.94,609,3.880633365306325
1745,"Leviathan (Leviathan, #1)",Scott Westerfeld,3.91,768,3.870870646482886
1746,Hide and Seek,James Patterson,4.1,710,3.9420289269124513
1747,The Love Dare,"Stephen Kendrick, Alex Kendrick",4.37,292,3.9785487200588245
1748,Goodnight Nobody,Jennifer Weiner,3.64,700,3.7646212203066574
1749,The Death and Life of Charlie St. Cloud,Ben Sherwood,4.01,428,3.910102145459558
1750,How to Stop Worrying and Start Living,Dale Carnegie,4.08,304,3.9443625146820773
1751,"Born in Fire (Born In Trilogy, #1)",Nora Roberts,4.21,623,3.980267997860926
1752,Animal Dreams,Barbara Kingsolver,4.05,912,3.9361550831824346
1753,"Reason to Breathe (Breathing, #1)",Rebecca Donovan,4.23,689,3.981499641867334
1754,"The Mortal Instruments Boxed Set: City of Bones; City of Ashes; City of Glass (The Mortal Instruments, #1-3)",Cassandra Clare,4.57,480,4.0683113175586385
1755,"If Tomorrow Comes (Tracy Whitney Series, #1)",Sidney Sheldon,4.01,519,3.863130277492266
1756,M.C. Escher: The Graphic Work,"M.C. Escher, Bruce Brooks Pfeiffer",3.93,261,3.955191341526821
1757,Pope Joan,Donna Woolfolk Cross,4.06,750,3.9245802624165194
1758,Birdsong,Sebastian Faulks,4.07,717,3.9206331526604163
1759,"Faith of the Fallen (Sword of Truth, #6)",Terry Goodkind,4.11,759,3.9202894242987716
1760,"Keys to the Demon Prison (Fablehaven, #5)",Brandon Mull,4.42,552,4.029681510444269
1761,Moonwalking with Einstein: The Art and Science of Remembering Everything,Joshua Foer,3.85,468,3.8959032218301326
1762,While I Was Gone,Sue Miller,3.67,820,3.756745128502028
1763,"4th of July (Women's Murder Club, #4)","James Patterson, Maxine Paetro",4.04,738,3.8996076111883475
1764,"The Time Paradox (Artemis Fowl, #6)",Eoin Colfer,4.07,712,3.9452609419978897
1765,Clifford the Big Red Dog,Norman Bridwell,4.09,773,3.945434536703326
1766,"Bitterblue (Graceling Realm, #3)",Kristin Cashore,4.01,879,3.9176503086206997
1767,The Sky Is Everywhere,Jandy Nelson,4.04,545,3.9335867852214728
1768,"Wyrd Sisters (Discworld, #6; Witches #2)",Terry Pratchett,4.11,990,3.9730070868279075
1769,"Real (Real, #1)",Katy Evans,4.21,707,3.9641907913647048
1770,NOS4A2,Joe Hill,4.06,773,3.9408269495431356
1771,The Tenant of Wildfell Hall,"Anne Brontë, Stevie Davies",3.91,646,3.8726481303962146
1772,"The Black Stallion (The Black Stallion, #1)","Walter Farley, Keith Ward",4.18,1032,4.030473841948473
1773,"Reckless (Thoughtless, #3)",S.C. Stephens,4.42,552,4.034299648180227
1774,"The Grim Grotto (A Series of Unfortunate Events, #11)","Lemony Snicket, Brett Helquist",3.99,884,3.894112910208113
1775,Strega Nona,Tomie dePaola,4.22,868,4.043166177094472
1776,"Playing for Keeps (Neighbor from Hell, #1)",R.L. Mathewson,4.08,711,3.931484841401473
1777,Art and Fear: Observations on the Perils (and Rewards) of Artmaking,"David Bayles, Ted Orland",3.67,190,3.9068943155094558
1778,Frida: A Biography of Frida Kahlo,Hayden Herrera,3.94,286,3.9307217353492514
1779,"Bitten (Women of the Otherworld, #1)",Kelley Armstrong,4.06,733,3.9474297185713723
1780,"Born at Midnight (Shadow Falls, #1)",C.C. Hunter,4.13,531,3.9289530068033702
1781,Don't Let the Pigeon Drive the Bus!,Mo Willems,4.29,601,4.042899725224616
1782,"The Dream Thieves (The Raven Cycle, #2)",Maggie Stiefvater,4.27,755,4.013650225051727
1783,The Portrait of a Lady,"Henry James, Patricia Crick",3.76,896,3.8287421280848664
1784,The Raven,"Edgar Allan Poe, Gustave Doré",4.28,658,4.013282533070014
1785,The Yellow Wallpaper and Other Stories,Charlotte Perkins Gilman,4.02,903,3.9209990306449414
1786,Before the Fall,Noah Hawley,3.76,824,3.8500310734633576
1787,هيبتا,محمد صادق,3.82,328,3.834527136871052
1788,The Calvin and Hobbes Tenth Anniversary Book,Bill Watterson,4.63,652,4.207617355532722
1789,Dreamland,Sarah Dessen,3.91,551,3.854685658489348
1790,The Art Forger,B.A. Shapiro,3.69,572,3.8318879646993143
1791,"Austenland (Austenland, #1)",Shannon Hale,3.54,684,3.732026648362714
1792,Half of a Yellow Sun,Chimamanda Ngozi Adichie,4.28,626,4.0068744286899225
1793,One Night at the Call Center,Chetan Bhagat,2.47,295,3.5515605507643246
1794,At the Water's Edge,Sara Gruen,3.65,877,3.7518190251993424
1795,The Running Man,"Richard Bachman, Stephen King",3.8,1112,3.8025639229344357
1796,"Gilead (Gilead, #1)",Marilynne Robinson,3.84,890,3.819551408270592
1797,The Crying of Lot 49,Thomas Pynchon,3.7,768,3.812358097080843
1798,"Edge of Eternity (The Century Trilogy, #3)",Ken Follett,4.04,726,3.9057951427071327
1799,"Demonglass (Hex Hall, #2)",Rachel Hawkins,4.13,550,3.9609416173742167
1800,Ubik,"Philip K. Dick, David Alabort, Manuel Espín",4.1,650,3.9281086600790074
1801,"The Sword of Shannara (The Original Shannara Trilogy, #1)",Terry Brooks,3.76,857,3.772452402956171
1802,"Hannibal (Hannibal Lecter, #3)",Thomas Harris,3.72,876,3.7560751254887945
1803,"The Awakening / The Struggle (The Vampire Diaries, #1-2)",L.J. Smith,3.67,604,3.760924329172565
1804,Three Wishes,Liane Moriarty,3.76,824,3.815605089329246
1805,"Night World, No. 3 (Night World, #7-9)",L.J. Smith,4.2,453,3.9586219803726244
1806,Fall on Your Knees,Ann-Marie MacDonald,3.95,822,3.852877830765923
1807,The Scorpio Races,Maggie Stiefvater,4.08,736,3.945946501352924
1808,"Morning Star (Red Rising, #3)",Pierce Brown,4.5,807,4.108396960973485
1809,"Mossflower (Redwall, #2)",Brian Jacques,4.09,757,3.964082630745165
1810,Furiously Happy: A Funny Book About Horrible Things,Jenny  Lawson,3.93,676,3.860699930260522
1811,"Visions of Sugar Plums (Stephanie Plum, #8.5)",Janet Evanovich,3.68,825,3.7852776544869133
1812,"Magician: Master (The Riftwar Saga, #2)",Raymond E. Feist,4.25,657,3.9838988083288562
1813,"On the Island (On the Island, #1)",Tracey Garvis-Graves,4.13,637,3.943552127080068
1814,Left Neglected,Lisa Genova,3.95,681,3.890086112148825
1815,Anne Frank Remembered: The Story of the Woman Who Helped to Hide the Frank Family,"Miep Gies, Alison Leslie Gold",4.26,565,4.040919773415807
1816,Redshirts,John Scalzi,3.84,750,3.8520526760309832
1817,"Sahara (Dirk Pitt, #11)",Clive Cussler,3.95,536,3.8767215991042403
1818,"One Foot in the Grave (Night Huntress, #2)",Jeaniene Frost,4.31,748,4.042222310087957
1819,The Last Anniversary,Liane Moriarty,3.72,820,3.815236354818081
1820,"Hunger (Gone, #2)",Michael  Grant,4.02,555,3.905732311728581
1821,"Fearless Fourteen (Stephanie Plum, #14)",Janet Evanovich,4.02,951,3.9340389811582632
1822,"Revolution 2020: Love, Corruption, Ambition",Chetan Bhagat,3.07,201,3.7121677264479898
1823,"A Bear Called Paddington (Paddington, #1)","Michael Bond, Peggy Fortnum",4.21,927,4.039584909857451
1824,"Flawless (Pretty Little Liars, #2)",Sara Shepard,3.96,459,3.8508005127448346
1825,"Ramona Quimby, Age 8 (Ramona, #6)",Beverly Cleary,4.08,898,3.9804731177128456
1826,The General's Daughter,Nelson DeMille,4.07,796,3.9749113396461095
1827,"The Hostile Hospital (A Series of Unfortunate Events, #8)","Lemony Snicket, Brett Helquist",3.95,874,3.889703198433825
1828,"InuYasha: Turning Back Time (InuYasha, #1)",Rumiko Takahashi,4.26,402,3.9699281302803557
1829,The Omen,David Seltzer,3.99,633,3.88607361194651
1830,"Blue Moon (The Immortals, #2)",Alyson Noel,3.61,608,3.734058760019352
1831,"The Innocent (Will Robie, #1)",David Baldacci,4.1,642,3.934926894881527
1832,"Child 44 (Leo Demidov, #1)",Tom Rob Smith,4.08,661,3.9383138437748375
1833,"These Is My Words: The Diary of Sarah Agnes Prine, 1881-1901, Arizona Territories (Sarah Agnes Prine, #1)",Nancy E. Turner,4.35,673,4.061197475067505
1834,The Hypnotist's Love Story,Liane Moriarty,3.69,791,3.7962853348260572
1835,"The Devil and Miss Prym (On the Seventh Day, #3)","Paulo Coelho, Amanda Hopkinson, Nick Caistor",3.59,498,3.7988543648588493
1836,The Kissing Hand,"Audrey Penn, Ruth E. Harper, Nancy M. Leak",4.41,562,4.051895357023823
1837,"Shift (Silo, #2)",Hugh Howey,4.12,736,3.9605579922468337
1838,"Worth Dying For (Jack Reacher, #15)",Lee Child,4.2,753,4.01987134978669
1839,Look Me in the Eye: My Life with Asperger's,John Elder Robison,3.91,602,3.8868974249804227
1840,Fantasy Lover (Dark-Hunterverse #1),Sherrilyn Kenyon,4.17,564,3.944629525048792
1841,Sundays at Tiffany's,"James Patterson, Gabrielle Charbonnet",3.74,644,3.8034409255838444
1842,Perfect Match,Jodi Picoult,3.93,668,3.8741639780028176
1843,Prep,Curtis Sittenfeld,3.36,837,3.6353627524625036
1844,Scar Tissue,"Anthony Kiedis, Larry Sloman",4.1,290,3.888061810883906
1845,Alias Grace,"Margaret Atwood, Brigitte Walitzek",3.97,895,3.888891861679086
1846,"Captivated by You (Crossfire, #4)",Sylvia Day,4.06,477,3.847593845738616
1847,Illusions: The Adventures of a Reluctant Messiah,Richard Bach,4.14,601,3.9519549096404916
1848,"Soulless (Parasol Protectorate, #1)",Gail Carriger,3.91,667,3.8611039249405117
1849,"Just One Day (Just One Day, #1)",Gayle Forman,4.02,579,3.922933712580349
1850,"Wake (Wake, #1)",Lisa McMann,3.75,584,3.8358653746769864
1851,The Emperor of All Maladies: A Biography of Cancer,Siddhartha Mukherjee,4.29,581,4.02976056352842
1852,"Glass (Crank, #2)",Ellen Hopkins,4.28,336,3.9455366883483527
1853,Memories of My Melancholy Whores,"Gabriel García Márquez, Edith Grossman",3.59,529,3.8130329845800075
1854,"Only Time Will Tell (The Clifton Chronicles, #1)",Jeffrey Archer,4.04,500,3.908002904566213
1855,The Seven Spiritual Laws of Success: A Practical Guide to the Fulfillment of Your Dreams,Deepak Chopra,4.07,376,3.918664319567312
1856,Magical Thinking: True Stories,Augusten Burroughs,3.96,604,3.8898264196282057
1857,"In the Hand of the Goddess (Song of the Lioness, #2)",Tamora Pierce,4.25,762,4.0563338724927185
1858,"3rd Degree (Women's Murder Club, #3)","James Patterson, Andrew Gross",4.0,718,3.9011838384568334
1859,Bird by Bird: Some Instructions on Writing and Life,Anne Lamott,4.22,735,4.006483203958966
1860,"Ruby Red (Precious Stone Trilogy, #1)","Kerstin Gier, Anthea Bell",4.12,616,3.9345417138243093
1861,"Shadowland (The Immortals, #3)",Alyson Noel,3.66,567,3.775320368879189
1862,Heir to the Empire (Star Wars: The Thrawn Trilogy #1),Timothy Zahn,4.12,662,3.9041509420521128
1863,"Lioness Rampant (Song of the Lioness, #4)",Tamora Pierce,4.28,732,4.0577405640028275
1864,"Outbreak (Dr. Marissa Blumenthal, #1)",Robin Cook,3.96,805,3.9281807689228865
1865,You Can Heal Your Life,Louise L. Hay,4.14,348,3.9433470395489154
1866,The Vacationers,Emma Straub,3.14,771,3.583056055215809
1867,"The Hangman's Daughter (The Hangman's Daughter, #1)","Oliver Pötzsch, Lee Chadeayne",3.71,749,3.7747459081234687
1868,I Am Legend,Richard Matheson,4.07,667,3.9471754888445876
1869,"Dealing with Dragons (Enchanted Forest Chronicles, #1)","Patricia C. Wrede, Peter de Sève",4.14,716,3.979653683775039
1870,"Running Blind (Jack Reacher, #4)",Lee Child,4.08,762,3.937917561933073
1871,"Rules of Prey (Lucas Davenport, #1)",John Sandford,4.13,675,3.9743530860467886
1872,"Ashes to Ashes (Kovac and Liska, #1)",Tami Hoag,4.03,528,3.893705602378158
1873,The Yiddish Policemen's Union,Michael Chabon,3.69,851,3.7707956877578925
1874,The Aviator's Wife,Melanie Benjamin,3.87,746,3.8725106580193156
1875,A Bad Case of Stripes,David Shannon,4.24,534,3.993826798426534
1876,"The Affair (Jack Reacher, #16)",Lee Child,4.11,713,3.9695860563791303
1877,The Elements of Style,"William Strunk Jr., E.B. White",4.19,874,4.030383722213214
1878,The Turn of the Screw,Henry James,3.45,907,3.6988536772589504
1879,Best Friends Forever,Jennifer Weiner,3.48,669,3.693623144185696
1880,"Homeland (Forgotten Realms: The Dark Elf Trilogy, #1; Legend of Drizzt, #1)",R.A. Salvatore,4.27,567,3.9802079096563885
1881,The Mote in God's Eye,"Larry Niven, Jerry Pournelle",4.06,715,3.928463715793071
1882,"The Snowman (Harry Hole, #7)","Jo Nesbø, Don Bartlett",4.04,622,3.9153399991913704
1883,Stoner,"John  Williams, John McGahern",4.28,469,3.982063469679626
1884,Wicked: The Grimmerie,"David Cote, Stephen Schwartz, Joan Marcus, Winnie Holzman",4.17,632,3.961605297435638
1885,As You Like It,William Shakespeare,3.83,939,3.8558095977646425
1886,"Preacher, Volume 1: Gone to Texas","Garth Ennis, Steve Dillon, Joe R. Lansdale",4.16,644,3.985976692727406
1887,Cyrano de Bergerac,"Edmond Rostand, Eteel Lawson, Lowell Bair",4.05,854,3.942199911784205
1888,"The Spirit Catches You and You Fall Down: A Hmong Child, Her American Doctors, and the Collision of Two Cultures",Anne Fadiman,4.14,625,3.965333894944113
1889,"Bone Crossed (Mercy Thompson, #4)",Patricia Briggs,4.34,734,4.057680238490627
1890,"The Indigo Spell (Bloodlines, #3)",Richelle Mead,4.41,747,4.086347367064083
1891,"Dreamfever (Fever, #4)",Karen Marie Moning,4.43,738,4.082060824971385
1892,Case Histories (Jackson Brodie #1),Kate Atkinson,3.82,806,3.8335685850790955
1893,"Release Me (Stark Trilogy, #1)",J. Kenner,4.14,445,3.916579880971271
1894,Wedding Night,Sophie Kinsella,3.4,593,3.6731614958228205
1895,The Doll's House (The Sandman #2),"Neil Gaiman, Steve Parkhouse, Chris Bachalo, Michael Zulli, Mike Dringenberg, Malcolm Jones III, Todd Klein, Clive Barker",4.44,862,4.145138951448175
1896,"Pollyanna (Pollyanna, #1)",Eleanor H. Porter,3.95,705,3.9296755320334205
1897,The Lost Boy (Dave Pelzer #2),Dave Pelzer,4.08,434,3.8937107604178944
1898,"Dust (Silo, #3)",Hugh Howey,4.26,689,4.007177703173705
1899,Lone Wolf,Jodi Picoult,3.67,711,3.7739212607955412
1900,Nightmares and Dreamscapes,Stephen King,3.9,1013,3.871160935823921
1901,"Shadowfever (Fever, #5)",Karen Marie Moning,4.46,762,4.127898512352679
1902,The Associate,John Grisham,3.64,851,3.7835953726887253
1903,"Son (The Giver, #4)",Lois Lowry,3.98,788,3.8970773157255536
1904,The Sandman: Overture,"Neil Gaiman, J.H. Williams III, Dave Stewart, Todd Klein",3.94,208,3.999580264022623
1905,"Blood Song (Raven's Shadow, #1)",Anthony  Ryan,4.47,583,4.089274247457952
1906,"Rules of Attraction (Perfect Chemistry, #2)",Simone Elkeles,4.22,538,3.9432097308634155
1907,The Merry Adventures of Robin Hood,Howard Pyle,4.05,709,3.9880470441658855
1908,Less Than Zero,Bret Easton Ellis,3.58,695,3.7357314992495105
1909,Someone Knows My Name,Lawrence Hill,4.44,557,4.048591078422039
1910,The Arabian Nights,"Anonymous, Richard Francis Burton, A.S. Byatt",4.06,844,3.979952220788721
1911,"Faithful Place (Dublin Murder Squad, #3)",Tana French,3.97,790,3.9220510990928323
1912,Euphoria,Lily King,3.84,782,3.8712823118496695
1913,"Rachel's Holiday (Walsh Family, #2)",Marian Keyes,3.93,476,3.8801046190560933
1914,The Caves of Steel (Robot #1),Isaac Asimov,4.14,694,3.9628753564224555
1915,"Dance Dance Dance (The Rat, #4)",Haruki Murakami,4.03,544,3.922529304960046
1916,"The Mouse and the Motorcycle (Ralph S. Mouse, #1)","Beverly Cleary, Louis Darling, Tracy Dockray",3.9,979,3.894140360553238
1917,"The Forest of Hands and Teeth (The Forest of Hands and Teeth, #1)",Carrie Ryan,3.59,675,3.7420456425066604
1918,"The Elfstones of Shannara  (The Original Shannara Trilogy, #2)",Terry Brooks,3.96,703,3.869599787894975
1919,"Dash & Lily's Book of Dares (Dash & Lily, #1)","Rachel Cohn, David Levithan",3.82,466,3.8447532530781796
1920,The Luminaries,Eleanor Catton,3.7,647,3.8475440707834547
1921,If You Give a Moose a Muffin,"Laura Joffe Numeroff, Felicia Bond",4.17,605,3.967186064270771
1922,Velocity,Dean Koontz,3.85,731,3.860522827678861
1923,Barrel Fever: Stories and Essays,David Sedaris,3.78,722,3.825168102056778
1924,"Reaper Man (Discworld, #11; Death, #2)",Terry Pratchett,4.27,912,4.047993729648047
1925,"Piercing the Darkness (Darkness, #2)",Frank E. Peretti,4.3,467,3.978399368993266
1926,Made to Stick: Why Some Ideas Survive and Others Die,"Chip Heath, Dan Heath",3.97,405,3.95106117488337
1927,Alive: The Story of the Andes Survivors,Piers Paul Read,4.08,585,3.9254615535844373
1928,On Beauty,Zadie Smith,3.68,686,3.7875032312825416
1929,Battlefield of the Mind: Winning the Battle in Your Mind,Joyce Meyer,4.33,203,3.94680639090769
1930,"Dance Upon the Air (Three Sisters Island, #1)",Nora Roberts,4.19,567,3.9739124824258045
1931,"Castle of Wizardry (The Belgariad, #4)",David Eddings,4.16,807,3.936807367052084
1932,"Lover Unleashed (Black Dagger Brotherhood, #9)",J.R. Ward,4.28,718,4.017077006027819
1933,أحببتك أكثر مما ينبغي,أثير عبدالله النشمي,3.67,259,3.8140882932971634
1934,"Heat Wave (Nikki Heat, #1)",Richard Castle,3.54,509,3.7474795954197644
1935,Kindle Paperwhite User's Guide,Amazon,3.72,33,3.915451479883464
1936,A Widow for One Year,John Irving,3.74,842,3.7964779115574387
1937,"Out of the Silent Planet (Space Trilogy, #1)",C.S. Lewis,3.92,715,3.885726418267613
1938,"Charlie and the Great Glass Elevator (Charlie Bucket, #2)","Roald Dahl, Quentin Blake",3.64,953,3.7737858156577166
1939,If You Give a Pig a Pancake ,"Laura Joffe Numeroff, Felicia Bond",4.23,600,3.9884386230088227
1940,The Wasp Factory,Iain Banks,3.85,677,3.868312755366719
1941,Night Film,Marisha Pessl,3.78,680,3.845948116186963
1942,Stories I Only Tell My Friends,Rob Lowe,3.77,485,3.862737813332497
1943,Crazy Rich Asians (Crazy Rich Asians #1),Kevin Kwan,3.7,673,3.7843939354354976
1944,"Rebel Angels (Gemma Doyle, #2)",Libba Bray,3.98,721,3.941312407585656
1945,"Bloodfever (Fever, #2)",Karen Marie Moning,4.3,776,4.042129162471301
1946,"Faefever (Fever, #3)",Karen Marie Moning,4.34,751,4.053548014571846
1947,My Sister's Grave (Tracy Crosswhite #1),Robert Dugoni,4.0,417,3.8881971330010687
1948,"Library of Souls (Miss Peregrine's Peculiar Children, #3)",Ransom Riggs,4.15,640,3.927164357821572
1949,Howards End,E.M. Forster,3.95,830,3.913155887450931
1950,"Hellboy, Vol. 1: Seed of Destruction (Hellboy, #1)","Mike Mignola, John Byrne",4.11,408,3.968782522535168
1951,"The Evolution of Mara Dyer (Mara Dyer, #2)",Michelle Hodkin,4.33,565,4.016855142693295
1952,"The Sword of Summer (Magnus Chase and the Gods of Asgard, #1)",Rick Riordan,4.26,553,3.9840865865935537
1953,"The Man in the Iron Mask (The D'Artagnan Romances, #3.3)","Alexandre Dumas, Francine du Plessix Gray, Joachim Neugroschel",3.97,904,3.9205571561400023
1954,The Haunting of Hill House,"Shirley Jackson, Laura   Miller",3.89,756,3.908287600342203
1955,The Rum Diary,Hunter S. Thompson,3.83,470,3.8493711934451964
1956,"Little Town on the Prairie  (Little House, #7)","Laura Ingalls Wilder, Garth Williams",4.18,921,4.0396979396290895
1957,I Capture the Castle,Dodie Smith,4.0,877,3.9277778061257997
1958,"Destined (House of Night, #9)","P.C. Cast, Kristin Cast",4.04,607,3.8648337047740204
1959,"Finger Lickin' Fifteen (Stephanie Plum, #15)",Janet Evanovich,3.98,905,3.9047701915995816
1960,Women,Charles Bukowski,3.89,406,3.891834634396147
1961,"North and South (North and South, #1)",John Jakes,4.19,751,3.9738089786892803
1962,"Silver Borne (Mercy Thompson, #5)",Patricia Briggs,4.38,707,4.083938579209774
1963,"The Bourne Ultimatum (Jason Bourne, #3)",Robert Ludlum,4.04,696,3.941063412323513
1964,"Fool's Errand (Tawny Man, #1)",Robin Hobb,4.29,747,4.043281938744673
1965,"The Young Elites (The Young Elites, #1)",Marie Lu,3.93,592,3.8981082664010653
1966,"Jewels of the Sun (Gallaghers of Ardmore, #1)",Nora Roberts,4.22,559,3.973792491544074
1967,Meditations,"Marcus Aurelius, Martin Hammond, Diskin Clay",4.2,445,3.9768764416062306
1968,"Peter and the Starcatchers (Peter and the Starcatchers, #1)","Dave Barry, Ridley Pearson, Greg Call",4.01,656,3.916362947526334
1969,Collapse: How Societies Choose to Fail or Succeed,Jared Diamond,3.92,642,3.89102632966175
1970,Possession,A.S. Byatt,3.88,927,3.8863082050693336
1971,"Revelations (Blue Bloods, #3)",Melissa de la Cruz,3.89,544,3.8610550835368596
1972,"Without Remorse (Jack Ryan Universe, #1)",Tom Clancy,4.16,684,3.979304447000272
1973,The Interpretation of Dreams,Sigmund Freud,3.81,368,3.8400938322951674
1974,Ghost Story,Peter Straub,3.95,765,3.877868339352597
1975,"The Penultimate Peril (A Series of Unfortunate Events, #12)","Lemony Snicket, Brett Helquist",4.02,836,3.91886985098577
1976,I'm a Stranger Here Myself: Notes on Returning to America after Twenty Years Away,Bill Bryson,3.89,729,3.908038171341647
1977,"The End (A Series of Unfortunate Events, #13)","Lemony Snicket, Brett Helquist",3.99,826,3.913979604517075
1978,The Liars' Club,Mary Karr,3.92,698,3.9017288401973103
1979,"Dead Ever After (Sookie Stackhouse, #13)",Charlaine Harris,3.39,842,3.648131968818973
1980,The Illustrated Man,Ray Bradbury,4.13,857,3.969281539558537
1981,"Naked (The Blackstone Affair, #1)",Raine Miller,4.02,486,3.8862253378999023
1982,"Annihilation (Southern Reach, #1)",Jeff VanderMeer,3.62,587,3.7716388165804378
1983,"Breathe (Sea Breeze, #1)",Abbi Glines,3.88,688,3.8342971046098633
1984,The Runaway Bunny,"Margaret Wise Brown, Clement Hurd",4.14,819,4.02571764144581
1985,The Grand Design,"Stephen Hawking, Leonard Mlodinow",4.0,343,3.89589528034045
1986,The Innocent Man: Murder and Injustice in a Small Town,John Grisham,3.79,691,3.8559382678045244
1987,The Bachman Books,"Richard Bachman, Stephen King",4.1,889,3.973622616605909
1988,Zealot: The Life and Times of Jesus of Nazareth,Reza Aslan,3.82,403,3.8903665006900825
1989,"Soul of the Fire (Sword of Truth, #5)",Terry Goodkind,3.87,749,3.822431597233509
1990,The Art of Hearing Heartbeats,"Jan-Philipp Sendker, Kevin Wiliarty",3.98,703,3.915795295780071
1991,"Consider Phlebas (Culture, #1)",Iain M. Banks,3.85,586,3.8541681937058296
1992,The Magic of Thinking Big,David J. Schwartz,4.19,219,3.9395535485904434
1993,"The Vampire Armand (The Vampire Chronicles, #6)",Anne Rice,3.75,879,3.779739368009813
1994,"Forever Too Far (Rosemary Beach, #3; Too Far, #3)",Abbi Glines,4.24,681,4.004522258927958
1995,"A Storm of Swords: Steel and Snow (A Song of Ice and Fire, #3: Part 1 of 2)",George R.R. Martin,4.49,483,4.075402681742684
1996,Pinocchio,"Carlo Collodi, John Boyne, Monteiro Lobato, Unknown",3.86,602,3.8745538240153774
1997,"Grave Mercy (His Fair Assassin, #1)",Robin LaFevers,3.92,634,3.898813471059145
1998,The Power of a Praying Wife,Stormie Omartian,4.31,273,3.9576255972907224
1999,Tropic of Cancer,Henry Miller,3.71,684,3.7947847881470835
2000,The Hour I First Believed,Wally Lamb,3.8,815,3.8047498023067243
2001,Harry Potter: Film Wizardry,Brian Sibley,4.48,277,4.003031140151381
2002,The Death of Ivan Ilych,"Leo Tolstoy, Aylmer Maude",4.04,607,3.9398071283738636
2003,Circling the Sun,Paula McLain,3.93,712,3.9008705176465712
2004,Travels with Charley: In Search of America,John Steinbeck,4.07,743,3.9518625698240557
2005,The Dovekeepers,Alice Hoffman,4.02,795,3.9242734169708937
2006,"The Republic of Thieves (Gentleman Bastard, #3)",Scott Lynch,4.23,726,3.992350249458431
2007,The Thief Lord,Cornelia Funke,3.95,818,3.8921169396700233
2008,"World After (Penryn & the End of Days, #2)",Susan Ee,4.22,573,4.002519409423719
2009,"Brother Odd (Odd Thomas, #3)",Dean Koontz,3.98,695,3.9101035997134366
2010,Black Like Me,John Howard Griffin,4.12,725,3.9550817616871923
2011,Snuff,Chuck Palahniuk,3.18,529,3.6357674372799433
2012,"Jack & Jill (Alex Cross, #3)",James Patterson,3.95,795,3.8857982486420326
2013,Saturday,Ian McEwan,3.61,714,3.775335100323395
2014,"When the Bough Breaks (Alex Delaware, #1)",Jonathan Kellerman,4.02,559,3.908823825988965
2015,The Bridges of Madison County,Robert James Waller,3.51,893,3.6307419478814484
2016,"Gone Tomorrow (Jack Reacher, #13)",Lee Child,4.17,694,3.970344811685753
2017,"The Sorceress (The Secrets of the Immortal Nicholas Flamel, #3)",Michael Scott,4.11,575,3.9432674075899317
2018,"Bring Up the Bodies (Thomas Cromwell, #2)",Hilary Mantel,4.26,711,4.0107953685521105
2019,"The Maze of Bones  (The 39 Clues, #1)",Rick Riordan,3.83,534,3.8439113810550123
2020,How to Cook Everything: Simple Recipes for Great Food,Mark Bittman,4.02,324,3.977675517212396
2021,"The Twilight Collection (Twilight, #1-3)",Stephenie Meyer,3.78,427,3.8086339081332716
2022,Concerning the Spiritual in Art,Wassily Kandinsky,3.81,171,3.88116427184386
2023,"Forrest Gump (Forrest Gump, #1)",Winston Groom,4.06,537,3.9262896876157964
2024,The Fall,"Albert Camus, Justin O'Brien",4.05,545,3.934746003908078
2025,Even Cowgirls Get the Blues,Tom Robbins,3.74,844,3.773955085976687
2026,The Moonstone,"Wilkie Collins, Carolyn G. Heilbrun",3.9,680,3.9050783639964557
2027,If on a Winter's Night a Traveler,"Italo Calvino, William Weaver",4.08,621,3.9436058849401032
2028,"Son of a Witch (The Wicked Years, #2)","Gregory Maguire, Douglas Smith",3.45,768,3.694306462322336
2029,On Chesil Beach,Ian McEwan,3.54,657,3.769997975585156
2030,"M is for Malice (Kinsey Millhone, #13)",Sue Grafton,4.07,578,3.938245623922315
2031,"Point of Origin (Kay Scarpetta, #9)",Patricia Cornwell,4.02,640,3.922220117861126
2032,"Sarah, Plain and Tall (Sarah, Plain and Tall, #1)",Patricia MacLachlan,3.72,976,3.7993865791135777
2033,عزازيل,يوسف زيدان,4.07,390,3.9575987267035644
2034,"Bloodsucking Fiends (A Love Story, #1)",Christopher Moore,3.93,683,3.9089879678756008
2035,Squirrel Seeks Chipmunk: A Modest Bestiary,"David Sedaris, Ian Falconer",3.34,688,3.7229659479433748
2036,The Gifts of Imperfection: Let Go of Who You Think You're Supposed to Be and Embrace Who You Are,Brené Brown,4.17,396,3.96981366525573
2037,Commonwealth,Ann Patchett,3.84,758,3.9037389880527305
2038,"The Van Alen Legacy (Blue Bloods, #4)",Melissa de la Cruz,3.95,542,3.896892109703656
2039,Blueberries for Sal,Robert McCloskey,4.18,848,4.025349938639554
2040,"Losing Hope (Hopeless, #2)",Colleen Hoover,4.39,621,4.073512063810918
2041,Lisey's Story,Stephen King,3.65,937,3.7512951780770827
2042,Proof of Heaven: A Neurosurgeon's Journey into the Afterlife,Eben Alexander,3.68,385,3.8233036993180907
2043,"Men at Arms (Discworld, #15; City Watch #2)",Terry Pratchett,4.36,877,4.0779746660878855
2044,The Year of Living Biblically: One Man's Humble Quest to Follow the Bible as Literally as Possible,A.J. Jacobs,3.76,705,3.8543559542473913
2045,God Emperor of Dune (Dune Chronicles #4),Frank Herbert,3.81,772,3.8275968245364993
2046,The One & Only,Emily Giffin,3.11,621,3.5661007497599555
2047,"The Valley of Horses (Earth's Children, #2)",Jean M. Auel,3.98,818,3.8801067309926474
2048,Six Years,Harlan Coben,3.8,608,3.8380681544162654
2049,"Ramona the Pest (Ramona, #2)",Beverly Cleary,4.04,849,3.9489564285924246
2050,"Night World, No. 2 (Night World, #4-6)",L.J. Smith,4.2,442,3.9682039576789787
2051,Geek Love,Katherine Dunn,3.98,710,3.9049977678371723
2052,"The Oedipus Cycle: Oedipus Rex/Oedipus at Colonus/Antigone (The Theban Plays, #1–3)","Sophocles, Dudley Fitts, Elena Bono, Robert Fitzgerald",3.96,613,3.917145642414882
2053,All the King's Men,Robert Penn Warren,4.08,870,3.964598976024293
2054,"Girls in Pants: The Third Summer of the Sisterhood (Sisterhood, #3)",Ann Brashares,3.82,722,3.8356816908703193
2055,The Woods,Harlan Coben,4.04,648,3.953190001937651
2056,"New Spring (Wheel of Time, #0)",Robert Jordan,4.01,683,3.9154281546410172
2057,The Litigators,John Grisham,3.77,693,3.8358070146493395
2058,My Grandmother Asked Me to Tell You She's Sorry,"Fredrik Backman, Henning Koch",4.02,662,3.9530029205572426
2059,"American Assassin (Mitch Rapp, #1)",Vince Flynn,4.24,526,4.001416679682709
2060,"Daring Greatly: How the Courage to Be Vulnerable Transforms the Way We Live, Love, Parent, and Lead",Brené Brown,4.24,406,3.9769383348311216
2061,Burial Rites,Hannah Kent,4.01,538,3.9181849971149436
2062,Fingersmith,Sarah Waters,4.02,560,3.89795855918095
2063,A Year in Provence,Peter Mayle,3.94,747,3.8964443939929474
2064,The Miraculous Journey of Edward Tulane,"Kate DiCamillo, Bagram Ibatoulline",4.34,551,4.032009057091554
2065,The Last Letter from Your Lover,Jojo Moyes,3.94,583,3.8919170195330386
2066,"Gorky Park (Arkady Renko, #1)",Martin Cruz Smith,4.04,799,3.9471617645342327
2067,The House Girl,Tara Conklin,3.75,546,3.8426793028689143
2068,Out of the Dust,Karen Hesse,3.73,667,3.87355452852412
2069,"Queen of Babble (Queen of Babble, #1)",Meg Cabot,3.71,494,3.8180835456863216
2070,"The Third Wheel (Diary of a Wimpy Kid, #7)",Jeff Kinney,4.21,247,3.9169181535364723
2071,"Code Name Verity (Code Name Verity, #1)",Elizabeth Wein,4.08,713,3.9669451648141374
2072,"Burned (Burned, #1)",Ellen Hopkins,4.24,330,3.9526036420198682
2073,Master of the Game,Sidney Sheldon,4.09,481,3.9183875763213187
2074,"The Body Farm (Kay Scarpetta, #5)",Patricia Cornwell,4.04,686,3.943962535788784
2075,"The Boy Next Door (Boy, #1)",Meg Cabot,3.83,496,3.8397764603845417
2076,The Epic of Gilgamesh,"Anonymous, N.K. Sandars",3.63,730,3.7552307389114836
2077,"The Luxe (Luxe, #1)",Anna Godbersen,3.63,612,3.7413475872022586
2078,The Complete Tales,Beatrix Potter,4.36,885,4.077188437777856
2079,"American Pastoral (The American Trilogy, #1)",Philip Roth,3.91,723,3.8762240742618648
2080,Big Magic: Creative Living Beyond Fear,Elizabeth Gilbert,3.9,350,3.9029061494756636
2081,"Skin Game (The Dresden Files, #15)",Jim Butcher,4.55,750,4.135946371311509
2082,The Qur'an / القرآن الكريم,Anonymous,4.34,303,3.9173581072895622
2083,The Darkest Night (Lords of the Underworld #1),Gena Showalter,4.09,484,3.956989293121797
2084,Anathem,Neal Stephenson,4.18,725,4.011240896731542
2085,The Lacuna,Barbara Kingsolver,3.76,759,3.8367541280578594
2086,"Hogfather (Discworld, #20; Death, #4)",Terry Pratchett,4.22,887,4.012778639066709
2087,Open House,Elizabeth Berg,3.68,675,3.8007962488775977
2088,The Silver Star,Jeannette Walls,3.68,743,3.811998794022049
2089,The Hotel New Hampshire,John Irving,3.89,887,3.850731524472794
2090,"The Laughing Corpse (Anita Blake, Vampire Hunter, #2)",Laurell K. Hamilton,4.11,734,3.9673077785836117
2091,"Key of Light (Key Trilogy, #1)",Nora Roberts,4.16,550,3.974812044467784
2092,Identical,Ellen Hopkins,4.34,305,3.9841225883946727
2093,The Stand: Soul Survivors,"Roberto Aguirre-Sacasa, Mike Perkins, Laura       Martin, Stephen King",4.52,532,4.120549717072129
2094,"Smokin' Seventeen (Stephanie Plum, #17)","Janet Evanovich, Lorelei King",3.94,833,3.884973566057025
2095,The Sneetches and Other Stories,Dr. Seuss,4.31,828,4.110251098213717
2096,"Polar Bear, Polar Bear, What Do You Hear?","Bill Martin Jr., Eric Carle",4.16,565,3.9607043376741
2097,Demian. Die Geschichte von Emil Sinclairs Jugend,Hermann Hesse,4.1,500,3.9139542227831976
2098,"God Bless You, Mr. Rosewater",Kurt Vonnegut Jr.,3.94,692,3.9024821238811125
2099,"Skip Beat!, Vol. 01","Yoshiki Nakamura, Tomo Kimura",4.26,323,3.9743346507966524
2100,Batman: The Dark Knight Returns #1,Frank Miller,4.21,132,3.9629789533967896
2101,"The Harry Potter Collection 1-4 (Harry Potter, #1-4)","J.K. Rowling, Mary GrandPré",4.66,560,4.140445486722179
2102,The Windup Girl,Paolo Bacigalupi,3.74,742,3.8405125529535487
2103,The Importance of Being Earnest and Other Plays,"Oscar Wilde, Richard Allen Cave",4.26,633,4.033318965721396
2104,"Isla and the Happily Ever After (Anna and the French Kiss, #3)",Stephanie Perkins,4.1,638,3.960082098962001
2105,"Magic Bites (Kate Daniels, #1)",Ilona Andrews,4.07,651,3.927601856900894
2106,"This Man Confessed (This Man, #3)",Jodi Ellen Malpas,4.43,426,4.017691141469593
2107,Suite Française,"Irène Némirovsky, Sandra Smith",3.82,776,3.845840249727858
2108,The Letters of Vincent van Gogh,"Vincent van Gogh, Ronald de Leeuw, Mark Roskill, Arnold J. Pomerans",3.99,228,3.939229766770296
2109,"Sourcery (Discworld, #5; Rincewind #3)",Terry Pratchett,3.87,861,3.8890007742823727
2110,"Scott Pilgrim, Volume 2: Scott Pilgrim vs. The World",Bryan Lee O'Malley,4.24,405,3.9819701511023826
2111,Batman: Arkham Asylum - A Serious House on Serious Earth,"Grant Morrison, Dave McKean",4.09,458,3.959969041410369
2112,"P.S. I Still Love You (To All the Boys I've Loved Before, #2)",Jenny Han,4.17,593,3.9647083294099175
2113,"Memory Man (Amos Decker, #1)",David Baldacci,4.05,543,3.923644914142986
2114,Mudbound,Hillary Jordan,3.99,653,3.913498762091642
2115,Black Hawk Down,Mark Bowden,4.28,512,3.982519222680734
2116,"A Darker Shade of Magic (Shades of Magic, #1)","V.E. Schwab, Victoria Schwab",4.07,649,3.9094830156576874
2117,The Lost City of Z: A Tale of Deadly Obsession in the Amazon,David Grann,3.86,571,3.858629178634504
2118,"Firefight (The Reckoners, #2)",Brandon Sanderson,4.29,796,4.036136862087035
2119,"The Magicians' Guild (Black Magician Trilogy, #1)",Trudi Canavan,3.96,498,3.8822721090047114
2120,"The Necromancer  (The Secrets of the Immortal Nicholas Flamel, #4)",Michael Scott,4.12,551,3.94421375876082
2121,"61 Hours (Jack Reacher, #14)",Lee Child,4.08,675,3.950637244942924
2122,Cut,Patricia McCormick,3.76,379,3.807232271238766
2123,George's Marvellous Medicine,"Roald Dahl, Quentin Blake",4.02,632,3.933464261183362
2124,A Thousand Acres,Jane Smiley,3.79,965,3.837513299092252
2125,"The Book of Three (The Chronicles of Prydain, #1)",Lloyd Alexander,4.0,795,3.931867200193696
2126,"Cry Wolf (Alpha & Omega, #1)",Patricia Briggs,4.11,644,3.9645986299087914
2127,Olivia,Ian Falconer,4.13,650,4.02153596707786
2128,"Plainsong (Plainsong, #1)",Kent Haruf,4.0,794,3.9141048880831724
2129,Ghost World,Daniel Clowes,3.87,514,3.899909862800335
2130,"Torn (Trylle, #2)",Amanda Hocking,4.04,531,3.8839579737875347
2131,Fathers and Sons,"Ivan Turgenev, George Reavy, Jane Costlow",3.94,554,3.9004885432408503
2132,The Goal: A Process of Ongoing Improvement,"Eliyahu M. Goldratt, Jeff Cox",4.0,296,3.911547301051688
2133,Caleb's Crossing,Geraldine Brooks,3.81,758,3.8459563950588698
2134,"Evernight (Evernight, #1)",Claudia Gray,3.64,572,3.77310807541095
2135,"Bad Luck and Trouble (Jack Reacher, #11)",Lee Child,4.17,688,3.985236461244236
2136,The Jane Austen Book Club,Karen Joy Fowler,3.07,788,3.525182787452425
2137,The Children Act,Ian McEwan,3.68,644,3.857160160358827
2138,"Sizzling Sixteen (Stephanie Plum, #16)",Janet Evanovich,3.93,798,3.9087182331004433
2139,Elon Musk: Inventing the Future,Ashlee Vance,4.25,262,3.9739425088695883
2140,"Caliban's War (The Expanse, #2)",James S.A. Corey,4.28,566,3.992222001112413
2141,"Barely Breathing (Breathing, #2)",Rebecca Donovan,4.33,528,4.016049452989877
2142,The Iliad/The Odyssey,"Homer, Robert Fagles, Bernard Knox",4.03,756,3.93307714741652
2143,Kingdom Come,"Mark Waid, Alex Ross, Elliot S. Maggin",4.24,467,3.9893263404010244
2144,Papillon,Henri Charrière,4.23,535,3.9885835017446554
2145,Tipping the Velvet,Sarah Waters,4.0,388,3.9084469046372554
2146,"The Wishing Spell (The Land of Stories, #1)","Chris Colfer, Brandon Dorman",4.21,242,3.918735344542366
2147,The 19th Wife,David Ebershoff,3.63,848,3.767005512272646
2148,Monster,Walter Dean Myers,3.7,498,3.813750390599182
2149,"A Song of Ice and Fire (A Song of Ice and Fire, #1-4)",George R.R. Martin,4.63,445,4.101776460064361
2150,"Body of Evidence (Kay Scarpetta, #2)",Patricia Cornwell,4.0,682,3.916993653301083
2151,Saga #1,"Brian K. Vaughan, Fiona Staples",4.15,251,3.9891128907584763
2152,"Perfect (Pretty Little Liars, #3)",Sara Shepard,4.02,404,3.8733934738008
2153,"The Secret of Ella and Micha (The Secret, #1)",Jessica Sorensen,4.01,580,3.92581791770869
2154,"Hounded (The Iron Druid Chronicles, #1)",Kevin Hearne,4.12,634,3.9677105663576073
2155,From a Buick 8,Stephen King,3.42,911,3.679824645217142
2156,"Red Mars (Mars Trilogy, #1)",Kim Stanley Robinson,3.84,628,3.830458043766304
2157,The Yellow Wall-Paper,"Charlotte Perkins Gilman, Elaine Hedges",4.11,594,3.99403555235451
2158,The Time Machine/The Invisible Man,"H.G. Wells, Alfred MacAdam",4.08,785,3.9717179466456045
2159,"Sea Swept (Chesapeake Bay Saga, #1)",Nora Roberts,4.24,511,3.9819176258160036
2160,"The Blinding Knife (Lightbringer, #2)",Brent Weeks,4.45,569,4.069409066793922
2161,Since You've Been Gone,Morgan Matson,4.19,423,4.006497399452758
2162,An Object of Beauty,Steve Martin,3.58,338,3.83561699304657
2163,What to Expect When You're Expecting,"Heidi Murkoff, Arlene Eisenberg, Sandee Hathaway",3.75,544,3.789721788866559
2164,"The Icebound Land (Ranger's Apprentice, #3)",John Flanagan,4.22,484,3.970808916987687
2165,"Anybody Out There? (Walsh Family, #4)",Marian Keyes,3.91,399,3.901486279074658
2166,"Zero to One: Notes on Startups, or How to Build the Future","Peter Thiel, Blake  Masters",4.17,229,3.954883474450158
2167,"Empire of Storms (Throne of Glass, #5)",Sarah J. Maas,4.58,652,4.154678426318074
2168,"A Christmas Carol, The Chimes and The Cricket on the Hearth","Charles Dickens, Katharine Kroeber Wiley",4.11,678,3.984080762278753
2169,The Grownup,Gillian Flynn,3.54,556,3.7802322643221835
2170,Smoke and Mirrors: Short Fiction and Illusions,Neil Gaiman,4.05,746,3.957128837949752
2171,"The Oath of the Vayuputras (Shiva Trilogy, #3)",Amish Tripathi,3.66,251,3.7934865370939757
2172,Welcome to the Monkey House,Kurt Vonnegut Jr.,4.13,669,3.9758921108217202
2173,Dad Is Fat,Jim Gaffigan,3.76,591,3.8212709764255672
2174,Truman,David McCullough,4.15,375,3.9996253330821103
2175,Alexander Hamilton,Ron Chernow,4.26,433,4.020713618386293
2176,The Cat in the Hat and Other Dr. Seuss Favorites,"Dr. Seuss, Various",4.41,611,4.071131178776646
2177,Dead Souls,"Nikolai Gogol, Robert A. Maguire",3.98,500,3.9133590909614995
2178,"The Deal (Off-Campus, #1)",Elle Kennedy,4.3,546,4.042528691735276
2179,"The Crown (The Selection, #5)",Kiera Cass,3.8,573,3.8125918442608837
2180,"Zero Day (John Puller, #1)",David Baldacci,3.99,558,3.8880614856714075
2181,Tikki Tikki Tembo,"Arlene Mosel, Blair Lent",4.21,772,4.035556666773861
2182,"Night World, No. 1 (Night World, #1-3)",L.J. Smith,4.04,467,3.9231574579873776
2183,"Love Unscripted (Love, #1)",Tina Reber,4.04,576,3.913692011924277
2184,"Pop Goes the Weasel (Alex Cross, #5)",James Patterson,3.98,760,3.891468989611198
2185,"Bully (Fall Away, #1)",Penelope Douglas,4.15,601,3.9558846238941268
2186,The Six Wives of Henry VIII,Alison Weir,4.1,472,3.9609134421973042
2187,We,"Yevgeny Zamyatin, Clarence Brown",3.95,487,3.894690385978892
2188,Pigs in Heaven,Barbara Kingsolver,3.97,777,3.9133588517563007
2189,"The Ghost Brigades (Old Man's War, #2)",John Scalzi,4.09,621,3.9397198026661897
2190,"Cry, the Beloved Country",Alan Paton,3.87,875,3.8795393765107806
2191,Faeries,"Brian Froud, Alan Lee",3.89,280,3.9215348082877544
2192,Confessions of an Ugly Stepsister,Gregory Maguire,3.51,783,3.7185439212257974
2193,How to Be Good,Nick Hornby,3.18,709,3.6185980418899106
2194,"Lady Midnight (The Dark Artifices, #1)",Cassandra Clare,4.47,618,4.0936536064853515
2195,"Inkdeath (Inkworld, #3)",Cornelia Funke,3.93,608,3.895664754539287
2196,Foundation's Edge (Foundation #4),Isaac Asimov,4.08,699,3.9204050872892076
2197,Jude the Obscure,Thomas Hardy,3.8,719,3.8470053601551135
2198,"Queen of Sorcery (The Belgariad, #2)",David Eddings,4.13,746,3.9399975499883753
2199,The Lottery and Other Stories,Shirley Jackson,4.06,862,3.9879632182062412
2200,"Into the Gauntlet (The 39 Clues, #10)",Margaret Peterson Haddix,3.99,303,3.9099422103031127
2201,"Wings (Wings, #1)",Aprilynne Pike,3.75,501,3.803971498568136
2202,"Gossip Girl (Gossip Girl, #1)",Cecily von Ziegesar,3.51,435,3.7185769086501628
2203,The Odessa File,Frederick Forsyth,4.1,591,3.9415216397801656
2204,The Burgess Boys,Elizabeth Strout,3.54,771,3.7711357969264627
2205,Sapiens: A Brief History of Humankind,Yuval Noah Harari,4.41,326,4.022848888363943
2206,Lies That Chelsea Handler Told Me,"Chelsea Handler, Johnny Kansas, Stephanie Stehling, Heather McDonald, Roy Handler, Brad Wollack, Amber Mazzola, Josh Wolf, Shoshanna Handler, Eva Magdalenski, Amy Meyer, Glen Handler, Dave Mallow, Sarah Colonna",3.74,353,3.833311994092876
2207,"Broken Harbour (Dublin Murder Squad, #4)",Tana French,3.92,665,3.908100189965104
2208,"Down to You (The Bad Boys, #1)",M. Leighton,4.05,463,3.885241453503686
2209,The Complete Works,William Shakespeare,4.49,719,4.149748476039913
2210,The Dispossessed,Ursula K. Le Guin,4.18,633,3.977067931695035
2211,"Faceless Killers (Kurt Wallander, #1)","Henning Mankell, Steven T. Murray",3.78,513,3.855558542811438
2212,The Confession,John Grisham,3.81,653,3.846406633143843
2213,Lightning,Dean Koontz,4.06,764,3.9426103381898923
2214,"Cat and Mouse (Alex Cross, #4)","James Patterson, Keith David, Anthony Heald",3.96,751,3.9039078758052126
2215,"Superfudge (Fudge, #3)",Judy Blume,3.98,775,3.898438746249991
2216,The Couple Next Door,Shari Lapena,3.74,492,3.8154740659825435
2217,"Hallowed (Unearthly, #2)",Cynthia Hand,4.15,462,3.9722445841457756
2218,Ancillary Justice (Imperial Radch #1),Ann Leckie,3.97,589,3.8996310860468024
2219,"The Pillars of Creation (Sword of Truth, #7)",Terry Goodkind,3.67,659,3.753393834906001
2220,Built to Last: Successful Habits of Visionary Companies,"James C. Collins, Jerry I. Porras",3.98,333,3.915031573741233
2221,The Life We Bury,Allen Eskens,3.93,682,3.8708141977890818
2222,Fireproof,Eric Wilson,4.47,206,3.975053942539571
2223,"The Eagle Has Landed (Liam Devlin, #1)",Jack Higgins,4.15,525,3.9621282358192733
2224,"The Lunatic Cafe (Anita Blake, Vampire Hunter #4)",Laurell K. Hamilton,4.12,702,3.959314286002554
2225,"John Dies at the End (John Dies at the End, #1)",David Wong,3.92,547,3.886190748881264
2226,The Demon-Haunted World: Science as a Candle in the Dark,"Carl Sagan, Ann Druyan",4.27,440,4.020624131668584
2227,Stolen: A Letter to My Captor,Lucy Christopher,3.93,435,3.872108760318583
2228,Solaris,Stanisław Lem,3.97,499,3.8954429110597317
2229,Prozac Nation,Elizabeth Wurtzel,3.57,540,3.7433106321819496
2230,The Black Cauldron (The Chronicles of Prydain #2),Lloyd Alexander,4.13,701,3.996500973020043
2231,This Is Your Brain on Music: The Science of a Human Obsession,Daniel J. Levitin,3.86,259,3.9044099774491814
2232,The First Phone Call from Heaven,Mitch Albom,3.73,422,3.84860343290433
2233,Possible Side Effects,Augusten Burroughs,3.97,482,3.879935800121884
2234,Still Life with Bread Crumbs,Anna Quindlen,3.63,569,3.8184515409264312
2235,"The A.B.C. Murders (Hercule Poirot, #13)",Agatha Christie,3.97,619,3.899637237004728
2236,Holy Bible: New International Version,Anonymous,4.61,350,4.030332144378623
2237,"Lover Reborn (Black Dagger Brotherhood, #10)",J.R. Ward,4.35,656,4.042159386016777
2238,"The Duke and I (Bridgertons, #1)",Julia Quinn,4.11,433,3.9512906964250956
2239,"Dragons of Spring Dawning (Dragonlance: Chronicles, #3)","Margaret Weis, Tracy Hickman",4.12,489,3.9475332657656548
2240,A Raisin in the Sun,Lorraine Hansberry,3.72,719,3.828051008551891
2241,"Altered Carbon (Takeshi Kovacs, #1)",Richard K. Morgan,4.1,575,3.924467202496785
2242,"The Sum of All Fears (Jack Ryan Universe, #7)",Tom Clancy,3.99,639,3.9078861543135313
2243,The Good Neighbor,A.J. Banner,3.33,382,3.6904674393795096
2244,"Saga, Vol. 2 (Saga, #2)","Brian K. Vaughan, Fiona Staples",4.57,528,4.134881039947672
2245,"The Enemy (Jack Reacher, #8)",Lee Child,4.15,683,3.9905636669042064
2246,Flash Boys: A Wall Street Revolt,Michael   Lewis,4.12,408,3.9278582638938535
2247,The Diving Bell and the Butterfly,"Jean-Dominique Bauby, Jeremy Leggatt",4.01,565,3.9607043376741
2248,Killing Kennedy: The End of Camelot,"Bill O'Reilly, Martin Dugard",4.05,366,3.94465322417552
2249,Rogue Lawyer,John Grisham,3.7,496,3.8045798965236575
2250,The Life and Times of the Thunderbolt Kid,Bill Bryson,3.93,589,3.8905879616473227
2251,Still Missing,Chevy Stevens,3.96,511,3.881994489766811
2252,"'Tis (Frank McCourt, #2)",Frank McCourt,3.66,703,3.789421377657626
2253,1491: New Revelations of the Americas Before Columbus,Charles C. Mann,4.01,444,3.94977361358284
2254,"Fairest (The Lunar Chronicles, #3.5)",Marissa Meyer,4.02,631,3.9450214103365573
2255,An Unquiet Mind: A Memoir of Moods and Madness,Kay Redfield Jamison,4.03,458,3.9288392117088495
2256,Jesus Calling: Enjoying Peace in His Presence,Sarah  Young,4.54,217,4.006023960883566
2257,Who's Afraid of Virginia Woolf?,Edward Albee,4.09,641,3.9639912592887536
2258,"The Last Wish (The Witcher, #1)",Andrzej Sapkowski,4.2,407,3.948602835344678
2259,Foucault's Pendulum,"Umberto Eco, William Weaver",3.89,705,3.8585993107423793
2260,A Pocket for Corduroy,Don Freeman,4.29,752,4.041617388885063
2261,"The 5th Horseman (Women's Murder Club, #5)","James Patterson, Maxine Paetro",4.03,660,3.931216258513616
2262,"Kushiel's Dart (Phèdre's Trilogy, #1)",Jacqueline Carey,4.04,577,3.9211388382988717
2263,"Bonhoeffer: Pastor, Martyr, Prophet, Spy",Eric Metaxas,4.23,254,3.9856496413181395
2264,"Explosive Eighteen (Stephanie Plum, #18)",Janet Evanovich,3.92,737,3.912072852731762
2265,"Lies (Gone, #3)",Michael  Grant,4.09,451,3.924242800553306
2266,The Pursuit of God,A.W. Tozer,4.38,282,4.000969213254877
2267,"The Iron Knight (The Iron Fey, #4)",Julie Kagawa,4.23,515,3.970752834626678
2268,"Maisie Dobbs (Maisie Dobbs, #1)",Jacqueline Winspear,3.91,555,3.881529003943184
2269,"Magician (The Riftwar Saga, #1-2)",Raymond E. Feist,4.32,579,3.9865953962045175
2270,"Forever in Blue: The Fourth Summer of the Sisterhood (Sisterhood, #4)",Ann Brashares,3.8,639,3.820489903008084
2271,"Feet of Clay (Discworld, #19; City Watch, #3)",Terry Pratchett,4.26,856,4.032125561333108
2272,"The Millennium Trilogy (Millennium Trilogy, #1-3)","Stieg Larsson, Reg Keeland",4.46,360,4.019747633930148
2273,The Butterfly Garden (The Collector #1),Dot Hutchison,4.07,397,3.921649198340587
2274,Skinny Legs and All,Tom Robbins,4.03,714,3.925258554897644
2275,"Destined for an Early Grave (Night Huntress, #4)",Jeaniene Frost,4.34,582,4.053008727539356
2276,"In Flight (Up in the Air, #1)",R.K. Lilley,4.1,548,3.9157653651233044
2277,"Cross (Alex Cross, #12)",James Patterson,3.99,624,3.922638851932942
2278,"All-American Girl (All-American Girl, #1)",Meg Cabot,3.73,607,3.770277670532427
2279,Neither Here nor There: Travels in Europe,Bill Bryson,3.88,547,3.90934827797291
2280,Boy Meets Boy,David Levithan,3.85,284,3.8725788981374087
2281,We Are Water,Wally Lamb,3.79,665,3.850656955802638
2282,"Max (Maximum Ride, #5)",James Patterson,4.07,603,3.8824747830104895
2283,"Halo (Halo, #1)",Alexandra Adornetto,3.67,446,3.7973419913562116
2284,The Inheritance of Loss,Kiran Desai,3.41,612,3.7184719525428824
2285,"A Darkness At Sethanon (The Riftwar Saga, #4)",Raymond E. Feist,4.17,550,3.963253355223145
2286,The Sorrows of Young Werther,"Johann Wolfgang von Goethe, Burton Pike",3.63,439,3.8353716300516316
2287,"At Grave's End (Night Huntress, #3)",Jeaniene Frost,4.31,614,4.030885181152877
2288,Don't Let's Go to the Dogs Tonight,Alexandra Fuller,3.96,601,3.9177102568588156
2289,Beauty: A Retelling of the Story of Beauty and the Beast,Robin McKinley,4.05,643,3.9618369333311074
2290,Eating Animals,Jonathan Safran Foer,4.18,447,3.963385534654094
2291,"Flyte (Septimus Heap, #2)","Angie Sage, Mark Zug",3.99,545,3.8901160844737763
2292,ساق البامبو,"سعود السنعوسي, Saud Alsanousi",4.25,326,3.9856716992249934
2293,"The Girl of Fire and Thorns (Fire and Thorns, #1)",Rae Carson,3.81,622,3.866513499718475
2294,"Enclave (Razorland, #1)",Ann Aguirre,3.92,532,3.8927858906398454
2295,Longitude: The True Story of a Lone Genius Who Solved the Greatest Scientific Problem of His Time,"Dava Sobel, Neil Armstrong",3.95,534,3.9191607539769047
2296,"Unnatural Exposure (Kay Scarpetta, #8)",Patricia Cornwell,4.05,608,3.952142974077396
2297,Faust: First Part,"Johann Wolfgang von Goethe, Peter Salm",3.93,580,3.9133200480273853
2298,Lies My Teacher Told Me,James W. Loewen,3.96,596,3.934367663425439
2299,"Fool's Fate (Tawny Man, #3)",Robin Hobb,4.38,658,4.06822459910929
2300,"Locke & Key, Vol. 1: Welcome to Lovecraft","Joe Hill, Gabriel Rodríguez",4.18,469,4.009954089942768
2301,"The Ask and the Answer (Chaos Walking, #2)",Patrick Ness,4.2,547,3.963768471338278
2302,Scarlett,Alexandra Ripley,3.44,564,3.6826333088015866
2303,"Bloody Bones (Anita Blake, Vampire Hunter #5)",Laurell K. Hamilton,4.1,687,3.9509544693100236
2304,This Side of Paradise,F. Scott Fitzgerald,3.68,613,3.827367021994428
2305,Escape from Camp 14: One Man's Remarkable Odyssey from North Korea to Freedom in the West,Blaine Harden,3.99,360,3.9158717655928115
2306,"Every Which Way But Dead (The Hollows, #3)",Kim Harrison,4.29,643,4.02545784047749
2307,"Eligible: A Modern Retelling of Pride and Prejudice (The Austen Project, #4)",Curtis Sittenfeld,3.63,650,3.792611747004648
2308,Seven Days in the Art World,Sarah Thornton,3.54,143,3.888473725189003
2309,The Children of Húrin,"J.R.R. Tolkien, Christopher Tolkien, Alan Lee",3.94,460,3.875277254491621
2310,The Total Money Makeover: A Proven Plan for Financial Fitness,Dave Ramsey,4.29,405,3.987647309999752
2311,Mr. Popper's Penguins,"Richard Atwater, Florence Atwater, Robert Lawson",3.95,590,3.917763814349324
2312,"Shadow Puppets (Ender's Shadow, #3)",Orson Scott Card,3.88,737,3.871912210161481
2313,"The Magician's Land (The Magicians, #3)",Lev Grossman,4.16,724,3.975538140283888
2314,Light in August,William Faulkner,3.93,768,3.8893482936624784
2315,The Trumpet of the Swan,"E.B. White, Fred Marcellino",4.06,671,3.9343257605696573
2316,Tenth of December,George Saunders,3.96,562,3.9204598981476253
2317,"Night Pleasures (Dark-Hunter, #1)",Sherrilyn Kenyon,4.23,522,3.96734845828738
2318,The Millionaire Next Door: The Surprising Secrets of Americas Wealthy,"Thomas J. Stanley, William D. Danko",4.0,389,3.9078680179332235
2319,"Don't Judge a Girl by Her Cover (Gallagher Girls, #3)",Ally Carter,4.2,445,3.957187768745836
2320,"Chronicles, Vol. 1",Bob Dylan,3.98,301,3.926697684832652
2321,The Lost Continent: Travels in Small Town America,Bill Bryson,3.83,598,3.883269010033519
2322,Dreams of Joy (Shanghai Girls #2),Lisa See,4.06,659,3.923023585354541
2323,Tell Me Your Dreams,Sidney Sheldon,3.93,349,3.855762296830319
2324,"By the Shores of Silver Lake  (Little House, #5)","Laura Ingalls Wilder, Garth Williams",4.16,771,3.994576579994161
2325,"The Player of Games (Culture, #2)",Iain M. Banks,4.26,523,3.99672240975906
2326,The Cricket in Times Square,"George Selden, Garth Williams",4.01,657,3.9534193003551987
2327,The Five Dysfunctions of a Team: A Leadership Fable,Patrick Lencioni,4.01,331,3.9188892215593247
2328,Junky,"William S. Burroughs, Oliver  Harris, Allen Ginsberg",3.85,446,3.8791227206189554
2329,Getting to Yes: Negotiating an Agreement Without Giving In,"Roger Fisher, William Ury, Bruce Patton",3.88,344,3.886779033354725
2330,"Mile High (Up in the Air, #2)",R.K. Lilley,4.21,443,3.9546709052809756
2331,November 9,Colleen Hoover,4.41,581,4.083130233658437
2332,"Everything We Keep (Everything We Keep, #1)",Kerry Lonsdale,3.84,378,3.8257185911201996
2333,"The Mighty Storm (The Storm, #1)",Samantha Towle,4.19,509,3.971832877844437
2334,The Song of Achilles,Madeline Miller,4.27,494,3.9602325034597192
2335,The Girl with the Lower Back Tattoo,Amy Schumer,3.76,568,3.8612465140665835
2336,The Bhagavad Gita,"Krishna-Dwaipayana Vyasa, Simon Brodbeck, Juan Mascaró",4.1,407,3.927812814554657
2337,The New York Trilogy,"Paul Auster, Art Spiegelman",3.92,485,3.8897599715021958
2338,Esperanza Rising,Pam Muñoz Ryan,3.91,480,3.9026786005797796
2339,"Raise High the Roof Beam, Carpenters & Seymour: An Introduction",J.D. Salinger,4.11,601,3.992936215428399
2340,Sex and the City,Candace Bushnell,3.37,414,3.6985619272047967
2341,"The Killing Dance (Anita Blake, Vampire Hunter, #6)",Laurell K. Hamilton,4.12,675,3.9571052016076145
2342,Beyond Good and Evil,"Friedrich Nietzsche, R.J. Hollingdale, Michael Tanner",4.01,514,3.9022707197914226
2343,The Watsons Go to Birmingham - 1963,Christopher Paul Curtis,3.95,487,3.9246789903092467
2344,Factotum,Charles Bukowski,3.96,367,3.916898649610681
2345,"The Immortal Rules (Blood of Eden, #1)",Julie Kagawa,4.1,397,3.9324271099617114
2346,Columbine,Dave Cullen,4.26,571,4.004235299801637
2347,"Lasher (Lives of the Mayfair Witches, #2)",Anne Rice,3.84,736,3.8368821586090944
2348,Yellow Crocus,Laila Ibrahim,4.24,373,3.951984343360978
2349,No Easy Day: The Firsthand Account of the Mission That Killed Osama Bin Laden,"Mark Owen, Kevin Maurer",3.95,328,3.892870967673942
2350,The Chaperone,Laura Moriarty,3.84,640,3.850253958436855
2351,"All That Remains (Kay Scarpetta, #3)",Patricia Cornwell,4.05,618,3.9385070792095913
2352,The Regulators,"Richard Bachman, Stephen King",3.63,869,3.6996131754953434
2353,Season of Mists (The Sandman #4),"Neil Gaiman, Matt Wagner, George Pratt, Dick Giordano, Kelley Jones, P. Craig Russell, Mike Dringenberg, Malcolm Jones III, Todd Klein, Harlan Ellison",4.54,745,4.161230603304736
2354,Judge & Jury,"James Patterson, Andrew Gross",3.98,539,3.9106713665693054
2355,Silas Marner,George Eliot,3.6,828,3.751738923737792
2356,"Origin (Lux, #4)",Jennifer L. Armentrout,4.44,663,4.080517159736671
2357,The Botany of Desire: A Plant's-Eye View of the World,Michael Pollan,4.05,565,3.9532557614980846
2358,"Beautiful Redemption (Caster Chronicles, #4)","Kami Garcia, Margaret Stohl",3.94,587,3.8706599222218117
2359,The Distant Hours,Kate Morton,3.87,605,3.8831665717485055
2360,I Let You Go,Clare Mackintosh,4.09,420,3.937147585166911
2361,"Kidnapped (David Balfour, #1)",Robert Louis Stevenson,3.78,730,3.8567854685351026
2362,"Friday Night Lights: A Town, a Team, and a Dream",H.G. Bissinger,4.11,369,3.938951320301173
2363,Beautiful Boy: A Father's Journey Through His Son's Addiction,David Sheff,4.03,438,3.9310494225685018
2364,"The Vincent Boys (The Vincent Boys, #1)",Abbi Glines,3.98,575,3.9256066088660666
2365,The Cask of Amontillado,Edgar Allan Poe,4.09,697,3.9714575616803955
2366,Metamorphoses,"Ovid, David Raeburn, Denis Feeney",4.03,631,3.933979617149344
2367,In the Time of the Butterflies,Julia Alvarez,4.13,621,3.9519332040984887
2368,Gap Creek,Robert Morgan,3.71,609,3.8163624213617657
2369,"Half-Blood (Covenant, #1)",Jennifer L. Armentrout,4.16,585,3.983242100800208
2370,The Legend of Sleepy Hollow (Graphic Novel),"Bo Hampton, Tracey Hampton, Washington Irving",3.96,599,3.907501422212447
2371,"Bitter Is the New Black: Confessions of a Condescending, Egomaniacal, Self-Centered Smartass, Or, Why You Should Never Carry A Prada Bag to the Unemployment Office",Jen Lancaster,3.9,494,3.866461972491553
2372,The Witness,Nora Roberts,4.19,495,3.95906242496425
2373,"Blindsighted (Grant County, #1)",Karin Slaughter,4.1,434,3.938931599171534
2374,Angle of Repose,Wallace Stegner,4.27,722,4.060672491480107
2375,"Tinker, Tailor, Soldier, Spy",John le Carré,4.04,674,3.9209498358100667
2376,"Lord Brocktree (Redwall, #13)",Brian Jacques,3.95,529,3.900788206015683
2377,"Through the Ever Night (Under the Never Sky, #2)",Veronica Rossi,4.17,513,3.976623918114101
2378,Barefoot,Elin Hilderbrand,3.77,482,3.8318097097651496
2379,My Friend Leonard,James Frey,3.83,441,3.8528448038873786
2380,Cat on a Hot Tin Roof,Tennessee Williams,4.07,711,3.9811861050825392
2381,"The Final Warning (Maximum Ride, #4)",James Patterson,3.86,623,3.8438514282385667
2382,"Golden Fool (Tawny Man, #2)",Robin Hobb,4.32,632,4.030578425504942
2383,"Split Second (Sean King & Michelle Maxwell, #1)",David Baldacci,3.98,553,3.9194699593507227
2384,"The Fifth Witness (Mickey Haller, #5; Harry Bosch Universe, #20)",Michael Connelly,4.17,612,3.972893645339847
2385,"The Dragonbone Chair (Memory, Sorrow, and Thorn, #1)",Tad Williams,3.95,615,3.8726771461831486
2386,"Persepolis, Volume 1",Marjane Satrapi,4.27,372,3.994470966013404
2387,"At Home in Mitford (Mitford Years, #1)",Jan Karon,4.11,510,3.9292535529448074
2388,"Delivering Happiness: A Path to Profits, Passion, and Purpose",Tony Hsieh,4.01,221,3.923226490075364
2389,"Scorpia (Alex Rider, #5)",Anthony Horowitz,4.16,412,3.932435646889787
2390,"The Queen of the Tearling (The Queen of the Tearling, #1)",Erika Johansen,4.02,584,3.924285711354422
2391,"One False Note (The 39 Clues, #2)",Gordon Korman,3.88,382,3.8927333294134336
2392,"Tithe (Modern Faerie Tales, #1)",Holly Black,3.73,609,3.832010999017833
2393,"Echo Burning (Jack Reacher, #5)",Lee Child,3.98,660,3.917088127230673
2394,"The Fury / Dark Reunion (The Vampire Diaries, #3-4)",L.J. Smith,3.74,463,3.792136116681438
2395,"Never Never (Never Never, #1)","Colleen Hoover, Tarryn Fisher",4.12,562,3.971541801378986
2396,Into the Darkest Corner,Elizabeth Haynes,4.1,414,3.951337439969019
2397,The Further Adventures of Sherlock Holmes: After Sir Arthur Conan Doyle (Classic Crime),"Richard Lancelyn Green, Ronald Knox, Julian Symons, Various",4.4,543,4.076839366646903
2398,"Roses are Red (Alex Cross, #6)",James Patterson,4.02,704,3.9227390970347646
2399,"Naked Empire (Sword of Truth, #8)",Terry Goodkind,3.82,619,3.7957079311635677
2400,"Map of Bones (Sigma Force, #2)",James Rollins,4.06,390,3.941041380973449
2401,The Stranger,Harlan Coben,3.85,524,3.8500365431805474
2402,"Unbelievable (Pretty Little Liars, #4)",Sara Shepard,4.06,367,3.9000951855119284
2403,A Passage to India,"E.M. Forster, Oliver Stallybrass, Pankaj Mishra",3.66,839,3.8045943052258737
2404,"Seraphina (Seraphina, #1)",Rachel Hartman,3.98,518,3.9178103282945345
2405,"Morrigan's Cross (Circle Trilogy, #1)",Nora Roberts,4.14,490,3.9577424896980222
2406,"The Mammoth Hunters (Earth's Children, #3)",Jean M. Auel,3.88,717,3.855804185180313
2407,"Princeps' Fury (Codex Alera, #5)",Jim Butcher,4.35,684,4.0243615729993065
2408,"Love Story (Love Story, #1)",Erich Segal,3.6,591,3.780058307764132
2409,Chrysanthemum,Kevin Henkes,4.31,508,4.019793449352963
2410,"Sweet Evil (Sweet, #1)",Wendy Higgins,4.13,492,3.95958696438594
2411,"The Winds of War (The Henry Family, #1)",Herman Wouk,4.36,710,4.0864504473060395
2412,"The Wind Through the Keyhole (The Dark Tower, #4.5)","Stephen King, Jae Lee",4.14,707,3.9943926670601426
2413,"The Last Kingdom (The Saxon Stories, #1)",Bernard Cornwell,4.23,450,3.9573190704426224
2414,The E-Myth Revisited: Why Most Small Businesses Don't Work and What to Do About It,Michael E. Gerber,3.98,259,3.9238638786511544
2415,"Bunnicula (Bunnicula, #1)","James Howe, Deborah Howe, Alan Daniel",3.83,768,3.860605286938668
2416,"Exile (Forgotten Realms: The Dark Elf Trilogy, #2; Legend of Drizzt, #2)",R.A. Salvatore,4.24,483,3.9701901524334797
2417,"Ascend (Trylle, #3)",Amanda Hocking,4.08,512,3.900973397472438
2418,"The Keeper of Lost Causes (Department Q, #1)","Jussi Adler-Olsen, Lisa Hartford",3.98,444,3.914681573934992
2419,Of Love and Other Demons,Gabriel García Márquez,3.98,450,3.9205160280577855
2420,The Demigod Files (Percy Jackson and the Olympians),Rick Riordan,4.04,511,3.8950022352880076
2421,Musicophilia: Tales of Music and the Brain,Oliver Sacks,3.88,336,3.8960741809289767
2422,"End of Watch (Bill Hodges Trilogy, #3)",Stephen King,4.09,625,3.9199120813951183
2423,Fool,Christopher Moore,3.96,592,3.945504305446373
2424,The Book of Lost Things,John Connolly,3.98,561,3.8917000405114615
2425,My Life,Bill Clinton,3.72,305,3.8575488322511324
2426,300,"Frank Miller, Lynn Varley",3.93,503,3.870146308170028
2427,"Storm Warning (The 39 Clues, #9)",Linda Sue Park,3.98,274,3.9060835319690623
2428,"Only the Good Spy Young (Gallagher Girls, #4)",Ally Carter,4.29,434,3.9810551202023214
2429,"Persuader (Jack Reacher, #7)",Lee Child,4.09,671,3.955932199288396
2430,"Grave Sight (Harper Connelly, #1)",Charlaine Harris,3.85,679,3.8673787342239594
2431,"Flaggermusmannen (Harry Hole, #1)","Jo Nesbø, Don Bartlett",3.56,441,3.784381225277621
2432,"Blood Brothers (Sign of Seven, #1)",Nora Roberts,4.15,476,3.946517708472262
2433,Picture Perfect,Jodi Picoult,3.52,606,3.7746275992513056
2434,"Rurouni Kenshin, Vol. 1: Meiji Swordsman Romantic Story (Rurouni Kenshin, #1)","Nobuhiro Watsuki, Kenichiro Yagi",4.33,342,3.996332707444398
2435,Catching Jordan,Miranda Kenneally,3.85,321,3.869724425859327
2436,Touching the Void: The True Story of One Man's Miraculous Survival,Joe Simpson,4.2,363,3.9633365389377357
2437,"This Girl (Slammed, #3)",Colleen Hoover,4.18,620,3.987456135389995
2438,There Was an Old Lady Who Swallowed a Fly,Simms Taback,4.2,489,3.982278368503329
2439,Way of the Peaceful Warrior: A Book That Changes Lives,Dan Millman,4.13,343,3.909024670480278
2440,The Satanic Verses,Salman Rushdie,3.71,639,3.8144436214712294
2441,Nothing to Envy: Ordinary Lives in North Korea,Barbara Demick,4.42,416,4.037848324589744
2442,Winning,"Jack Welch, Suzy Welch",3.8,203,3.856442767687853
2443,"Collide (Collide, #1)",Gail McHugh,4.24,515,3.9760616295302347
2444,How We Decide,Jonah Lehrer,3.81,247,3.893797576222663
2445,"The Beekeeper's Apprentice (Mary Russell, #1)",Laurie R. King,4.08,555,3.933969504144878
2446,The Story of Babar,"Jean de Brunhoff, Merle S. Haas",4.07,840,3.976942672148991
2447,"The Warlock (The Secrets of the Immortal Nicholas Flamel, #5)",Michael Scott,4.17,459,3.928272604491312
2448,"First Lord's Fury (Codex Alera, #6)",Jim Butcher,4.37,640,4.039783156920621
2449,The Imperfectionists,Tom Rachman,3.54,705,3.7763842786519954
2450,The Sea of Tranquility,Katja Millay,4.34,537,4.052068526490775
2451,"Persepolis 2: The Story of a Return (Persepolis, #2)","Marjane Satrapi, Anjali Singh",4.23,557,4.010601093963396
2452,"Pyramids (Discworld, #7)",Terry Pratchett,3.88,799,3.8698617089590295
2453,"Silverthorn (The Riftwar Saga, #3)",Raymond E. Feist,4.06,539,3.9263754321774016
2454,Before I Die,Jenny Downham,3.84,331,3.8791883018213507
2455,Committed: A Skeptic Makes Peace with Marriage,Elizabeth Gilbert,3.39,496,3.721659178275134
2456,Keeping the Moon,Sarah Dessen,3.86,494,3.8485440366377635
2457,"The Transfer (Divergent, #0.1)",Veronica Roth,4.19,394,3.9411911837277565
2458,"Chainfire (Sword of Truth, #9)",Terry Goodkind,3.95,580,3.8587838894180577
2459,Mastering the Art of French Cooking,"Julia Child, Simone Beck, Louisette Bertholle",4.33,402,4.0343912535818784
2460,"Blue Exorcist, Vol. 1  (Blue Exorcist, #1)","Kazue Kato, John Werry",4.36,232,3.983301905078671
2461,"Confessor (Sword of Truth, #11)",Terry Goodkind,4.08,576,3.907428845039348
2462,The Reluctant Fundamentalist,Mohsin Hamid,3.67,469,3.8165387015961967
2463,The False Prince (The Ascendance Trilogy #1),Jennifer A. Nielsen,4.22,477,3.979736487384666
2464,"Rabbit, Run (Rabbit Angstrom #1)",John Updike,3.57,770,3.7525597500603025
2465,Stumbling on Happiness,Daniel Todd Gilbert,3.82,393,3.8814067759121635
2466,The Waste Land and Other Poems,T.S. Eliot,4.23,608,4.00135171981357
2467,Little Bear,"Else Holmelund Minarik, Maurice Sendak",4.22,676,4.012076324162369
2468,The Pit and the Pendulum,Edgar Allan Poe,4.15,719,3.9802123311444255
2469,"Lords and Ladies (Discworld, #14; Witches #4)",Terry Pratchett,4.14,805,3.981069501104421
2470,"Thud! (Discworld, #34; City Watch #7)",Terry Pratchett,4.29,771,4.060686352966026
2471,"His Majesty's Dragon (Temeraire, #1)",Naomi Novik,4.05,594,3.9303484644888727
2472,"The Field Guide (The Spiderwick Chronicles, #1)","Holly Black, Tony DiTerlizzi",3.85,465,3.8440511034720766
2473,Radical: Taking Back Your Faith from the American Dream,David Platt,4.18,270,3.954090381674555
2474,The 48 Laws of Power,"Robert Greene, Joost Elffers",4.18,232,3.9337373649667966
2475,"My Side of the Mountain (Mountain, #1)",Jean Craighead George,4.03,778,3.964467793771438
2476,"The Winter Sea (Slains, #1)","Susanna Kearsley, Rosalyn Landor",4.07,552,3.904414524356409
2477,"The Sword Thief (The 39 Clues, #3)",Peter Lerangis,3.87,334,3.8820691280080615
2478,Coma,Robin Cook,3.86,640,3.868932198287429
2479,Requiem for a Dream,"Hubert Selby Jr., Darren Aronofsky, Richard Price",4.1,432,3.9338939902887846
2480,"Into the Wild (Warriors, #1)",Erin Hunter,4.29,308,3.939808694848221
2481,Bury My Heart at Wounded Knee: An Indian History of the American West,Dee Brown,4.21,651,3.9942211983523217
2482,"The Pianist: The Extraordinary Story of One Man's Survival in Warsaw, 1939–45","Władysław Szpilman, Anthea Bell",4.24,326,3.988327212734918
2483,"Rush (Breathless, #1)",Maya Banks,3.97,436,3.881468341608988
2484,The Picture of Dorian Gray: A Graphic Novel,"Ian Edginton, Oscar Wilde, I.N.J. Culbard",4.12,560,3.9715090964446405
2485,Swan Song,Robert McCammon,4.28,502,4.000842465994536
2486,The Buried Giant,Kazuo Ishiguro,3.42,623,3.7301709535532677
2487,"Perdido Street Station (Bas-Lag, #1)",China Miéville,3.96,654,3.905913580408116
2488,"Need (Need, #1)",Carrie Jones,3.71,483,3.8391254016368705
2489,"Witches Abroad (Discworld, #12; Witches #3)",Terry Pratchett,4.2,818,3.984695631558128
2490,The Legend of Sleepy Hollow and Other Stories,"Geoffrey Crayon, Washington Irving, William L. Hedges",3.93,679,3.8942705752393953
2491,Heretics of Dune (Dune Chronicles #5),Frank Herbert,3.83,656,3.8521032949641167
2492,The Cross and the Switchblade,"David Wilkerson, John Sherrill, Elizabeth Sherrill",4.2,346,3.953100491739899
2493,"Captain's Fury (Codex Alera, #4)",Jim Butcher,4.38,686,4.030765300617589
2494,"Damned (Damned, #1)",Chuck Palahniuk,3.38,503,3.741232864339457
2495,Rules,Cynthia Lord,3.96,327,3.9180105357543997
2496,Swamplandia!,Karen Russell,3.21,693,3.6516400365892316
2497,"The Last Coyote (Harry Bosch, #4; Harry Bosch Universe, #4)",Michael Connelly,4.21,602,4.002478415834936
2498,Salt: A World History,Mark Kurlansky,3.73,506,3.8591100519140173
2499,Villette,"Charlotte Brontë, A.S. Byatt, Μαρία Λαϊνά, Ignes Sodre",3.75,536,3.8522503528186256
2500,Reamde,Neal Stephenson,3.96,609,3.911371642845028
2501,"Soul Music (Discworld, #16; Death, #3)",Terry Pratchett,4.02,798,3.92084986126604
2502,"Notorious Nineteen (Stephanie Plum, #19)",Janet Evanovich,3.9,621,3.8797631047258134
2503,The Greatest Show on Earth: The Evidence for Evolution,Richard Dawkins,4.16,349,3.9584236451596198
2504,"Sin City, Vol. 1: The Hard Goodbye (Sin City, #1)",Frank Miller,4.16,563,3.9675427525627303
2505,The Greatest Salesman in the World,Og Mandino,4.19,290,3.9526744749660656
2506,"Casino Royale (James Bond, #1)",Ian Fleming,3.73,546,3.8258803687323217
2507,"The Bronze Horseman (The Bronze Horseman, #1)",Paullina Simons,4.34,452,4.018021981585864
2508,Sula,Toni Morrison,3.86,563,3.8706001723986736
2509,"The Atlantis Gene (The Origin Mystery, #1)",A.G. Riddle,3.69,399,3.793843652594572
2510,"The Red Queen (The Plantagenet and Tudor Novels, #3)",Philippa Gregory,3.74,519,3.806047949474847
2511,"Something About You (FBI/US Attorney, #1)",Julie James,3.94,312,3.9024440665701317
2512,Mr. Brown Can Moo! Can You?,Dr. Seuss,4.11,554,3.971987130567149
2513,"Black House (The Talisman, #2)","Stephen King, Peter Straub",3.99,818,3.926145864255921
2514,Marvel 1602,"Neil Gaiman, Andy Kubert, Richard Isanove, Peter Sanderson",3.93,496,3.902414413018318
2515,"Act of Treason (Mitch Rapp, #9)",Vince Flynn,4.28,414,3.993989387532213
2516,The Dog Stars,Peter Heller,3.9,604,3.9228926080494353
2517,The Spy Who Came In from the Cold,John le Carré,4.05,620,3.942463634140203
2518,"Academ's Fury (Codex Alera, #2)",Jim Butcher,4.27,704,4.002874956505124
2519,"When the Wind Blows (When the Wind Blows, #1)",James Patterson,3.92,640,3.917825237896285
2520,"1Q84 BOOK 1 (1Q84, #1)","Haruki Murakami, 村上 春樹",3.96,371,3.897129685130283
2521,The Pilgrimage,"Paulo Coelho, Alan R. Clarke",3.64,306,3.843515629780399
2522,"The Hard Way (Jack Reacher, #10)",Lee Child,4.14,614,3.9823983060483794
2523,The Incredible Journey,Sheila Burnford,4.16,666,4.020807713016632
2524,March,Geraldine Brooks,3.73,773,3.8251253164094647
2525,"A Wanted Man (Jack Reacher, #17)","Lee Child, Dick Hill",4.0,597,3.929903381839086
2526,"All-Star Superman, Vol. 1","Grant Morrison, Frank Quitely",4.06,297,3.944775794044952
2527,"A Song of Ice and Fire (A Song of Ice and Fire, #1-5)",George R.R. Martin,4.63,324,4.0507992292379225
2528,"Dark Witch (The Cousins O'Dwyer Trilogy, #1)",Nora Roberts,3.91,363,3.876509609630407
2529,"Dark Flame (The Immortals, #4)",Alyson Noel,3.73,435,3.8287731570250774
2530,The Widow,Fiona Barton,3.49,508,3.7532531425354536
2531,"The Black Circle (The 39 Clues, #5)",Patrick Carman,4.0,317,3.890748200455892
2532,"The Prince (The Selection, #0.5)",Kiera Cass,3.93,417,3.8850668506496007
2533,"The Winner's Curse (The Winner's Trilogy, #1)",Marie Rutkoski,4.03,569,3.940786189071404
2534,Push,Sapphire,3.82,484,3.8548442471565267
2535,The Story of a New Name (The Neapolitan Novels #2),"Elena Ferrante, Ann Goldstein",4.37,532,4.041124382726513
2536,"2010: Odyssey Two (Space Odyssey, #2)",Arthur C. Clarke,3.89,591,3.857967188247393
2537,"Soul Eater, Vol. 01 (Soul Eater, #1)",Atsushi Ohkubo,4.3,268,3.947812801589869
2538,Ordinary Grace,William Kent Krueger,4.14,598,3.9962983076773364
2539,Last Man Standing,David Baldacci,4.03,523,3.940948324160516
2540,American Born Chinese,Gene Luen Yang,3.88,434,3.9135335938441473
2541,Peter Pan (A Little Golden Book),"Eugene Bradley Coco, Ron Dias, Walt Disney Company",4.32,529,4.031836003359625
2542,"Ten Tiny Breaths (Ten Tiny Breaths, #1)",K.A. Tucker,4.16,536,3.9530485815665135
2543,The Thousand Autumns of Jacob de Zoet,David Mitchell,4.03,602,3.922245009562143
2544,Dr. Faustus,Christopher Marlowe,3.79,593,3.859255219389053
2545,Dance with the Devil (Dark-Hunter #3),Sherrilyn Kenyon,4.39,452,4.012508289249897
2546,Lipstick Jungle,Candace Bushnell,3.39,415,3.7307197897214364
2547,"Violets Are Blue (Alex Cross, #7)",James Patterson,3.94,678,3.8893705432613714
2548,"Awaken the Giant Within: How to Take Immediate Control of Your Mental, Emotional, Physical and Financial Destiny!","Anthony Robbins, Tony Robbins, Frederick L. Covan",4.1,292,3.9235327586379185
2549,"Blue Moon (Anita Blake, Vampire Hunter, #8)",Laurell K. Hamilton,4.04,638,3.9419332786353225
2550,"Burnt Offerings (Anita Blake, Vampire Hunter, #7)",Laurell K. Hamilton,4.07,649,3.931895960499977
2551,"The Silent Sister (Riley MacPherson, #1)",Diane Chamberlain,3.93,491,3.8704106267831078
2552,Player Piano,Kurt Vonnegut Jr.,3.85,605,3.867482933144349
2553,"The Lost World (Professor Challenger, #1)",Arthur Conan Doyle,3.92,602,3.877920260642208
2554,"Monstrous Regiment (Discworld, #31; Industrial Revolution, #3)",Terry Pratchett,4.18,725,3.981849199885901
2555,Kindred,Octavia E. Butler,4.18,448,3.973234220071613
2556,"The Long Winter (Little House, #6)","Laura Ingalls Wilder, Garth Williams",4.16,688,4.014139742301882
2557,"Boundaries: When to Say Yes, How to Say No to Take Control of Your Life","Henry Cloud, John Townsend",4.19,295,3.9704584020488087
2558,"Blue Lily, Lily Blue (The Raven Cycle, #3)",Maggie Stiefvater,4.32,574,4.037859705034832
2559,Portnoy's Complaint,"Philip Roth, Luca Marinelli",3.69,648,3.7994953128822444
2560,The 21 Irrefutable Laws of Leadership: Follow Them and People Will Follow You,"John C. Maxwell, Zig Ziglar",4.12,217,3.926585042970448
2561,Cat's Eye,Margaret Atwood,3.92,635,3.879588652312349
2562,"The Perfect Game (The Perfect Game, #1)",J. Sterling,3.97,472,3.891313490614662
2563,"Monsters of Men (Chaos Walking, #3)",Patrick Ness,4.25,477,3.959824582479097
2564,"Shadow of the Giant (Ender's Shadow, #4)",Orson Scott Card,3.98,674,3.9171748263725434
2565,Wonderstruck,Brian Selznick,4.16,359,3.9554455145472662
2566,Simple Abundance:  A Daybook of Comfort and Joy,Sarah Ban Breathnach,3.96,388,3.9058963722136117
2567,"Blood Red Road (Dust Lands, #1)",Moira Young,3.94,440,3.8965730300207415
2568,"The 6th Target (Women's Murder Club, #6)","James Patterson, Maxine Paetro",4.02,572,3.9231965305841507
2569,"A Princess of Mars (Barsoom, #1)","Edgar Rice Burroughs, John Seelye",3.8,476,3.8583694261562567
2570,"MaddAddam (MaddAddam, #3)",Margaret Atwood,3.98,630,3.8792560794026447
2571,"These Happy Golden Years (Little House, #8)","Laura Ingalls Wilder, Garth Williams",4.17,629,3.9770172334840037
2572,Color: A Natural History of the Palette,Victoria Finlay,3.74,157,3.893380154447474
2573,Skipping Christmas,John Grisham,3.47,655,3.75176662155648
2574,"The Black Ice (Harry Bosch, #2; Harry Bosch Universe, #2)",Michael Connelly,4.05,576,3.951271013233848
2575,Home Front,Kristin Hannah,4.12,446,3.939997098040095
2576,"Beautiful Stranger (Beautiful Bastard, #2)",Christina Lauren,4.24,474,3.9784907698377605
2577,"The Sweet Far Thing (Gemma Doyle, #3)",Libba Bray,3.97,575,3.9125034356193282
2578,A Lesson Before Dying,Ernest J. Gaines,3.93,653,3.895498434812964
2579,SantaLand Diaries,David Sedaris,4.33,552,4.040649587567169
2580,See Me,Nicholas Sparks,3.93,394,3.873859671309539
2581,"Mini Shopaholic (Shopaholic, #6)",Sophie Kinsella,3.7,548,3.7572280741437294
2582,Harry the Dirty Dog,"Gene Zion, Margaret Bloy Graham",4.17,673,4.02018954327017
2583,All Fall Down,Jennifer Weiner,3.61,517,3.800516868286459
2584,Down and Out in Paris and London,George Orwell,4.1,451,3.9401810093438407
2585,"Maid-sama! Vol. 01 (Maid-sama!, #1)",Hiro Fujiwara,4.4,255,3.9584876196910805
2586,Griffin and Sabine (Griffin & Sabine #1),Nick Bantock,4.01,443,3.9694556031187136
2587,"Ruin and Rising (Shadow and Bone, #3)",Leigh Bardugo,4.17,590,3.9815948034472166
2588,يوتوبيا,أحمد خالد توفيق,3.9,313,3.8857679505408202
2589,Certain Girls (Cannie Shapiro #2),Jennifer Weiner,3.7,489,3.8007651593737544
2590,Tiny Beautiful Things: Advice on Love and Life from Dear Sugar,Cheryl Strayed,4.29,434,4.0107893703417
2591,"Beyond the Highland Mist (Highlander, #1)",Karen Marie Moning,3.99,486,3.9264341838460104
2592,The Stranger Beside Me: Ted Bundy The Shocking Inside Story,Ann Rule,4.13,376,3.9405110072239333
2593,"Stargazer (Evernight, #2)",Claudia Gray,3.8,372,3.8533899893980594
2594,Rising Sun,Michael Crichton,3.61,851,3.751103864787381
2595,The Other Side of Midnight (Midnight #1),Sidney Sheldon,3.89,453,3.88576335060467
2596,"The Reversal (Harry Bosch, #16; Mickey Haller, #4; Harry Bosch Universe, #19)",Michael Connelly,4.13,595,3.9720707939743183
2597,Wayside School Is Falling Down (Wayside School #2),"Louis Sachar, Joel Schick",4.17,604,3.9845414339195244
2598,The Invisible Bridge,"Julie Orringer, Arthur Morey",4.19,538,3.9909313161512
2599,"The Fall of Five (Lorien Legacies, #4)",Pittacus Lore,4.24,493,3.9673801951488716
2600,The Mayor of Casterbridge,"Thomas Hardy, Keith Wilson",3.8,566,3.8794120600942605
2601,The Red Pony,John Steinbeck,3.42,619,3.7312384152407088
2602,"The Devil's Star (Harry Hole, #5)",Jo Nesbø,4.03,413,3.921808372900651
2603,Here on Earth,Alice Hoffman,3.68,638,3.796192751769569
2604,"Taltos (Lives of the Mayfair Witches, #3)","Anne Rice, Tim Curry",3.78,655,3.8231445979091196
2605,"Obsidian Butterfly (Anita Blake, Vampire Hunter, #9)",Laurell K. Hamilton,4.08,620,3.9441300230753806
2606,"The Daylight War (Demon Cycle, #3)",Peter V. Brett,4.23,498,3.9627106480025067
2607,The Appeal,John Grisham,3.58,660,3.7741766454070573
2608,"The Woman Who Rides Like a Man (Song of the Lioness, #3)",Tamora Pierce,4.2,668,4.01266963184689
2609,"Midnight Riot (Peter Grant, #1)",Ben Aaronovitch,3.92,416,3.897523824182552
2610,Lucy Sullivan Is Getting Married,Marian Keyes,3.74,418,3.8282032663095835
2611,"A Hat Full of Sky (Discworld, #32; Tiffany Aching, #2)",Terry Pratchett,4.29,679,4.0389486799024406
2612,"A Suitable Boy (A Suitable Boy, #1)",Vikram Seth,4.1,493,3.9518420370182317
2613,We Should All Be Feminists,Chimamanda Ngozi Adichie,4.47,332,4.039289347710512
2614,"River Marked (Mercy Thompson, #6)",Patricia Briggs,4.26,566,4.0414689804401345
2615,I Like You: Hospitality Under the Influence,Amy Sedaris,3.87,505,3.862586649583224
2616,"Pattern Recognition (Blue Ant, #1)",William Gibson,3.86,566,3.8570791276084337
2617,The Kind Worth Killing,Peter  Swanson,4.03,441,3.914523703535809
2618,"1,000 Places to See Before You Die",Patricia Schultz,3.83,398,3.8716449854543544
2619,"Physik (Septimus Heap, #3)","Angie Sage, Mark Zug",3.99,478,3.8760280290313016
2620,Boy: Tales of Childhood,"Roald Dahl, Quentin Blake",4.09,579,3.9644274885139588
2621,Traveling Mercies: Some Thoughts on Faith,Anne Lamott,4.15,508,3.9576007110955436
2622,"Memorial Day (Mitch Rapp, #7)",Vince Flynn,4.3,455,3.9831329300694716
2623,"Wild Magic (Immortals, #1)",Tamora Pierce,4.32,650,4.054863836825988
2624,Prelude to Foundation,Isaac Asimov,4.05,547,3.9139797837912393
2625,"You Are Special (Wemmicksville, #1)",Max Lucado,4.45,483,4.038728600097762
2626,"The Wrath and the Dawn (The Wrath and the Dawn, #1)",Renee Ahdieh,4.19,512,4.005564781978731
2627,Half the Sky: Turning Oppression into Opportunity for Women Worldwide,"Nicholas D. Kristof, Sheryl WuDunn",4.31,416,4.012790378088459
2628,Why We Broke Up,"Daniel Handler, Maira Kalman",3.49,359,3.7969319044647616
2629,"The Assassin's Blade (Throne of Glass, #0.1-0.5)",Sarah J. Maas,4.48,524,4.0859105090316294
2630,American Wife,Curtis Sittenfeld,3.72,629,3.8405003485008606
2631,"Cursor's Fury (Codex Alera, #3)",Jim Butcher,4.36,664,4.031674500104433
2632,"The Sparrow (The Sparrow, #1)",Mary Doria Russell,4.17,632,3.9980231090562306
2633,Mercy,Jodi Picoult,3.57,544,3.7758030972235734
2634,"The Paper Magician (The Paper Magician Trilogy, #1)",Charlie N. Holmberg,3.63,458,3.790891338913879
2635,"Act Like a Lady, Think Like a Man: What Men Really Think About Love, Relationships, Intimacy, and Commitment",Steve Harvey,3.82,164,3.8678994871253494
2636,"Destiny of the Republic: A Tale of Madness, Medicine and the Murder of a President",Candice Millard,4.19,378,3.9957757046413445
2637,We Have Always Lived in the Castle,"Shirley Jackson, Jonathan Lethem",4.05,523,3.9532773325559836
2638,Love and Respect: The Love She Most Desires; The Respect He Desperately Needs,Emerson Eggerichs,4.17,231,3.919519082082199
2639,"The Brass Verdict (Harry Bosch, #14; Mickey Haller, #2; Harry Bosch Universe, #17)",Michael Connelly,4.08,619,3.9568817209707143
2640,Dark Force Rising,Timothy Zahn,4.14,489,3.9325569283787263
2641,"Never Go Back (Jack Reacher, #18)",Lee Child,4.02,535,3.9227058127106673
2642,The Two Princesses of Bamarre,Gail Carson Levine,4.02,564,3.922270985806689
2643,Black Boy,"Richard Wright, Jerry W. Ward Jr.",4.02,543,3.9358308365012524
2644,Cane River,Lalita Tademy,4.04,503,3.933711923330724
2645,"Phantom (Sword of Truth, #10)",Terry Goodkind,3.99,546,3.8594782370055074
2646,Foundation and Earth (Foundation #5),Isaac Asimov,4.02,584,3.901613830155079
2647,Flags of Our Fathers,"James D. Bradley, Ron Powers",4.18,358,3.966467711462398
2648,"The World of Winnie-the-Pooh (Winnie-the-Pooh, #1-2)","A.A. Milne, Ernest H. Shepard",4.43,554,4.080388214577988
2649,The Story of My Experiments With Truth,Mahatma Gandhi,4.07,200,3.9140891694143356
2650,It's Not About the Bike: My Journey Back to Life,"Lance Armstrong, Sally Jenkins",3.72,354,3.86731231215708
2651,Undaunted Courage: The Pioneering First Mission to Explore America's Wild Frontier,Stephen E. Ambrose,4.22,430,3.990323095412412
2652,H is for Hawk,Helen Macdonald,3.74,450,3.8499768634868476
2653,Us,David Nicholls,3.66,426,3.8234559425652788
2654,"Sojourn (Forgotten Realms: The Dark Elf Trilogy, #3; Legend of Drizzt, #3)",R.A. Salvatore,4.23,436,3.97551028926722
2655,"Ender's Game, Volume 1: Battle School (Ender's Saga)","Christopher Yost, Orson Scott Card, Pasqual Ferry, Frank D'Armata",4.37,470,4.057818142484765
2656,"Kimi ni Todoke: From Me to You, Vol. 1","Karuho Shiina, Tomo Kimura",4.23,231,3.945736045165881
2657,False Memory,Dean Koontz,3.87,598,3.842780903414839
2658,"Moving Pictures (Discworld, #10; Industrial Revolution, #1)",Terry Pratchett,3.91,772,3.872159647873077
2659,"Captive in the Dark (The Dark Duet, #1)",C.J. Roberts,4.01,471,3.8857974205429704
2660,As a Man Thinketh,James Allen,4.29,228,3.975443641654908
2661,Bonk: The Curious Coupling of Science and Sex,Mary Roach,3.83,547,3.8914011929268844
2662,"Midnight Alley (The Morganville Vampires, #3)",Rachel Caine,4.11,392,3.9659208042629315
2663,The Little Paris Bookshop,"Nina George, Simon Pare",3.51,500,3.73779520356044
2664,Sweet Tooth,Ian McEwan,3.4,538,3.7354462436958666
2665,"Twisted Perfection (Rosemary Beach, #5; Perfection, #1)",Abbi Glines,4.26,536,3.9746065842466978
2666,"Executive Orders (Jack Ryan Universe, #9)",Tom Clancy,4.04,573,3.943773045424404
2667,One Thousand Gifts: A Dare to Live Fully Right Where You Are,Ann Voskamp,4.03,248,3.9428812438161502
2668,Psycho,Robert Bloch,4.09,413,3.936243821340995
2669,"Ship of Magic (Liveship Traders, #1)",Robin Hobb,4.12,580,3.961607271796061
2670,Where Eagles Dare ,"Alistair MacLean, Clint Willis",4.12,417,3.955185175322486
2671,Circle of Friends,Maeve Binchy,4.0,684,3.918691884644428
2672,Milk and Honey,Rupi Kaur,4.27,273,3.9768920942287256
2673,"Rainbow Six (Jack Ryan Universe, #10)",Tom Clancy,4.07,485,3.913179175249269
2674,Fragile Things: Short Fictions and Wonders,Neil Gaiman,4.02,633,3.9335009543608925
2675,Sister,Rosamund Lupton,3.77,417,3.8775541730060774
2676,"The Three-Body Problem (Remembrance of Earth’s Past, #1)","Liu Cixin, Ken Liu",4.0,454,3.8913401949107307
2677,"Thief of Time (Discworld, #26; Death, #5)",Terry Pratchett,4.25,714,4.028198955045456
2678,Superman: Red Son,"Mark Millar, Kilian Plunkett, Andrew Robinson, Walden Wong, Dave Johnson",4.17,380,3.950277049633152
2679,Three Junes,Julia Glass,3.56,704,3.79643224568413
2680,The Autobiography of Benjamin Franklin,"Benjamin Franklin, Lewis Leary",3.83,377,3.8769776411369725
2681,The Reason for God: Belief in an Age of Skepticism,Timothy J. Keller,4.2,220,3.95887829789517
2682,"King of Thorns (The Broken Empire, #2)",Mark  Lawrence,4.2,410,3.9512150415283953
2683,"The Sins of the Father (The Clifton Chronicles, #2)",Jeffrey Archer,4.01,376,3.8981027311846095
2684,"Shadowland (The Mediator, #1)",Meg Cabot,4.04,536,3.9122631710904896
2685,"Killer (Pretty Little Liars, #6)",Sara Shepard,4.07,327,3.900097711499109
2686,Blue Ocean Strategy: How To Create Uncontested Market Space And Make The Competition Irrelevant,"W. Chan Kim, Renée Mauborgne",3.86,172,3.8879074765529893
2687,"Fang (Maximum Ride, #6)",James Patterson,4.07,532,3.910890194792155
2688,The Peach Keeper,Sarah Addison Allen,3.84,518,3.8324308311503317
2689,The Napping House,"Audrey Wood, Don    Wood",4.27,442,4.011352573841218
2690,"The Short Drop (Gibson Vaughn, #1)",Matthew FitzSimmons,4.15,339,3.934454867730275
2691,"You Suck (A Love Story, #2)",Christopher Moore,3.82,546,3.878594265505768
2692,"Beautiful Oblivion (The Maddox Brothers, #1)",Jamie McGuire,4.13,506,3.9700037244515256
2693,"A Fire Upon the Deep (Zones of Thought, #1)",Vernor Vinge,4.13,466,3.9510522265338075
2694,"Practicing the Power of Now: Essential Teachings, Meditations, and Exercises from the Power of Now",Eckhart Tolle,4.25,266,3.9650261222032825
2695,"The Face on the Milk Carton (Janie Johnson, #1)",Caroline B. Cooney,3.72,517,3.798749355177404
2696,Put Me in the Zoo,Robert Lopshire,4.13,472,3.9778595173652525
2697,"Firelight (Firelight, #1)",Sophie Jordan,3.88,433,3.870710519148706
2698,Invisible Cities,"Italo Calvino, William Weaver",4.19,403,3.954788909582901
2699,"Flat-Out Love (Flat-Out Love, #1)",Jessica Park,4.01,567,3.912675144819211
2700,The Narrow Road to the Deep North,Richard Flanagan,4.0,457,3.9336818423884488
2701,"The Claiming of Sleeping Beauty (Sleeping Beauty, #1)","A.N. Roquelaure, Anne Rice",3.28,503,3.7234107292476732
2702,"The Midwife: A Memoir of Birth, Joy, and Hard Times",Jennifer Worth,4.17,447,3.978748405667429
2703,Hell's Angels: A Strange and Terrible Saga,Hunter S. Thompson,4.0,403,3.9427886569460036
2704,Then Came You,Jennifer Weiner,3.69,534,3.797245103273994
2705,"The Awakening (The Vampire Diaries, #1)",L.J. Smith,3.41,525,3.7293246235516375
2706,"It Had to Be You (Chicago Stars, #1)",Susan Elizabeth Phillips,4.04,376,3.937940808676095
2707,Boomerang: Travels in the New Third World,Michael   Lewis,3.87,295,3.901319921739719
2708,Fly Away Home,Jennifer Weiner,3.66,470,3.811196316150159
2709,The Red and the Black,"Stendhal, Roger Gard",3.87,393,3.87505070904634
2710,"The Virgin's Lover (The Plantagenet and Tudor Novels, #13)",Philippa Gregory,3.69,515,3.799691665512067
2711,"Incarceron (Incarceron, #1)",Catherine Fisher,3.64,567,3.7821881076761903
2712,"Awake at Dawn (Shadow Falls, #2)",C.C. Hunter,4.29,364,3.9445815453879476
2713,The Road to the Dark Tower: Exploring Stephen King's Magnum Opus,Bev Vincent,4.29,440,3.9934686666312453
2714,"Starcrossed (Starcrossed, #1)",Josephine Angelini,4.08,449,3.9431763828285815
2715,"Night Star (The Immortals, #5)",Alyson Noel,3.82,393,3.8458128014635524
2716,Dead Poets Society,N.H. Kleinbaum,4.21,414,3.975799586365557
2717,Wreckage,Emily Bleeker,3.66,356,3.803695424424011
2718,"The Fifth Elephant (Discworld, #24; City Watch, #5)",Terry Pratchett,4.24,730,4.0127819088847865
2719,"The Sorcerer in the North (Ranger's Apprentice, #5)",John Flanagan,4.25,436,3.9767476833153546
2720,Autobiography of a Yogi,Paramahansa Yogananda,4.22,262,3.939275657313047
2721,"Hexed (The Iron Druid Chronicles, #2)",Kevin Hearne,4.22,507,3.985430735816161
2722,"Scary Stories to Tell in the Dark (Scary Stories, #1)","Alvin Schwartz, Stephen Gammell",4.05,418,3.9564645439170416
2723,Fool Me Once,Harlan Coben,3.9,438,3.8402133600337436
2724,Hiroshima,John Hersey,3.94,552,3.9165371359132983
2725,Hate List,Jennifer Brown,4.03,334,3.909144344279606
2726,The Distance Between Us,Kasie West,3.95,326,3.895384239887544
2727,"A History of God: The 4,000-Year Quest of Judaism, Christianity, and Islam",Karen Armstrong,3.85,313,3.8971521332234698
2728,"Abaddon's Gate (The Expanse, #3)",James S.A. Corey,4.18,474,3.9682145200644423
2729,Twenty Love Poems and a Song of Despair,"Pablo Neruda, W.S. Merwin, Cristina García",4.33,396,4.033253365820343
2730,"The Cardinal of the Kremlin (Jack Ryan Universe, #5)",Tom Clancy,4.01,541,3.9142608961497745
2731,"No, David!",David Shannon,4.11,439,3.9452956713040246
2732,Utopia,"Thomas More, Paul Turner",3.5,593,3.7442154630026545
2733,"The Name of This Book Is Secret (Secret, #1)","Pseudonymous Bosch, Gilbert Ford",4.04,321,3.9110219679894804
2734,"Dorothy Must Die (Dorothy Must Die, #1)",Danielle  Paige,3.84,401,3.8744180614321175
2735,The Husband,Dean Koontz,3.8,545,3.8495434304425933
2736,The Particular Sadness of Lemon Cake,Aimee Bender,3.19,551,3.6669654482427125
2737,"The Big Bad Wolf  (Alex Cross, #9)",James Patterson,3.97,630,3.921238071337683
2738,Balzac and the Little Chinese Seamstress,"Dai Sijie, Ina Rilke",3.63,642,3.791152543786757
2739,Bad Feminist,Roxane Gay,3.91,373,3.903056254775386
2740,"Petals on the Wind (Dollanganger, #2)",V.C. Andrews,3.82,468,3.8109672271689665
2741,Danny the Champion of the World,"Roald Dahl, Quentin Blake",4.07,606,3.9515295754031277
2742,Battle Hymn of the Tiger Mother,Amy Chua,3.61,522,3.7899414207499307
2743,Nimona,Noelle Stevenson,4.2,273,4.004415661283016
2744,Everyday Italian: 125 Simple and Delicious Recipes,Giada De Laurentiis,3.97,222,3.9104451833007254
2745,"From Potter's Field (Kay Scarpetta, #6)",Patricia Cornwell,4.02,531,3.924862549256476
2746,"Mary, Mary (Alex Cross, #11)",James Patterson,3.93,616,3.899469621189449
2747,Oranges Are Not the Only Fruit,Jeanette Winterson,3.75,423,3.9035846569840995
2748,"Grounded (Up in the Air, #3)",R.K. Lilley,4.29,390,3.9703351464959606
2749,I Too Had a Love Story,Ravinder Singh,3.64,136,3.8164683434951057
2750,"Mrs. Piggle-Wiggle (Mrs. Piggle Wiggle, #1)","Betty MacDonald, Alexandra Boiger",4.16,600,4.019893995698819
2751,"Trunk Music (Harry Bosch, #5; Harry Bosch Universe, #6)",Michael Connelly,4.15,529,3.965142035068512
2752,"10% Happier: How I Tamed the Voice in My Head, Reduced Stress Without Losing My Edge, and Found Self-Help That Actually Works",Dan   Harris,3.93,297,3.9034842486580974
2753,Barefoot Contessa at Home: Everyday Recipes You'll Make Over and Over Again,"Ina Garten, Quentin Bacon",4.16,302,3.980717318048038
2754,"Blood Work (Harry Bosch Universe, #8; Terry McCaleb #1)",Michael Connelly,4.11,534,3.959410418563033
2755,The Gods Themselves,Isaac Asimov,4.08,501,3.94255473772831
2756,"The Viper's Nest (39 Clues, #7)",Peter Lerangis,3.97,286,3.896622301399855
2757,"Ahab's Wife, or The Star-Gazer",Sena Jeter Naslund,4.02,574,3.9301244260061603
2758,"Tsubasa: RESERVoir CHRoNiCLE, Vol. 01","CLAMP, Anthony Gerard",4.12,281,3.951698679629513
2759,"A Living Nightmare (Cirque Du Freak, #1)",Darren Shan,4.07,354,3.909025145370923
2760,"The League of Extraordinary Gentlemen, Vol. 1","Alan Moore, Kevin O'Neill",3.93,546,3.9116128601880362
2761,Feed,M.T. Anderson,3.54,517,3.7952143289592923
2762,"Angels' Blood (Guild Hunter, #1)",Nalini Singh,4.12,435,3.935254925117692
2763,Medea,"Euripides, Rex Warner",3.83,523,3.8816516647346955
2764,"The Demon King (Seven Realms, #1)",Cinda Williams Chima,4.2,496,3.983545475477305
2765,Hinds' Feet on High Places,Hannah Hurnard,4.3,311,4.004303145270977
2766,Black Hole,Charles Burns,3.83,336,3.866396676477351
2767,"Saga, Vol. 3 (Saga, #3)","Brian K. Vaughan, Fiona Staples",4.56,431,4.103901992516978
2768,"Personal (Jack Reacher, #19)",Lee Child,3.9,459,3.884961435089738
2769,Z: A Novel of Zelda Fitzgerald,Therese Anne Fowler,3.82,431,3.876135592715576
2770,A Man Without a Country,Kurt Vonnegut Jr.,4.07,445,3.9227325912401447
2771,When I Found You,Catherine Ryan Hyde,3.92,400,3.878768132976401
2772,Lilac Girls,Martha Hall Kelly,4.31,488,4.01223837471834
2773,"7th Heaven (Women's Murder Club, #7)","James Patterson, Maxine Paetro",4.06,535,3.932033627087161
2774,"Make Me (Jack Reacher, #20)",Lee Child,3.95,414,3.889868456716181
2775,A Constellation of Vital Phenomena,Anthony Marra,4.13,544,3.9683449982848735
2776,"While It Lasts (Sea Breeze, #3)",Abbi Glines,4.24,498,3.9752233096243863
2777,The End of Your Life Book Club,Will Schwalbe,3.81,563,3.85625955403121
2778,Two-Way Street,Lauren Barnholdt,3.8,312,3.8300725595005076
2779,"All In (The Blackstone Affair, #2)",Raine Miller,4.11,354,3.934443903110609
2780,"The Siege of Macindaw (Ranger's Apprentice, #6)",John Flanagan,4.33,409,3.974465035262447
2781,A Grief Observed,C.S. Lewis,4.26,371,4.010582917902796
2782,"Transmetropolitan, Vol. 1: Back on the Street (Transmetropolitan, #1)","Warren Ellis, Darick Robertston, Garth Ennis",4.23,442,3.9749844545044737
2783,"Emperor Mage (Immortals, #3)",Tamora Pierce,4.3,558,4.038208180718293
2784,Decision Points,George W. Bush,3.77,277,3.8637324370703405
2785,"Witch & Wizard (Witch & Wizard, #1)","James Patterson, Gabrielle Charbonnet",3.57,489,3.7780011265456226
2786,"Julie of the Wolves (Julie of the Wolves, #1)","Jean Craighead George, John Schoenherr",3.79,725,3.875829150549839
2787,Forever . . .,Judy Blume,3.63,527,3.8344856091739046
2788,The Wright Brothers,David McCullough,4.16,384,3.980449581629232
2789,The Matarese Circle (Matarese #1),Robert Ludlum,4.03,501,3.926495735765543
2790,American Lion: Andrew Jackson in the White House,Jon Meacham,3.76,260,3.878092953233776
2791,"The Forgotten (John Puller, #2)",David Baldacci,4.07,451,3.927307840705332
2792,"Shadows of Self (Mistborn, #5)",Brandon Sanderson,4.3,599,4.002482594583604
2793,"Mad About the Boy (Bridget Jones, #3)",Helen Fielding,3.32,489,3.716897670006954
2794,The Four Loves,C.S. Lewis,4.16,329,3.9678110915938563
2795,Archer's Voice,Mia Sheridan,4.45,478,4.040051426486527
2796,The Lost Wife,Alyson Richman,4.2,425,3.970981922720119
2797,History of Beauty,"Umberto Eco, Girolamo De Michele, Alastair McEwen",3.77,146,3.9241629198089476
2798,"I, Claudius (Claudius, #1)",Robert Graves,4.27,624,4.011315901204127
2799,"The Testing (The Testing, #1)",Joelle Charbonneau,4.05,397,3.9330611047629542
2800,"Takedown Twenty (Stephanie Plum, #20)",Janet Evanovich,3.75,535,3.8125210053883327
2801,The Boy Who Sneaks in My Bedroom Window,Kirsty Moseley,3.95,456,3.878639174077252
2802,"Terrier (Beka Cooper, #1)",Tamora Pierce,4.16,530,3.9897195115141244
2803,"First Grave on the Right (Charley Davidson, #1)",Darynda Jones,4.07,439,3.93541485860718
2804,A House in the Sky,"Amanda Lindhout, Sara Corbett",4.2,369,3.977678487408899
2805,Anya's Ghost,Vera Brosgol,3.88,223,3.9119342126007317
2806,The Rules of Attraction,Bret Easton Ellis,3.71,454,3.8124073184498606
2807,"The Good, the Bad, and the Undead (The Hollows, #2)",Kim Harrison,4.26,545,4.0054583437909965
2808,"The Crystal Shard (Forgotten Realms: Icewind Dale, #1; Legend of Drizzt, #4)",R.A. Salvatore,4.13,412,3.946880161114493
2809,Wide Sargasso Sea,Jean Rhys,3.56,558,3.7879636889734845
2810,The Magus,John Fowles,4.04,548,3.924444413899559
2811,"King of the Murgos (The Malloreon, #2)",David Eddings,4.1,573,3.90784080336657
2812,"On the Bright Side, I'm Now the Girlfriend of a Sex God (Confessions of Georgia Nicolson, #2)",Louise Rennison,3.96,336,3.908604682808552
2813,"You (You, #1)",Caroline Kepnes,3.83,438,3.8772893039254814
2814,"Dreams of Gods & Monsters (Daughter of Smoke & Bone, #3)",Laini Taylor,4.23,576,3.9729074079272375
2815,Playing for Pizza,John Grisham,3.41,500,3.750292971816109
2816,"Tiger's Curse (The Tiger Saga, #1)",Colleen Houck,4.07,378,3.920693884709367
2817,Chapterhouse: Dune (Dune Chronicles #6),Frank Herbert,3.89,562,3.869951948885156
2818,Brown Girl Dreaming,Jacqueline Woodson,4.11,249,3.9695076474796105
2819,"Feed (Newsflesh Trilogy, #1)",Mira Grant,3.86,439,3.8699544744905863
2820,Icy Sparks,Gwyn Hyman Rubio,3.68,577,3.818708974302969
2821,"Anne's House of Dreams (Anne of Green Gables, #5)",L.M. Montgomery,4.12,594,3.9726186555501366
2822,"The Templar Legacy (Cotton Malone, #1)",Steve Berry,3.81,448,3.855933968275261
2823,"J is for Judgment (Kinsey Millhone, #10)",Sue Grafton,4.01,508,3.936277486550143
2824,The Physick Book of Deliverance Dane,Katherine Howe,3.7,546,3.8154534440958163
2825,"Deadhouse Gates (The Malazan Book of the Fallen, #2)",Steven Erikson,4.25,492,3.9829081388163647
2826,"Lick (Stage Dive, #1)",Kylie Scott,4.15,469,3.9444717641075653
2827,"Not a Penny More, Not a Penny Less",Jeffrey Archer,4.0,312,3.9198668367905967
2828,Best Served Cold,Joe Abercrombie,4.16,476,3.948932729905577
2829,Elizabeth Is Missing,Emma Healey,3.7,329,3.8677647124777095
2830,"Consent to Kill (Mitch Rapp, #8)",Vince Flynn,4.36,455,3.999643662045256
2831,The Warmth of Other Suns: The Epic Story of America's Great Migration,Isabel Wilkerson,4.31,379,4.0143765026246445
2832,The First Fifteen Lives of Harry August,Claire North,4.04,497,3.951956883409412
2833,"The Prisoner of Heaven (The Cemetery of Forgotten Books, #3)",Carlos Ruiz Zafón,3.96,394,3.9126070510973814
2834,The Guns of August,"Barbara W. Tuchman, Robert K. Massie",4.18,374,3.9706731522502783
2835,"Separation of Power (Mitch Rapp, #5)",Vince Flynn,4.32,445,4.0064094508968235
2836,"Tomorrow, When the War Began (Tomorrow, #1)",John Marsden,4.05,358,3.92486334300371
2837,"The Monuments Men: Allied Heroes, Nazi Thieves, and the Greatest Treasure Hunt in History","Robert M. Edsel, Bret Witter",3.75,285,3.8446852388880144
2838,Love Letters to the Dead,Ava Dellaira,3.82,332,3.8805906768118805
2839,War Brides,Helen Bryan,3.75,422,3.800547513288777
2840,Homegoing,Yaa Gyasi,4.41,496,4.0521489474095365
2841,Packing for Mars: The Curious Science of Life in the Void,Mary Roach,3.93,415,3.9244137657760967
2842,"Divine Justice (Camel Club, #4)",David Baldacci,4.17,455,3.9592840949933388
2843,"Kick-Ass (Kick-Ass, #1)","Mark Millar, John Romita Jr., Rob Liefeld",4.04,277,3.91039407159995
2844,Left to Tell: Discovering God Amidst the Rwandan Holocaust,"Immaculée Ilibagiza, Steve Erwin",4.43,328,4.022818590825835
2845,"Plague (Gone, #4)",Michael  Grant,4.18,373,3.9378209492967278
2846,Hard Times,Charles Dickens,3.5,539,3.759447031083934
2847,La Vérité sur l'affaire Harry Quebert,Joël Dicker,3.94,297,3.8919767687961873
2848,A God in Ruins,Kate Atkinson,3.92,555,3.9178339656212797
2849,Caught,Harlan Coben,3.98,508,3.927985121449154
2850,"Magic Study (Study, #2)",Maria V. Snyder,4.06,539,3.9333550168921114
2851,"Chobits, Vol. 1","CLAMP, Shirley Kubo",4.05,297,3.930560671862592
2852,Battle Royale,"Koushun Takami, Yuji Oniki",4.24,438,3.9835736764151313
2853,The Girl Who Chased the Moon,Sarah Addison Allen,3.97,466,3.8975990284532633
2854,A Town Like Alice,Nevil Shute,4.12,587,3.9747735418675987
2855,#GIRLBOSS,Sophia Amoruso,3.71,195,3.85706193597223
2856,The Secret Life of CeeCee Wilkes,Diane Chamberlain,4.09,376,3.92059196847819
2857,Crocodile on the Sandbank (Amelia Peabody #1),Elizabeth Peters,4.02,433,3.9295960333122215
2858,"Bed of Roses (Bride Quartet, #2)",Nora Roberts,4.11,433,3.9419929836624354
2859,"Debt of Honor (Jack Ryan Universe, #8)",Tom Clancy,4.03,566,3.9298043180109987
2860,Till We Have Faces,C.S. Lewis,4.19,475,3.9549430801320655
2861,"Point Blank (Alex Rider, #2)",Anthony Horowitz,4.1,381,3.9227677451755634
2862,Strangers,Dean Koontz,3.98,620,3.9169123371341485
2863,"The Kill Artist (Gabriel Allon, #1)",Daniel Silva,4.0,407,3.9297028164446592
2864,"Knuffle Bunny: A Cautionary Tale (Knuffle Bunny, #1)",Mo Willems,4.26,376,3.9906298789067707
2865,"The Gashlycrumb Tinies (The Vinegar Works, #1)",Edward Gorey,4.23,293,4.023360673686694
2866,"The Long Earth (The Long Earth, #1)","Terry Pratchett, Stephen Baxter",3.74,454,3.8497321670088764
2867,The War of Art: Break Through the Blocks & Win Your Inner Creative Battles,"Steven Pressfield, Robert McKee",4.07,262,3.9288756018460846
2868,"Existence (Existence Trilogy, #1)",Abbi Glines,3.95,501,3.8842665083819705
2869,What We Talk About When We Talk About Love,Raymond Carver,4.22,407,3.988922875664718
2870,That Summer,Sarah Dessen,3.49,431,3.7954553966006377
2871,"Theft of Swords (The Riyria Revelations, #1-2)",Michael J. Sullivan,4.21,497,3.9710351639793755
2872,"Necessary Lies (Necessary Lies, #1)",Diane Chamberlain,4.21,412,3.9801653460670776
2873,Lucifer's Hammer,"Larry Niven, Jerry Pournelle",3.98,560,3.899107786325695
2874,Montana Sky,Nora Roberts,4.07,437,3.9297701604789506
2875,Of Human Bondage,"W. Somerset Maugham, Benjamin DeMott, Maeve Binchy",4.11,643,3.9470286187366903
2876,I Was Here,Gayle Forman,3.78,411,3.8488137249686467
2877,"The Complete Tales and Poems of Winnie-the-Pooh (Winnie-the-Pooh, #1-4)","A.A. Milne, Ernest H. Shepard",4.49,658,4.1150069523704556
2878,"Alone (Detective D.D. Warren, #1)",Lisa Gardner,3.97,425,3.9074423973977495
2879,Mike Mulligan and His Steam Shovel,Virginia Lee Burton,4.2,709,3.9986329754631913
2880,"Divergent Series Complete Box Set (Divergent, #1-3)",Veronica Roth,4.32,182,3.9232307718876953
2881,"Making Money (Discworld, #36; Moist Von Lipwig, #2)",Terry Pratchett,4.23,675,4.022323764643242
2882,"Happy Ever After (Bride Quartet, #4)",Nora Roberts,4.17,417,3.945794328268082
2883,Harvesting the Heart,Jodi Picoult,3.59,520,3.783224890044467
2884,"Never Fade (The Darkest Minds, #2)",Alexandra Bracken,4.33,448,4.02420762792029
2885,Dewey: The Small-Town Library Cat Who Touched the World,"Vicki Myron, Bret Witter",3.85,404,3.8677127315171416
2886,"The School for Good and Evil (The School for Good and Evil, #1)",Soman Chainani,4.0,176,3.905933260003397
2887,"For a Few Demons More (The Hollows, #5)",Kim Harrison,4.33,540,4.021750439192354
2888,"The Secret Place (Dublin Murder Squad, #5)",Tana French,3.83,564,3.865514693884428
2889,"Mistborn Trilogy Boxed Set (Mistborn, #1-3)",Brandon Sanderson,4.55,439,4.076833990330765
2890,"The Coffin Dancer (Lincoln Rhyme, #2)",Jeffery Deaver,4.16,460,3.960017850724018
2891,"The Emperor's Code (The 39 Clues, #8)",Gordon Korman,4.04,281,3.918166892864304
2892,The Complete Adventures of Curious George,"Margret Rey, H.A. Rey",4.23,685,4.036142862028954
2893,"The Drop (Harry Bosch, #17; Harry Bosch Universe, #21)",Michael Connelly,4.14,490,3.9643281329956332
2894,"Sailor Moon, #1 (Sailor Moon, #1)",Naoko Takeuchi,4.29,265,3.969153311106765
2895,Think Like a Freak,"Steven D. Levitt, Stephen J. Dubner",3.82,342,3.8557559485926607
2896,Drama,"Raina Telgemeier, Gurihiru",4.14,161,3.9101001122363432
2897,Assassination Vacation,Sarah Vowell,3.98,526,3.924642372702694
2898,Nine Princes in Amber (The Chronicles of Amber #1),Roger Zelazny,4.1,503,3.9675739800051137
2899,The Museum of Extraordinary Things,Alice Hoffman,3.73,508,3.8278844284443565
2900,"Ender in Exile (Ender's Saga, #1.2)",Orson Scott Card,3.89,575,3.878890947725521
2901,"Undead and Unwed (Undead, #1)",MaryJanice Davidson,3.81,501,3.8557171715592737
2902,The Fifth Mountain,Paulo Coelho,3.61,296,3.8431330221110933
2903,The Power of Myth,"Joseph Campbell, Bill Moyers",4.3,612,4.0141813761884775
2904,"Lock In (Lock In, #1)",John Scalzi,3.85,444,3.878358234650377
2905,Longbourn,Jo Baker,3.62,479,3.811617718641962
2906,As You Wish: Inconceivable Tales from the Making of The Princess Bride,"Cary Elwes, Joe Layden, Various, Rob Reiner",4.08,337,3.9455725832350934
2907,"Good Night, Gorilla",Peggy Rathmann,4.2,478,3.9713063260824986
2908,The Beginning of Everything,Robyn Schneider,3.78,326,3.8535599021062255
2909,"In Too Deep (The 39 Clues, #6)",Jude Watson,4.02,276,3.8959124359971216
2910,Catch Me If You Can: The True Story of a Real Fake,"Frank W. Abagnale, Stan Redding",4.05,333,3.9315517614105646
2911,"Narcissus in Chains (Anita Blake, Vampire Hunter, #10)",Laurell K. Hamilton,3.89,576,3.8863618291536794
2912,The Seat of the Soul,Gary Zukav,3.97,318,3.8908211176283842
2913,"Claim Me (Stark Trilogy, #2)",J. Kenner,4.21,297,3.9278530295421428
2914,Special Topics in Calamity Physics,Marisha Pessl,3.7,503,3.826185041610294
2915,Bird Box,Josh Malerman,3.98,351,3.9303972314651654
2916,"Partials (Partials Sequence, #1)",Dan Wells,3.94,405,3.887981631579264
2917,The Worst Hard Time: The Untold Story of Those Who Survived the Great American Dust Bowl,Timothy Egan,4.04,422,3.940346552170385
2918,What She Left Behind,Ellen Marie Wiseman,3.86,482,3.817973458787588
2919,"Wicked (Pretty Little Liars, #5)",Sara Shepard,4.04,325,3.895979061012826
2920,"Transfer of Power (Mitch Rapp, #3)",Vince Flynn,4.31,411,3.9757539625102796
2921,Ariel,Sylvia Plath,4.23,379,3.990006593049835
2922,"Batman, Volume 1: The Court of Owls","Scott Snyder, Greg Capullo, Jonathan Glapion",4.3,253,3.982151175987307
2923,"Practical Demonkeeping (Pine Cove, #1)",Christopher Moore,3.81,501,3.8688022842696768
2924,"The Last Templar (Templar, #1)",Raymond Khoury,3.57,400,3.811059470064296
2925,Official Book Club Selection: A Memoir According to Kathy Griffin,Kathy Griffin,3.8,254,3.855272453839927
2926,The Book of Laughter and Forgetting,"Milan Kundera, Aaron Asher",4.01,413,3.912393950004774
2927,The Horse Whisperer,Nicholas Evans,3.77,627,3.789419178079238
2928,Why Men Love Bitches: From Doormat to Dreamgirl—A Woman's Guide to Holding Her Own in a Relationship,Sherry Argov,3.89,180,3.879009983490853
2929,"Wanted (Pretty Little Liars, #8)",Sara Shepard,4.15,298,3.9123434218647146
2930,"The Outlaw Demon Wails (The Hollows, #6)",Kim Harrison,4.38,544,4.040258238440299
2931,Flatland: A Romance of Many Dimensions,"Edwin A. Abbott, Banesh Hoffmann",3.81,490,3.8739252113647886
2932,"The Diviners (The Diviners, #1)",Libba Bray,3.96,427,3.909424053096875
2933,The Spectacular Now,Tim Tharp,3.53,394,3.7931888969971466
2934,The Art of Loving,"Erich Fromm, Peter D. Kramer, Rainer Funk",4.01,212,3.9026196082328575
2935,"Gregor and the Code of Claw (Underland Chronicles, #5)",Suzanne Collins,4.25,365,3.9795620789119313
2936,"Eric (Discworld, #9; Rincewind #4)",Terry Pratchett,3.72,672,3.8145102200197627
2937,A Game of You (The Sandman #5),"Neil Gaiman, Shawn McManus, Colleen Doran, Bryan Talbot, George Pratt, Stan Woch, Dick Giordano, Todd Klein",4.43,643,4.110468535371364
2938,The Other Side of the Story,Marian Keyes,3.77,347,3.854918667283839
2939,Beach Music,Pat Conroy,4.13,570,3.9613879223805104
2940,"An Echo in the Darkness (Mark of the Lion, #2)",Francine Rivers,4.6,370,4.059612514057026
2941,"The Kiss of Deception (The Remnant Chronicles, #1)",Mary E. Pearson,4.06,411,3.948732030756368
2942,"Tai-Pan (Asian Saga, #2)",James Clavell,4.25,633,3.996369757096237
2943,The Weird Sisters,Eleanor Brown,3.36,566,3.6961674858515763
2944,"The Truth (Discworld, #25; Industrial Revolution, #2)",Terry Pratchett,4.25,668,4.0148337826882035
2945,The Leftovers,Tom Perrotta,3.38,578,3.7278150944336046
2946,Flow: The Psychology of Optimal Experience,Mihaly Csikszentmihalyi,4.1,298,3.9603715622962916
2947,"Dragons of Winter Night (Dragonlance: Chronicles, #2)","Margaret Weis, Tracy Hickman",4.13,440,3.928665852337596
2948,Unbearable Lightness: A Story of Loss and Gain,Portia de Rossi,3.83,280,3.893458385634875
2949,"Mine Till Midnight (The Hathaways, #1)",Lisa Kleypas,4.08,327,3.9253083530435924
2950,All the President's Men,"Carl Bernstein, Bob Woodward",4.17,557,3.987576860958158
2951,Wolfsbane (Nightshade #2; Nightshade World #5),Andrea Cremer,4.12,309,3.94320639262916
2952,The Mill on the Floss,"George Eliot, A.S. Byatt",3.77,526,3.8496262559588628
2953,Super Sad True Love Story,Gary Shteyngart,3.44,522,3.7376592143233314
2954,"The Blue Sword (Damar, #1)",Robin McKinley,4.24,480,3.9930237189318847
2955,"Lover at Last (Black Dagger Brotherhood, #11)",J.R. Ward,4.3,496,4.003231689162206
2956,Vampire Academy: The Ultimate Guide (Vampire Academy),"Michelle Rowen, Richelle Mead",4.45,216,4.016770952189793
2957,Surprised by Joy: The Shape of My Early Life,C.S. Lewis,4.14,389,3.9652184289445023
2958,"Gödel, Escher, Bach: An Eternal Golden Braid",Douglas R. Hofstadter,4.3,400,4.002795216441566
2959,"Trickster's Queen (Daughter of the Lioness, #2)",Tamora Pierce,4.28,555,4.018104812160783
2960,"The Poetry of Robert Frost (Collected Poems, Complete & Unabridged)","Robert Frost, Edward Connery Lathem",4.23,560,3.993344412194798
2961,"Freak the Mighty (Freak The Mighty, #1)",Rodman Philbrick,3.98,300,3.9219193950838394
2962,"This Is What Happy Looks Like (This is What Happy Looks Like, #1)",Jennifer E. Smith,3.69,332,3.8448834758596884
2963,What's So Amazing About Grace?,Philip Yancey,4.21,247,3.9680636730488383
2964,"Kill Shot (Mitch Rapp, #2)",Vince Flynn,4.3,404,3.9901642874093337
2965,"The Plains of Passage (Earth's Children, #4)",Jean M. Auel,3.77,573,3.820006433891865
2966,"Hard Luck (Diary of a Wimpy Kid, #8)",Jeff Kinney,4.28,172,3.92118411635185
2967,The Bookseller of Kabul,"Åsne Seierstad, Ingrid Christopherson",3.76,445,3.867973469847171
2968,"The Merchant of Death (Pendragon, #1)",D.J. MacHale,3.93,439,3.876747533219667
2969,The City & the City,China Miéville,3.91,513,3.909299758189693
2970,"Fatal Voyage (Temperance Brennan, #4)",Kathy Reichs,4.04,380,3.922077344448252
2971,"Magic Strikes (Kate Daniels, #3)",Ilona Andrews,4.44,475,4.027437492021149
2972,"My Favorite Mistake (My Favorite Mistake, #1)",Chelsea M. Cameron,4.01,402,3.909888946813251
2973,Airport,Arthur Hailey,3.92,377,3.923853644476085
2974,"Angel (Maximum Ride, #7)",James Patterson,4.02,466,3.9085326371515565
2975,Kurt Vonnegut's Cat's Cradle (Modern Critical Interpretations),"Harold Bloom, Terry Southern, David H. Goldsmith, James Lundquist, Lawrence R. Broer, Peter J. Reed, Loree Rackstraw, William S. Doxey, Jerome Klinkowitz, Richard Giannone, John L. Simons, Leonard Mustazza, Zoltan Ab di-Nagy, Peter Freese, Wendy B. Faris",4.35,463,4.021552534864362
2976,"Ramona the Brave (Ramona, #3)","Beverly Cleary, Alan Tiegreen",4.09,547,3.9759261741113923
2977,The Last Command,Timothy Zahn,4.2,402,3.949072413918098
2978,The Emperor's Soul,Brandon Sanderson,4.33,571,4.016797396529782
2979,Just After Sunset,Stephen King,3.85,653,3.871497998441394
2980,Sold,Patricia McCormick,4.19,374,3.968743022931614
2981,"Double Cross (Alex Cross, #13)",James Patterson,3.99,562,3.921033852116517
2982,Eugene Onegin,"Alexander Pushkin, James E. Falen",4.08,331,3.946018183380273
2983,"These Broken Stars (Starbound, #1)","Amie Kaufman, Meagan Spooner",3.93,366,3.8980904614515985
2984,"Eon: Dragoneye Reborn (Eon, #1)",Alison Goodman,3.98,389,3.9263475948146356
2985,The View from Saturday,E.L. Konigsburg,3.74,502,3.8724468171804123
2986,"Hidden (House of Night, #10)","P.C. Cast, Kristin Cast",3.98,421,3.866619172261667
2987,"Spell Bound (Hex Hall, #3)",Rachel Hawkins,4.09,402,3.926952714746007
2988,"The Secret of the Old Clock (Nancy Drew, #1)","Carolyn Keene, Russell H. Tandy, Sara Paretsky",3.98,496,3.9417868403881204
2989,"Plum Island (John Corey, #1)",Nelson DeMille,4.03,493,3.923753828089767
2990,"The Story of Doctor Dolittle (Doctor Dolittle, #1)","Hugh Lofting, Michael Hague",3.98,563,3.952054884725869
2991,Second Glance,Jodi Picoult,3.79,481,3.8401356049735793
2992,"Frog and Toad Together (Frog and Toad, #2)",Arnold Lobel,4.21,475,3.996023246869213
2993,The Lottery,Shirley Jackson,4.09,542,3.988049283250657
2994,"Big Stone Gap (Big Stone Gap, #1)",Adriana Trigiani,3.86,527,3.849714332889713
2995,"The Alexandria Link (Cotton Malone, #2)",Steve Berry,3.92,315,3.9146775098927358
2996,"The Gathering (Darkness Rising, #1)",Kelley Armstrong,4.03,435,3.9321595248824415
2997,"The Fiery Heart (Bloodlines, #4)",Richelle Mead,4.39,562,4.047877679241582
2998,"Magic Bleeds (Kate Daniels, #4)",Ilona Andrews,4.46,459,4.035025486819134
2999,The Japanese Lover,"Isabel Allende, Nick Caistor, Amanda Hopkinson",3.8,483,3.852953334060366
3000,"Jingo (Discworld, #21; City Watch, #4)",Terry Pratchett,4.11,676,3.9668250178002515
3001,"Kiss of Midnight (Midnight Breed,  #1)",Lara Adrian,3.93,414,3.911194430497778
3002,Sons and Lovers,"D.H. Lawrence, Geoff Dyer",3.61,616,3.787572944687751
3003,A Woman of Substance (Emma Harte Saga #1),Barbara Taylor Bradford,4.16,467,3.942583184934503
3004,"Crash (Crash, #1)",Nicole  Williams,4.02,507,3.9166818470589746
3005,"The Hit (Will Robie, #2)",David Baldacci,4.05,421,3.934064373036038
3006,"Count Zero (Sprawl, #2)",William Gibson,4.0,415,3.9037280013430746
3007,Peony in Love,Lisa See,3.59,516,3.7856613102296803
3008,Twenty Boy Summer,Sarah Ockler,3.89,232,3.865763138527655
3009,Rich Dad's Cashflow Quadrant: Rich Dad's Guide to Financial Freedom,"Robert T. Kiyosaki, Sharon L. Lechter",4.05,179,3.88701337493019
3010,"The Ice Princess (Patrik Hedström, #1)","Camilla Läckberg, Steven T. Murray",3.69,313,3.851615402492873
3011,Bookends,Jane Green,3.7,378,3.8314941157303517
3012,Maude,Donna Mabry,4.05,277,3.908335470076585
3013,The Last Colony (Old Man's War #3),John Scalzi,4.03,451,3.930372880857358
3014,If You Take a Mouse to School,"Laura Joffe Numeroff, Felicia Bond",4.26,401,3.971806286310382
3015,"Finding Cinderella (Hopeless, #2.5)",Colleen Hoover,4.3,458,3.997813148106334
3016,Last Chance Saloon,Marian Keyes,3.78,396,3.8568909982507185
3017,"Beauty from Pain (Beauty, #1)",Georgia Cates,4.25,387,3.9721924842356966
3018,Where Are the Children?,Mary Higgins Clark,4.0,406,3.9094857722641416
3019,"The Hero and the Crown (Damar, #2)",Robin McKinley,4.21,498,3.9984611097793046
3020,The Metamorphosis and Other Stories,"Franz Kafka, Jason Baker, Donna Freed",4.01,429,3.90518690147431
3021,The Space Between Us,Thrity Umrigar,3.98,451,3.9260818246445215
3022,Sir Gawain and the Green Knight ,"Unknown, Burton Raffel, Neil D. Isaacs",3.68,620,3.8047088154988655
3023,"Three Men in a Boat (Three Men, #1)",Jerome K. Jerome,3.9,423,3.8961000938954697
3024,Desert Solitaire,Edward Abbey,4.22,311,3.9895509156726394
3025,"Plum Lovin' (Stephanie Plum, #12.5)",Janet Evanovich,3.7,528,3.8404362702936297
3026,Strengths Finder 2.0,Tom Rath,3.92,276,3.897972451103899
3027,Another Roadside Attraction,Tom Robbins,3.97,547,3.886769687108555
3028,Sarum: The Novel of England,Edward Rutherfurd,4.07,506,3.9439110956191703
3029,Rage of Angels,Sidney Sheldon,3.91,349,3.8655707059063666
3030,"Vampire Academy Box Set (Vampire Academy, #1-4)",Richelle Mead,4.57,230,4.018731674496637
3031,"Everlasting (The Immortals, #6)",Alyson Noel,3.92,355,3.8804255067691056
3032,"A Shade of Vampire (A Shade of Vampire, #1)",Bella Forrest,3.83,310,3.8231344565138614
3033,The Right Stuff,Tom Wolfe,4.23,567,4.023703588704063
3034,Cocktails for Three,Madeleine Wickham,3.38,301,3.778179491353951
3035,"Vanish (Rizzoli & Isles, #5)",Tess Gerritsen,4.13,388,3.92693826470867
3036,"Fluke: Or, I Know Why the Winged Whale Sings",Christopher Moore,3.73,526,3.8613475242000863
3037,The Tell-Tale Heart,"Edgar Allan Poe, Byron Glaser, Bill D. Fountain",4.22,491,3.9990530009828325
3038,Girl in Translation,Jean Kwok,3.96,476,3.9006323012392725
3039,"Panic (Panic, #1)",Lauren Oliver,3.56,472,3.7847953038447053
3040,"Because of Low (Sea Breeze, #2)",Abbi Glines,4.14,503,3.9378704215188067
3041,Leonardo's Notebooks,"Leonardo da Vinci, H. Anna Suh",3.97,132,3.934784180860022
3042,Between Sisters,Kristin Hannah,4.0,341,3.8970730825889746
3043,"Wayward (Wayward Pines, #2)",Blake Crouch,4.12,370,3.922864787810493
3044,"Queste (Septimus Heap, #4)","Angie Sage, Mark Zug",4.04,400,3.9091421126005232
3045,Finding Audrey,Sophie Kinsella,3.82,412,3.840744382680781
3046,"The Moosewood Cookbook: Recipes from Moosewood Restaurant, Ithaca, New York",Mollie Katzen,3.95,407,3.9246628114046542
3047,Fox in Socks,Dr. Seuss,4.04,508,3.930946680413793
3048,My Name is Red,"Orhan Pamuk, Erdağ M. Göknar",3.83,360,3.858090813830168
3049,The Teachings of Don Juan: A Yaqui Way of Knowledge ,Carlos Castaneda,3.94,374,3.8670895454819583
3050,"The Sixth Man (Sean King & Michelle Maxwell, #5)",David Baldacci,4.13,444,3.9423858157622407
3051,Stone Soup,Marcia Brown,4.23,643,4.02600629657358
3052,"The Warrior Heir (The Heir Chronicles, #1)",Cinda Williams Chima,3.95,455,3.8987447444154633
3053,"Top Secret Twenty-One (Stephanie Plum, #21)",Janet Evanovich,3.79,432,3.8396187313419388
3054,Harry Potter and the Chamber of Secrets: Sheet Music for Flute with C.D,John   Williams,4.61,297,4.049696933962369
3055,Death: The High Cost of Living Collected,"Neil Gaiman, Chris Bachalo, Mark Buckingham, Tori Amos",4.21,445,4.033481376079866
3056,Christy,Catherine Marshall,4.2,481,3.974969770988146
3057,"Destroy Me (Shatter Me, #1.5)",Tahereh Mafi,4.27,363,3.9795355929129834
3058,"Gone (Quincy & Rainie, #5)",Lisa Gardner,4.18,342,3.952320357710443
3059,Mindset: The New Psychology of Success,Carol S. Dweck,4.04,298,3.920460854050333
3060,Beyond the Grave (The 39 Clues #4),Jude Watson,3.92,297,3.8994227851774235
3061,The Problem of Pain,C.S. Lewis,4.12,378,3.9482880578467605
3062,"Nudge: Improving Decisions About Health, Wealth, and Happiness","Richard H. Thaler, Cass R. Sunstein",3.8,266,3.8827472035833557
3063,"The Dark Is Rising (The Dark is Rising, #2)",Susan Cooper,4.07,567,3.94815846193705
3064,Purity,Jonathan Franzen,3.59,527,3.7899708783123103
3065,The Door to December,"Richard Paige, Dean Koontz",3.94,473,3.878072509854598
3066,"Four Blind Mice (Alex Cross, #8)",James Patterson,3.98,599,3.9277340979838176
3067,True Colors,Kristin Hannah,3.89,404,3.865819150755922
3068,"Slapstick, or Lonesome No More!",Kurt Vonnegut Jr.,3.87,494,3.8849771728738025
3069,Fooled by Randomness: The Hidden Role of Chance in Life and in the Markets,Nassim Nicholas Taleb,4.05,232,3.925948651520645
3070,"Labyrinth (Languedoc, #1)",Kate Mosse,3.55,452,3.7619416042042557
3071,Founding Brothers: The Revolutionary Generation,Joseph J. Ellis,3.92,383,3.92286655187271
3072,Forward the Foundation (Foundation: Prequel #2),Isaac Asimov,4.13,496,3.960279950213331
3073,"Saphirblau (Edelstein-Trilogie, #2)",Kerstin Gier,4.19,386,3.9479137333477667
3074,"Going Clear: Scientology, Hollywood, and the Prison of Belief",Lawrence Wright,4.02,451,3.9254688166141163
3075,"Twilight: The Graphic Novel, Vol. 1 (Twilight: The Graphic Novel, #1)","Young Kim, Stephenie Meyer",3.74,225,3.8031859962588825
3076,The French Lieutenant's Woman,John Fowles,3.85,620,3.8708089099275718
3077,The Rime of the Ancient Mariner,"Samuel Taylor Coleridge, Gustave Doré",3.93,558,3.8857603868967425
3078,The Paper Bag Princess,"Robert Munsch, Michael Martchenko",4.32,490,4.042158462876493
3079,Tortilla Flat,John Steinbeck,3.82,539,3.8565795850303073
3080,"King Solomon's Mines (Allan Quatermain, #1)",H. Rider Haggard,3.8,488,3.8701775942831667
3081,"Love Unrehearsed (Love, #2)",Tina Reber,4.26,386,3.97409007249097
3082,Brief Lives (The Sandman #7),"Neil Gaiman, Jill Thompson, Vince Locke, Peter Straub",4.55,588,4.122952711950804
3083,"Nightfall (The Vampire Diaries: The Return, #1)",L.J. Smith,3.57,413,3.767411837408277
3084,"The People of Sparks (Book of Ember, #2)",Jeanne DuPrau,3.65,518,3.7558836957796666
3085,Narcissus and Goldmund,"Hermann Hesse, Ursule Molinaro",4.19,354,3.952041504622699
3086,Fables and Reflections (The Sandman #6),"Neil Gaiman, Bryan Talbot, Stan Woch, P. Craig Russell, Shawn McManus, John Watkiss, Jill Thompson, Duncan Eagleson, Kent Williams, Todd Klein",4.45,589,4.103666580310071
3087,"The Bone Season (The Bone Season, #1)",Samantha Shannon,3.75,448,3.841194669620222
3088,Little Dorrit,"Charles Dickens, Helen Small, Stephen Wall",3.97,394,3.920864689412823
3089,"Eagle Strike (Alex Rider, #4)",Anthony Horowitz,4.11,365,3.928439319577174
3090,Valley of the Dolls,Jacqueline Susann,3.7,562,3.7964858408670192
3091,The Source,James A. Michener,4.3,502,4.025213862297217
3092,You Shall Know Our Velocity!,Dave Eggers,3.62,414,3.790765402084054
3093,ثلاثية غرناطة,"Radwa Ashour, رضوى عاشور",4.29,272,3.992024568300356
3094,We're Going on a Bear Hunt,"Michael Rosen, Helen Oxenbury",4.27,394,3.9862905929890156
3095,"Vampire Academy Collection (Vampire Academy, #1-3)",Richelle Mead,4.61,283,4.041971762825536
3096,"Guardians of the West (The Malloreon, #1)",David Eddings,4.09,556,3.911545977390202
3097,The Search,Nora Roberts,4.11,414,3.9657638339977463
3098,"Honeymoon (Honeymoon, #1)","James Patterson, Howard Roughan",3.81,445,3.853206965201875
3099,Pandora's Star,Peter F. Hamilton,4.24,395,3.969794502978866
3100,How to Eat Fried Worms,Thomas Rockwell,3.75,563,3.8224156946839947
3101,The Raven and other poems,"Edgar Allan Poe, Philip Pullman",4.3,477,4.0099060402718925
3102,The Weight of Silence,Heather Gudenkauf,3.93,379,3.882907253602647
3103,Trigger Warning: Short Fictions and Disturbances,Neil Gaiman,3.92,382,3.9304981633121727
3104,Lincoln,David Herbert Donald,4.17,158,3.9472594190709165
3105,"Magic Burns (Kate Daniels, #2)",Ilona Andrews,4.33,479,4.003867462509858
3106,The Quiet American,"Graham Greene, Robert  Stone",3.96,478,3.933315612701325
3107,"The Proposition (The Proposition, #1)",Katie Ashley,4.05,330,3.918835516481896
3108,"Cause of Death (Kay Scarpetta, #7)",Patricia Cornwell,3.93,477,3.925431292187659
3109,Master and Commander,Patrick O'Brian,4.1,442,3.927520976726011
3110,"Dragon Ball, Vol. 1: The Monkey King (Dragon Ball, #1)",Akira Toriyama,4.42,202,3.977875483283374
3111,Revelation Space,Alastair Reynolds,3.97,378,3.9052924857489617
3112,"Private (Private, #1)","James Patterson, Maxine Paetro",3.88,420,3.8684104733753717
3113,"Wicked Appetite (Lizzy & Diesel, #1)",Janet Evanovich,3.77,435,3.84672647838953
3114,"Tales from a Not-So-Fabulous Life (Dork Diaries, #1)",Rachel Renée Russell,4.16,173,3.9360210452542725
3115,A Hunger Like No Other (Immortals After Dark #2),Kresley Cole,4.21,437,3.9940748658521033
3116,"A Million Suns (Across the Universe, #2)",Beth Revis,4.04,370,3.9273800429224064
3117,"The High Lord (Black Magician Trilogy, #3)",Trudi Canavan,4.15,399,3.9185824609273774
3118,The Valley of Amazement,Amy Tan,3.6,476,3.7992014010400332
3119,Three Weeks With My Brother,"Nicholas Sparks, Micah Sparks",4.01,370,3.925444933588729
3120,The High King (The Chronicles of Prydain #5),Lloyd Alexander,4.26,560,4.0226497043858
3121,"Die for Me (Revenants, #1)",Amy Plum,4.0,335,3.9237228803158497
3122,Gift from the Sea,Anne Morrow Lindbergh,4.18,480,3.9737500936834356
3123,Confessions of an Economic Hit Man,John Perkins,3.83,269,3.8664301942610964
3124,Ficciones,"Jorge Luis Borges, Anthony Kerrigan, Anthony Bonner",4.47,382,4.041872419216928
3125,"Winter Prey (Lucas Davenport, #5)",John Sandford,4.24,443,3.9749998648078657
3126,The Complete Short Stories,Ernest Hemingway,4.28,376,4.0041234212829195
3127,"Dandelion Wine (Green Town, #1)",Ray Bradbury,4.08,490,3.9553477103170724
3128,The Mummy (Ramses the Damned #1),Anne Rice,3.81,619,3.820161885479135
3129,Switch: How to Change Things When Change Is Hard,"Chip Heath, Dan Heath",4.02,267,3.9394854422321615
3130,Trail of Broken Wings,Sejal Badani,3.94,331,3.8937453057252744
3131,The Collector,John Fowles,3.99,430,3.9015197668400963
3132,Fairest,Gail Carson Levine,3.86,474,3.863638566488912
3133,Timequake,Kurt Vonnegut Jr.,3.71,478,3.845273642008447
3134,The Orchardist,Amanda Coplin,3.75,488,3.8689787691318154
3135,"One Summer: America, 1927",Bill Bryson,4.06,391,3.9633534529005328
3136,Evening Class,Maeve Binchy,3.98,465,3.9084770440300294
3137,"The Talismans of Shannara (Heritage of Shannara, #4)",Terry Brooks,4.01,423,3.880507254127491
3138,"Anne of Windy Poplars (Anne of Green Gables, #4)",L.M. Montgomery,4.04,553,3.9425473262231625
3139,A Hero of Our Time,"Mikhail Lermontov, Paul Foote",4.11,265,3.927639438554354
3140,The Atonement Child,Francine Rivers,4.26,251,3.9443982956351618
3141,Amsterdam,Ian McEwan,3.41,499,3.7465713574361983
3142,Theodore Rex,Edmund Morris,4.16,234,3.968477183442415
3143,The Far Pavilions,M.M. Kaye,4.2,570,3.983098486283841
3144,"Nothing to Lose (Jack Reacher, #12)",Lee Child,3.9,542,3.8945696339444966
3145,"Falling into You (Falling, #1)",Jasinda Wilder,4.04,367,3.9117283529649107
3146,Adultery,Paulo Coelho,3.01,252,3.693791301083996
3147,"The Rithmatist (The Rithmatist, #1)",Brandon Sanderson,4.25,547,4.002557332566785
3148,The Christmas Shoes (Christmas Hope #1),Donna VanLiere,4.22,258,3.9446689011629057
3149,Skinny Bitch,"Rory Freedman, Kim Barnouin",3.34,277,3.7587437593787194
3150,"Mystery Man (Dream Man, #1)",Kristen Ashley,4.25,451,4.006998884658008
3151,Curious George Goes to the Hospital,"Margret Rey, H.A. Rey",4.22,470,3.977832685295163
3152,The Snowball: Warren Buffett and the Business of Life,Alice Schroeder,4.05,164,3.9288977761977293
3153,"The Bride (Lairds' Fiancées, #1)",Julie Garwood,4.26,337,3.975889593714234
3154,"Erak's Ransom (Ranger's Apprentice, #7)",John Flanagan,4.31,352,3.9748203880066613
3155,Missing You,Harlan Coben,3.95,432,3.891718216549406
3156,Snow,"Orhan Pamuk, Maureen Freely",3.55,380,3.7785152089614864
3157,"Halt's Peril (Ranger's Apprentice, #9)",John Flanagan,4.38,337,3.9877527717278105
3158,"The Apprentice (Rizzoli & Isles, #2)",Tess Gerritsen,4.14,363,3.9328823174642698
3159,Betty Crocker's Cookbook,Betty Crocker,4.25,296,3.964382090728583
3160,Elsewhere,Gabrielle Zevin,3.91,376,3.878183692438866
3161,Stay Close,Harlan Coben,3.87,403,3.90236675332698
3162,The Quickie,"James Patterson, Michael Ledwidge",3.82,468,3.87406253748869
3163,"Step on a Crack (Michael Bennett, #1)","James Patterson, Michael Ledwidge",4.0,444,3.923300671392358
3164,Counting by 7s,Holly Goldberg Sloan,4.16,359,3.965190203691683
3165,"Hourglass (Evernight, #3)",Claudia Gray,3.8,318,3.8554476944154095
3166,"A Kiss of Shadows (Merry Gentry, #1)",Laurell K. Hamilton,4.01,521,3.919130829684716
3167,"Executive Power (Mitch Rapp, #6)",Vince Flynn,4.33,386,3.9715362833062677
3168,"Savor the Moment (Bride Quartet, #3)","Nora Roberts, Angela Dawe",4.13,401,3.940186732778478
3169,The Most Dangerous Game,Richard Connell,3.91,465,3.9388666386328373
3170,Little Brother,Cory Doctorow,3.94,419,3.9027182395689413
3171,"Dearly Devoted Dexter (Dexter, #2)",Jeff Lindsay,3.84,412,3.8872180371428797
3172,The Essential Rumi,"Jalaluddin Rumi, Coleman Barks",4.44,383,4.036088582193186
3173,Inside the O'Briens,Lisa Genova,3.98,459,3.925222522139088
3174,"Memories of Ice (The Malazan Book of the Fallen, #3)",Steven Erikson,4.39,427,4.019546618890442
3175,"Odd Hours (Odd Thomas, #4)",Dean Koontz,3.92,525,3.898209863685338
3176,"The Dead Girls' Dance (The Morganville Vampires, #2)",Rachel Caine,4.06,400,3.9281258498655998
3177,"The Realms of the Gods (Immortals, #4)",Tamora Pierce,4.32,504,4.025183922426294
3178,"One Second After (After, #1)",William R. Forstchen,3.92,351,3.872929720200227
3179,"Gregor and the Curse of the Warmbloods (Underland Chronicles, #3)",Suzanne Collins,4.2,405,3.9649386744102735
3180,The Lover's Dictionary,David Levithan,3.89,333,3.905119461139634
3181,Art Through the Ages ,"Helen Gardner, Fred S. Kleiner, Christin J. Mamiya",3.84,167,3.93350944892942
3182,"The Wishsong of Shannara (The Original Shannara Trilogy, #3)",Terry Brooks,3.97,472,3.894944792436365
3183,The Darkest Kiss (Lords of the Underworld #2),Gena Showalter,4.26,335,3.9798173830545815
3184,The Sugar Queen,Sarah Addison Allen,3.98,427,3.9081797303195467
3185,"Pure (Covenant, #2)",Jennifer L. Armentrout,4.34,468,4.023913899498033
3186,Purple Hibiscus,Chimamanda Ngozi Adichie,4.11,319,3.9315795908374622
3187,No One Belongs Here More Than You,Miranda July,3.81,278,3.894683728000142
3188,"Hammered (The Iron Druid Chronicles, #3)",Kevin Hearne,4.22,443,3.9786960392673
3189,No Rest for the Wicked (Immortals After Dark #3),Kresley Cole,4.3,385,4.023265368007799
3190,"Extreme Measures (Mitch Rapp, #11)",Vince Flynn,4.32,378,3.9790908557675717
3191,"Saga, Vol. 4 (Saga, #4)","Brian K. Vaughan, Fiona Staples",4.47,353,4.050490628411014
3192,"A Beautiful Wedding (Beautiful, #2.5)",Jamie McGuire,4.08,343,3.9320011032249766
3193,Bad Monkey,Carl Hiaasen,3.66,388,3.8357567305634173
3194,Sisterland,Curtis Sittenfeld,3.35,535,3.7122470008410233
3195,"Juliet, Naked",Nick Hornby,3.48,470,3.779686893620922
3196,Chicken Soup for the Soul,"Jack Canfield, Mark Victor Hansen",3.94,311,3.9050608734276184
3197,"Tears of the Giraffe (No. 1 Ladies' Detective Agency, #2)",Alexander McCall Smith,3.95,494,3.9112568121260276
3198,"The Concrete Blonde (Harry Bosch, #3; Harry Bosch Universe, #3)",Michael Connelly,4.12,521,3.9649781229310572
3199,"Seduced in the Dark (The Dark Duet, #2)",C.J. Roberts,4.32,352,3.985262207493707
3200,Carpe Jugulum (Discworld #23; Witches #6),Terry Pratchett,4.12,650,3.973456417277281
3201,The Warlord Wants Forever (Immortals After Dark #1),Kresley Cole,4.09,340,3.9568619881224807
3202,Bluebeard,Kurt Vonnegut Jr.,4.02,458,3.9263976564381418
3203,Good Faeries/Bad Faeries,"Brian Froud, Terry Windling",3.88,197,3.927697146985121
3204,The Island,Elin Hilderbrand,3.88,370,3.865456544244731
3205,Cycle of the Werewolf,"Stephen King, Bernie Wrightson",3.62,613,3.784429420923776
3206,The Devil's Arithmetic,Jane Yolen,4.04,406,3.955504810277128
3207,The World Without Us,Alan Weisman,3.79,340,3.885165612407161
3208,"Isaac's Storm: A Man, a Time, and the Deadliest Hurricane in History",Erik Larson,4.05,427,3.934310508643444
3209,The Rumor,Elin Hilderbrand,3.69,399,3.8153721778905894
3210,Orlando,Virginia Woolf,3.86,414,3.8547433234288446
3211,Thanks for the Memories,Cecelia Ahern,3.69,287,3.8537567508639046
3212,Agnes Grey,"Anne Brontë, Angeline Goreau",3.65,392,3.819002277264267
3213,Angels Fall,Nora Roberts,3.98,426,3.91372550615863
3214,"Pursuit of Honor (Mitch Rapp, #12)",Vince Flynn,4.35,369,3.9731603179129977
3215,Acheron (Dark-Hunter #14),Sherrilyn Kenyon,4.59,390,4.07795789374171
3216,South of Broad,Pat Conroy,3.78,496,3.8457419796829964
3217,The Birth House,Ami McKay,3.99,346,3.889548110163538
3218,"Fade (Wake, #2)",Lisa McMann,3.95,373,3.9178634394789205
3219,The Little Friend,Donna Tartt,3.43,499,3.766222402514505
3220,"Percy Jackson and the Olympians (Percy Jackson and the Olympians, #1-3)",Rick Riordan,4.58,332,4.047885525717521
3221,"Savvy (Savvy, #1)",Ingrid Law,3.96,347,3.9027154328177875
3222,The Book of Basketball: The NBA According to The Sports Guy,Bill Simmons,4.16,180,3.945906991503791
3223,"London Bridges (Alex Cross, #10)",James Patterson,3.92,566,3.8943006817514787
3224,لا تحزن,عائض القرني,4.15,173,3.9367599797107866
3225,Wings of Fire: An Autobiography,"A.P.J. Abdul Kalam, Arun Tiwari",4.19,106,3.914030382136832
3226,"The Ripper (The Vampire Diaries: Stefan's Diaries, #4)","L.J. Smith, Kevin Williamson, Julie Plec",4.22,160,3.9294316798795847
3227,The Signal and the Noise: Why So Many Predictions Fail - But Some Don't,Nate Silver,3.96,324,3.9092051323157664
3228,Salt to the Sea,Ruta Sepetys,4.36,444,4.038427187430036
3229,"The Body in the Library (Miss Marple, #3)",Agatha Christie,3.85,401,3.8573435025248894
3230,The Lord of the Rings: The Art of The Fellowship of the Ring,Gary Russell,4.59,193,4.01413913969461
3231,"Backstage Pass (Sinners on Tour, #1)",Olivia Cunning,4.05,362,3.9166292423929243
3232,The Story About Ping,"Marjorie Flack, Kurt Wiese",4.15,599,4.009226819840728
3233,"Tales from a Not-So-Popular Party Girl (Dork Diaries, #2)",Rachel Renée Russell,4.28,165,3.9438172010277315
3234,"Farmer Boy (Little House, #3)","Laura Ingalls Wilder, Garth Williams",4.05,551,3.9528777684645107
3235,Start with Why: How Great Leaders Inspire Everyone to Take Action,Simon Sinek,4.07,176,3.905933260003397
3236,The All-Girl Filling Station's Last Reunion,Fannie Flagg,3.97,376,3.912238823197717
3237,Bastard Out of Carolina,Dorothy Allison,4.09,532,3.9441787540399504
3238,Beauty Queens,Libba Bray,3.6,357,3.8038231188073945
3239,"Daemon (Daemon, #1)",Daniel Suarez,4.17,345,3.944546830487516
3240,The Burden of Proof,Scott Turow,4.05,532,3.9435947442285855
3241,"Crooked Kingdom (Six of Crows, #2)",Leigh Bardugo,4.62,418,4.0841001567556825
3242,"Born Free: A Lioness of Two Worlds (Story of Elsa, #1)",Joy Adamson,4.17,396,4.006608691583206
3243,The Stars My Destination,"Alfred Bester, Neil Gaiman",4.13,413,3.963859461835566
3244,"Trickster's Choice (Daughter of the Lioness, #1)",Tamora Pierce,4.27,542,4.006048470384141
3245,"Cruel Beauty (Cruel Beauty Universe, #1)",Rosamund Hodge,3.74,378,3.8308523907736682
3246,"The Rise of Endymion (Hyperion Cantos, #4)",Dan Simmons,4.16,430,3.9406429115957318
3247,"Endymion (Hyperion Cantos, #3)",Dan Simmons,4.14,437,3.934098361802144
3248,The Arrival,Shaun Tan,4.33,300,4.032032210053778
3249,"Calamity (The Reckoners, #3)",Brandon Sanderson,4.2,524,3.976188042329758
3250,Shopgirl,Steve Martin,3.42,502,3.7601006244680546
3251,حوار مع صديقي الملحد,مصطفى محمود,3.95,186,3.9029622195290985
3252,The Adventures of Tom Sawyer & Adventures of Huckleberry Finn,Mark Twain,4.07,473,3.953678872886111
3253,The Woman Upstairs,Claire Messud,3.31,363,3.78190713441496
3254,"The Stupidest Angel: A Heartwarming Tale of Christmas Terror (Pine Cove, #3)",Christopher Moore,3.82,477,3.849404018911849
3255,The Beautiful and Damned,F. Scott Fitzgerald,3.75,379,3.864309164716609
3256,Confessions,"Augustine of Hippo, Henry Chadwick, Albert Cook Outler",3.88,381,3.8555160959089267
3257,Our Souls at Night,Kent Haruf,3.96,490,3.942775118567088
3258,Carolina Moon,Nora Roberts,4.02,391,3.9283505890298525
3259,The Painted Girls,Cathy Marie Buchanan,3.61,310,3.8479616725106407
3260,"UnEnchanted (An Unfortunate Fairy Tale, #1)",Chanda Hahn,3.89,235,3.8773527029906076
3261,"The Bedwetter: Stories of Courage, Redemption, and Pee",Sarah Silverman,3.52,302,3.7891231738127282
3262,"The Talented Mr. Ripley (Ripley, #1)",Patricia Highsmith,3.93,468,3.917743906171575
3263,"Chain Reaction (Perfect Chemistry, #3)",Simone Elkeles,4.12,364,3.914147044319502
3264,"Noble House (Asian Saga, #5)",James Clavell,4.23,554,3.985248965313156
3265,"Dark Prince (Dark, #1)",Christine Feehan,4.01,314,3.906589895297201
3266,NARUTO -ナルト- 巻ノ四十三,Masashi Kishimoto,4.57,147,3.9664109700464154
3267,The Shining Girls,Lauren Beukes,3.49,403,3.814575431404413
3268,The Zookeeper's Wife,Diane Ackerman,3.44,494,3.75059265397038
3269,Slade House,David Mitchell,3.82,434,3.9030027135864507
3270,An Astronaut's Guide to Life on Earth,Chris Hadfield,4.14,195,3.93268180072901
3271,"Ink Exchange (Wicked Lovely, #2)",Melissa Marr,3.68,482,3.8107545452340776
3272,com نسيان,"أحلام مستغانمي, Ahlam Mosteghanemi",3.73,193,3.8561255956765508
3273,Bleachers,John Grisham,3.46,438,3.7605000806665063
3274,Hop On Pop,Dr. Seuss,3.95,521,3.9050239702243035
3275,"Harry Potter Boxed Set, Books 1-5 (Harry Potter, #1-5)","J.K. Rowling, Mary GrandPré",4.77,285,4.078766996889788
3276,"Skeleton Key (Alex Rider, #3)",Anthony Horowitz,4.06,338,3.922556333097943
3277,Gone for Good,Harlan Coben,4.1,436,3.964992439858076
3278,"The Mad Ship (Liveship Traders, #2)",Robin Hobb,4.21,488,3.9786712704804934
3279,"Inside the Human Body (The Magic School Bus, #3)","Joanna Cole, Bruce Degen",4.26,444,3.989790851777755
3280,"Lost Light (Harry Bosch, #9; Harry Bosch Universe, #11)",Michael Connelly,4.15,523,3.9644321496756927
3281,"The Iron Trial (Magisterium, #1)","Holly Black, Cassandra Clare",3.95,246,3.9210665922615213
3282,"A Game of Thrones: The Graphic Novel, Vol. 1","Daniel Abraham, George R.R. Martin, Tommy Patterson",4.48,371,4.06473105172604
3283,"The Carrie Diaries (The Carrie Diaries, #1)",Candace Bushnell,3.57,246,3.8102904582083768
3284,Jewel,Bret Lott,3.64,510,3.789041756222332
3285,"The World of Divergent: The Path to Allegiant (Divergent, #2.5)",Veronica Roth,3.98,149,3.8724270522399813
3286,"Tribulation Force (Left Behind, #2)","Tim LaHaye, Jerry B. Jenkins",3.94,370,3.8725519451348815
3287,Food Rules: An Eater's Manual,Michael Pollan,3.99,385,3.942130761223156
3288,في قلبي أنثى عبرية,خولة حمدي,4.04,225,3.8850190568153473
3289,"Vampire Kisses (Vampire Kisses, #1)",Ellen Schreiber,3.69,350,3.8297178857365273
3290,"Fly Away (Firefly Lane, #2)",Kristin Hannah,3.94,379,3.893809581570325
3291,"Stone of Farewell (Memory, Sorrow, and Thorn, #2)",Tad Williams,4.09,415,3.9244137657760967
3292,The Exploits of Sherlock Holmes,"Adrian Conan Doyle, John Dickson Carr",4.4,289,4.026827251441236
3293,One True Thing,Anna Quindlen,4.01,595,3.93264083847384
3294,Those Who Leave and Those Who Stay (The Neapolitan Novels #3),"Elena Ferrante, Ann Goldstein",4.29,430,3.9965331183894968
3295,"The Novice (Black Magician Trilogy, #2)",Trudi Canavan,4.07,395,3.9063145309100538
3296,Then We Came to the End,Joshua Ferris,3.45,439,3.7847324649803045
3297,"One Week Girlfriend (One Week Girlfriend, #1)",Monica  Murphy,3.94,382,3.8965738209963563
3298,"Ship of Destiny (Liveship Traders, #3)",Robin Hobb,4.21,489,4.0020471338540755
3299,A Week in Winter,Maeve Binchy,3.79,454,3.8240330909518487
3300,Calico Joe,John Grisham,3.8,391,3.863436186942409
3301,"Hana-Kimi, Vol. 1 (Hana-Kimi, #1)","Hisaya Nakajo, David Ury",4.16,252,3.947229826532575
3302,"Daughter of the Forest  (Sevenwaters, #1)",Juliet Marillier,4.28,389,3.991344727294085
3303,The Very Busy Spider,Eric Carle,4.19,440,4.005194890170096
3304,Freckle Juice,Judy Blume,3.82,531,3.8477282069436143
3305,Linchpin: Are You Indispensable?,Seth Godin,3.87,180,3.9150314493439735
3306,Just So Stories,Rudyard Kipling,4.09,589,3.9849755725668947
3307,The River of Doubt: Theodore Roosevelt's Darkest Journey,Candice Millard,4.16,366,3.9608208501213262
3308,Complications: A Surgeon's Notes on an Imperfect Science,"Atul Gawande, Susanne Kuhlmann-Krieg",4.23,308,3.977435517397438
3309,"Side Jobs: Stories from the Dresden Files (The Dresden Files, #12.5)",Jim Butcher,4.23,524,3.997897835206599
3310,Camera Lucida: Reflections on Photography,"Roland Barthes, Richard Howard",3.92,127,3.9337698160656367
3311,The Hundred Secret Senses,Amy Tan,3.98,523,3.9027871076983542
3312,Pretty Baby,Mary Kubica,3.75,399,3.850197733516499
3313,The Gargoyle,Andrew Davidson,3.96,436,3.919827557101162
3314,"Quicksilver (The Baroque Cycle, #1)",Neal Stephenson,3.92,482,3.8612869401086494
3315,My Story,"Elizabeth  Smart, Chris Stewart",3.77,254,3.871308150695536
3316,"The Fairy-Tale Detectives (The Sisters Grimm, #1)","Michael Buckley, Peter Ferguson",4.01,337,3.90141519840678
3317,Mort: The Play,"Terry Pratchett, Stephen Briggs",4.29,473,4.002066945226279
3318,"Birthmarked (Birthmarked, #1)",Caragh M. O'Brien,3.89,376,3.9000303800954876
3319,"Skulduggery Pleasant (Skulduggery Pleasant, #1)","Derek Landy, Tom Percival",4.21,278,3.9605138041161676
3320,The Philosophy of Andy Warhol (From A to B and Back Again),Andy Warhol,3.77,163,3.903534043432299
3321,Pale Fire,Vladimir Nabokov,4.19,401,3.97243867738102
3322,The Lady and the Unicorn,Tracy Chevalier,3.67,448,3.8190857216376637
3323,A Christmas Carol and Other Christmas Writings,"Charles Dickens, Michael Slater",4.13,501,3.9544502947377667
3324,One More Thing: Stories and Other Stories,B.J. Novak,3.66,396,3.8340527060474576
3325,Men at Arms: The Play,"Terry Pratchett, Stephen Briggs",4.39,473,4.029285235917624
3326,"Carpe Corpus (The Morganville Vampires, #6)",Rachel Caine,4.21,358,3.959316960633561
3327,The Shock of the Fall,Nathan Filer,3.79,322,3.8498417629918174
3328,"Asylum (Asylum, #1)",Madeleine Roux,3.64,195,3.8337942852778357
3329,The Heart Goes Last,Margaret Atwood,3.37,431,3.7253256876699608
3330,"A Fistful of Charms (The Hollows, #4)",Kim Harrison,4.28,493,4.014592291007355
3331,Desiring God: Meditations of a Christian Hedonist,John Piper,4.19,199,3.9307020086584554
3332,The Coldest Girl in Coldtown,Holly Black,3.86,368,3.893701014365825
3333,Skinny Dip,Carl Hiaasen,3.79,470,3.8493711934451964
3334,The Marriage of Opposites,Alice Hoffman,3.86,412,3.9161070655922927
3335,Imagine: How Creativity Works,Jonah Lehrer,3.75,171,3.8967048623863003
3336,"Feast of Fools (The Morganville Vampires, #4)",Rachel Caine,4.17,364,3.9620651949379053
3337,"UnWholly (Unwind, #2)",Neal Shusterman,4.25,396,3.9723512532783145
3338,Consider the Lobster and Other Essays,David Foster Wallace,4.25,392,3.982457088687023
3339,"The Atlantis Complex (Artemis Fowl, #7)",Eoin Colfer,3.97,463,3.8876755799565554
3340,Merrick (The Vampire Chronicles #7),Anne Rice,3.71,519,3.8131096807759715
3341,"The Bands of Mourning (Mistborn, #6)",Brandon Sanderson,4.45,504,4.045370350022328
3342,The Myth of Sisyphus and Other Essays,"Albert Camus, Justin O'Brien",4.18,363,3.9665763497327853
3343,"Someday, Someday, Maybe",Lauren Graham,3.49,387,3.771847942667394
3344,The Road Not Taken and Other Poems,Robert Frost,4.27,506,4.0156658249081465
3345,Simon vs. the Homo Sapiens Agenda,Becky Albertalli,4.26,321,3.982293532633456
3346,Wives and Daughters,"Elizabeth Gaskell, Pam Morris",4.07,388,3.9288511640264026
3347,"Splintered (Splintered, #1)",A.G. Howard,3.96,252,3.917906360778194
3348,The Little House,Virginia Lee Burton,4.29,458,4.01429364618361
3349,Survival in Auschwitz,"Primo Levi, Stuart J. Woolf, Philip Roth",4.28,345,3.9891282243116812
3350,"The Wizard Heir (The Heir Chronicles, #2)",Cinda Williams Chima,4.14,354,3.961166186888227
3351,"The Mysterious Island (Extraordinary Voyages, #12)","Jules Verne, Caleb Carr, Jordan Stump",4.08,401,3.9294360845776306
3352,Girl in Hyacinth Blue,Susan Vreeland,3.72,535,3.8492492744957776
3353,Sylvester and the Magic Pebble,William Steig,4.14,458,3.991709259929566
3354,"The Lady of the Rivers (The Plantagenet and Tudor Novels, #1)",Philippa Gregory,3.96,350,3.8898368166651034
3355,Live Wire (Myron Bolitar #10),Harlan Coben,4.07,412,3.950648295260069
3356,Escape,"Carolyn Jessop, Laura Palmer",3.96,328,3.905467931142748
3357,"The Collectors (Camel Club, #2)",David Baldacci,4.01,415,3.930682179240649
3358,The Hitchhiker's Guide to the Galaxy: A Trilogy in Four Parts,Douglas Adams,4.51,400,4.06354317568981
3359,"Maskerade (Discworld, #18; Witches #5)",Terry Pratchett,4.06,633,3.9340524350866413
3360,"Lord Foul's Bane (The Chronicles of Thomas Covenant the Unbeliever, #1)",Stephen R. Donaldson,3.71,487,3.824517051845863
3361,"First, Break All the Rules: What the World's Greatest Managers Do Differently","Marcus Buckingham, Curt Coffman",3.92,224,3.898467051586276
3362,"The Last Continent (Discworld, #22; Rincewind #6)",Terry Pratchett,3.99,642,3.926695538902819
3363,Dr. Seuss's ABC: An Amazing Alphabet Book! (Bright and Early Board Books),Dr. Seuss,4.07,395,3.9482113124754696
3364,Our Town,"Thornton Wilder, Donald Margulies, Tappan Wilder",3.63,615,3.804164919814297
3365,"Heartless (Pretty Little Liars, #7)",Sara Shepard,4.1,298,3.9076082530897702
3366,"Echo Park (Harry Bosch, #12; Harry Bosch Universe, #14)",Michael Connelly,4.07,487,3.960665315505672
3367,The Winner,David Baldacci,4.06,443,3.9294137131415066
3368,Through the Woods,Emily Carroll,3.92,169,3.9321257544968558
3369,"Ark Angel (Alex Rider, #6)",Anthony Horowitz,4.11,326,3.9358808209139
3370,Momo,Michael Ende,4.29,268,3.9685267420718136
3371,"The Last Town (Wayward Pines, #3)",Blake Crouch,4.09,338,3.9014801294491255
3372,Saint Anything,Sarah Dessen,4.05,401,3.941451514919754
3373,The Twelve Tribes of Hattie,Ayana Mathis,3.46,449,3.7786885659747176
3374,The Taking,Dean Koontz,3.78,494,3.8676565015484727
3375,"If There Be Thorns (Dollanganger, #3)",V.C. Andrews,3.75,381,3.814524614451167
3376,Owl Moon,"Jane Yolen, John Schoenherr",4.2,399,3.9939322994634376
3377,The Gambler,"Fyodor Dostoyevsky, Constance Garnett, Gary Saul Morson",3.88,276,3.9137659002558594
3378,"Frost Burned (Mercy Thompson, #7)",Patricia Briggs,4.35,446,4.037765037534653
3379,Père Goriot,Honoré de Balzac,3.82,334,3.8840502413937843
3380,"Nemesis (Harry Hole, #4)","Jo Nesbø, Don Bartlett",3.98,362,3.921167918396296
3381,The Collected Poems,"Sylvia Plath, Ted Hughes",4.2,374,3.963596011415176
3382,"Night Play (Dark-Hunter #5, Were-Hunter #1)",Sherrilyn Kenyon,4.36,365,4.005447020347251
3383,Aleph,Paulo Coelho,3.37,248,3.7839510470787703
3384,"Perfection (Neighbor from Hell, #2)",R.L. Mathewson,4.16,415,3.9450995302091187
3385,Too Big to Fail: The Inside Story of How Wall Street and Washington Fought to Save the Financial System from Crisis — and Themselves,Andrew Ross Sorkin,4.09,208,3.9174654473403496
3386,Magic Hour,Kristin Hannah,4.1,396,3.9266746688717933
3387,The Winter of Our Discontent,"John Steinbeck, Susan Shillinglaw",3.99,496,3.941190288458275
3388,"Absalom, Absalom!",William Faulkner,3.96,523,3.8840000472862135
3389,"Girl Online (Girl Online, #1)","Zoe Sugg, Siobhan Curham",3.77,164,3.850790210922121
3390,Caddie Woodlawn  (Caddie Woodlawn #1),Carol Ryrie Brink,3.99,463,3.960699373542632
3391,"Tricky Twenty-Two (Stephanie Plum, #22)",Janet Evanovich,3.92,325,3.8694062848220336
3392,Knowing God,J.I. Packer,4.31,216,3.9508825327956796
3393,"The Halfling's Gem (Forgotten Realms: Icewind Dale, #3; Legend of Drizzt, #6)",R.A. Salvatore,4.15,365,3.9394404196871853
3394,Hold Tight,Harlan Coben,3.94,457,3.901922238161978
3395,The Kindly Ones (The Sandman #9),"Neil Gaiman, Marc Hempel, Richard Case, D'Israeli, Teddy Kristiansen, Glyn Dillon, Charles Vess, Dean Ormston, Kevin Nowlan, Todd Klein, Frank McConnell",4.59,533,4.128650721147847
3396,Worlds' End (The Sandman #8),"Neil Gaiman, Mike Allred, Gary Amaro, Mark Buckingham, David Giordano, Tony Harris, Steve Leialoha, Vince Locke, Shea Anton Pensa, Alec Stevens, Bryan Talbot, John Watkiss, Todd Klein, Michael Zulli, Stephen King",4.48,547,4.099240016524407
3397,The Chrysalids,John Wyndham,3.92,417,3.9113612224019327
3398,The Ugly Duckling,"Hans Christian Andersen, Jerry Pinkney",4.1,393,3.976747778899515
3399,The Mastery of Love: A Practical Guide to the Art of Relationship --Toltec Wisdom Book,Miguel Ruiz,4.25,220,3.9631630940102887
3400,The End of the Affair,"Graham Greene, Monica Ali",3.96,451,3.906465567671555
3401,Who Do You Love,Jennifer Weiner,3.74,395,3.844104158282618
3402,Bambi,"Felix Salten, Barbara Cooney",4.1,386,3.974728519787146
3403,The Lathe of Heaven,Ursula K. Le Guin,4.09,453,3.961071009944656
3404,The Histories,"Herodotus, Aubrey de Sélincourt, John M. Marincola",3.97,309,3.900904640127985
3405,"Driven (Driven, #1)",K. Bromberg,4.31,348,3.9924211742083404
3406,The Dante Club,Matthew Pearl,3.38,581,3.71805897947119
3407,"The Shelters of Stone (Earth's Children, #5)",Jean M. Auel,3.8,451,3.8617159814519755
3408,"Hunting Ground (Alpha & Omega, #2)",Patricia Briggs,4.27,409,4.014105128385205
3409,The Winner Stands Alone,Paulo Coelho,3.37,238,3.814860946585777
3410,Centennial,James A. Michener,4.21,547,3.9857681239753413
3411,"The Body Finder (The Body Finder, #1)",Kimberly Derting,3.96,330,3.9168491561561325
3412,Enduring Love,Ian McEwan,3.62,395,3.8396605602378004
3413,First Things First,"Stephen R. Covey, A. Roger Merrill, Rebecca R. Merrill",4.06,251,3.9290276535615223
3414,"Dragonsong (Harper Hall, #1)",Anne McCaffrey,4.24,481,3.9707562033001906
3415,Annie on My Mind,Nancy Garden,3.97,150,3.9108601672875345
3416,Pirate Latitudes,Michael Crichton,3.41,420,3.759680860177846
3417,Motherless Brooklyn,Jonathan Lethem,3.91,415,3.8955790638391568
3418,"Noughts & Crosses (Noughts & Crosses, #1)",Malorie Blackman,4.23,285,3.974351518830688
3419,Incidents in the Life of a Slave Girl,Harriet Jacobs,4.08,285,3.940228813582616
3420,"The Enchantress (The Secrets of the Immortal Nicholas Flamel, #6)",Michael Scott,4.24,359,3.9573944523761497
3421,Washington: A Life,Ron Chernow,4.09,193,3.9529726065263286
3422,"Come Away with Me (With Me in Seattle, #1)",Kristen Proby,3.94,370,3.9048037673628375
3423,Secrets of the Millionaire Mind: Mastering the Inner Game of Wealth,T. Harv Eker,4.14,134,3.9211879179354843
3424,"Taken at Dusk (Shadow Falls, #3)",C.C. Hunter,4.33,311,3.9647403477117997
3425,Wonder Boys,"Michael Chabon, Hans Hermann",3.93,525,3.8900001645121725
3426,"Taking Chances (Taking Chances, #1)",Molly McAdams,3.87,325,3.8634274101791055
3427,The Buddha in the Attic,Julie Otsuka,3.59,462,3.8090588080999863
3428,Fierce Invalids Home from Hot Climates,Tom Robbins,4.01,412,3.9054306855131617
3429,The Winter People,Jennifer McMahon,3.76,330,3.8605689469261786
3430,"The Lying Game (The Lying Game, #1)",Sara Shepard,3.96,237,3.8888148455109066
3431,"Body Double (Rizzoli & Isles, #4)",Tess Gerritsen,4.16,355,3.932532586818607
3432,The Opposite of Loneliness: Essays and Stories,Marina Keegan,3.82,261,3.893441532326793
3433,The Solitude of Prime Numbers,"Paolo Giordano, Shaun Whiteside",3.58,252,3.8508812961967513
3434,"Clash (Crash, #2)",Nicole  Williams,4.17,373,3.958422249753819
3435,"Fortunately, the Milk","Neil Gaiman, Skottie Young",4.04,301,3.956401323528392
3436,"Ms. Marvel, Vol. 1: No Normal","G. Willow Wilson, Adrian Alphona",4.13,226,3.9469652851757147
3437,Slave to Sensation (Psy-Changeling #1),Nalini Singh,4.12,295,3.96300229142724
3438,فلتغفري,أثير عبدالله النشمي,3.5,170,3.840344575681409
3439,"Al Capone Does My Shirts (Al Capone at Alcatraz, #1)",Gennifer Choldenko,3.83,368,3.8782001424417794
3440,"The Fall (The Strain Trilogy, #2)","Guillermo del Toro, Chuck Hogan",3.8,408,3.8630090540468474
3441,"The Raven King (The Raven Cycle, #4)",Maggie Stiefvater,4.32,418,4.011523043572925
3442,Bringing Up Bébé: One American Mother Discovers the Wisdom of French Parenting,"Pamela Druckerman, Abby Craden",3.95,370,3.893193111360773
3443,Portrait of a Killer: Jack the Ripper - Case Closed,Patricia Cornwell,3.44,415,3.780867097437853
3444,"The Thief (The Queen's Thief, #1)",Megan Whalen Turner,3.92,433,3.8880662496390053
3445,"Succubus Blues (Georgina Kincaid, #1)",Richelle Mead,3.94,441,3.9095893915639346
3446,When God Was a Rabbit,Sarah Winman,3.67,276,3.847158745136722
3447,Love & Misadventure,Lang Leav,4.05,173,3.9338042418847317
3448,Forgotten God: Reversing Our Tragic Neglect of the Holy Spirit,"Francis Chan, Danae Yankoski",4.17,181,3.9422737681206255
3449,Term Limits,Vince Flynn,4.3,353,3.982663066942286
3450,"Crooked Letter, Crooked Letter",Tom Franklin,3.82,446,3.8625206176859175
3451,Letters to a Young Poet,"Rainer Maria Rilke, Reginald Snell, Franz Xaver Kappus",4.34,288,3.9900682970391657
3452,"Princess in the Spotlight (The Princess Diaries, #2)",Meg Cabot,3.67,470,3.7899880509862496
3453,"Of Poseidon (The Syrena Legacy, #1)",Anna Banks,4.04,312,3.931928754635534
3454,Night Embrace (Dark-Hunter #2),Sherrilyn Kenyon,4.25,394,3.9786681576209153
3455,"The Lake House (When the Wind Blows, #2)",James Patterson,3.79,467,3.8788425183892477
3456,Run,Ann Patchett,3.53,536,3.803307860247397
3457,Les Fleurs du Mal,"Charles Baudelaire, Richard Howard",4.26,277,3.9748969193320574
3458,"The Heist (Fox and O'Hare, #1)","Janet Evanovich, Lee Goldberg",3.78,304,3.8594740150526228
3459,Les Liaisons dangereuses,"Pierre-Ambroise Choderlos de Laclos, Douglas Parmée",4.07,384,3.958714620304678
3460,The Railway Children,E. Nesbit,3.99,422,3.9228716723101837
3461,"The Last Mile (Amos Decker, #2)",David Baldacci,4.22,318,3.930866502397789
3462,"Snuff (Discworld, #39; City Watch #8)",Terry Pratchett,4.15,545,3.9857516261187076
3463,"Magic Slays (Kate Daniels, #5)",Ilona Andrews,4.43,402,4.036919219201546
3464,The Doors of Perception & Heaven and Hell,Aldous Huxley,3.96,323,3.9038231095207925
3465,"Rich Man, Poor Man",Irwin Shaw,4.15,418,3.973357492675097
3466,What She Knew,Gilly Macmillan,3.89,364,3.8882453412825275
3467,"The Black Box (Harry Bosch, #18; Harry Bosch Universe, #22)",Michael Connelly,4.09,451,3.944472065556677
3468,The Rapture of Canaan,Sheri Reynolds,3.8,515,3.860447873852774
3469,"Alas, Babylon",Pat Frank,4.07,456,3.9287522340295835
3470,"The Third Option (Mitch Rapp, #4)",Vince Flynn,4.26,351,3.961743146700586
3471,"The Stonekeeper (Amulet, #1)",Kazu Kibuishi,4.15,228,3.9228980192733136
3472,The Complete Stories,Flannery O'Connor,4.44,401,4.0533847344226945
3473,"Dark Visions (Dark Visions, #1-3)",L.J. Smith,4.19,287,3.9668897161743386
3474,"Tower Lord (Raven's Shadow, #2)",Anthony  Ryan,4.19,376,3.9719959394349464
3475,Look Again,Lisa Scottoline,3.85,377,3.86670344862429
3476,Fever Pitch,Nick Hornby,3.72,359,3.8586482690460646
3477,"Pandora (New Tales of the Vampires, #1)",Anne Rice,3.73,467,3.815101851843992
3478,"Tricked (The Iron Druid Chronicles, #4)",Kevin Hearne,4.25,410,3.9795115893495616
3479,The Coldest Winter Ever,Sister Souljah,4.47,101,3.928523593649112
3480,"Zen Mind, Beginner's Mind: Informal Talks on Zen Meditation and Practice",Shunryu Suzuki,4.23,289,3.9621706122252824
3481,The Vegetarian,"Han Kang, Deborah     Smith",3.59,297,3.8310548165860743
3482,The Castle,"Franz Kafka, Mark Harman, Regaip Minareci, Şerif Yeşilbucak",3.97,310,3.919759297149975
3483,"Emperor of Thorns (The Broken Empire, #3)",Mark  Lawrence,4.27,329,3.967148532791762
3484,A Modest Proposal,Jonathan Swift,4.05,494,3.943509096662849
3485,Letter to a Christian Nation,Sam Harris,4.04,324,3.929147962868183
3486,"Shadow Souls (The Vampire Diaries: The Return, #2)",L.J. Smith,3.79,317,3.8553511524361235
3487,When It Happens,Susane Colasanti,3.74,251,3.8605584297789473
3488,The Rise of Theodore Roosevelt,Edmund Morris,4.25,229,3.9853950759544507
3489,"Doomsday Book (Oxford Time Travel, #1)",Connie Willis,4.03,480,3.9376120463425934
3490,"The Escape (John Puller, #3)",David Baldacci,4.14,336,3.9277301856773774
3491,Just Mercy: A Story of Justice and Redemption,Bryan Stevenson,4.58,309,4.056682522354534
3492,"The Seeress of Kell (The Malloreon, #5)",David Eddings,4.12,518,3.9378303483145545
3493,"Many Lives, Many Masters: The True Story of a Prominent Psychiatrist, His Young Patient, and the Past Life Therapy That Changed Both Their Lives",Brian L. Weiss,4.17,213,3.9227856746878684
3494,"The Burning Room (Harry Bosch, #19; Harry Bosch Universe, #24)",Michael Connelly,4.05,399,3.906551814438427
3495,"Never Eat Alone: And Other Secrets to Success, One Relationship at a Time",Keith Ferrazzi,3.8,153,3.875059836902878
3496,"This Side of the Grave (Night Huntress, #5)",Jeaniene Frost,4.28,444,4.023651591788837
3497,"First Test (Protector of the Small, #1)",Tamora Pierce,4.24,536,4.023549076817926
3498,On the Jellicoe Road,Melina Marchetta,4.15,370,3.96866237537419
3499,The Natural Way to Draw,"Kimon Nicolaides, Mamie Harmon",3.88,137,3.931236074199201
3500,"Streams of Silver (Forgotten Realms: Icewind Dale, #2; Legend of Drizzt, #5)",R.A. Salvatore,4.14,358,3.93786470814705
3501,Angry Housewives Eating Bon Bons,Lorna Landvik,3.78,453,3.8429053330941088
3502,Flora and Ulysses: The Illuminated Adventures,"Kate DiCamillo, K.G. Campbell",3.87,233,3.897698493272913
3503,If You Could See Me Now,Cecelia Ahern,3.84,281,3.879844850846922
3504,The Known World,Edward P. Jones,3.82,544,3.865694647417855
3505,Giovanni's Room,James     Baldwin,4.21,302,3.9577799909212756
3506,"Absolute Boyfriend, Vol. 1",Yuu Watase,4.01,244,3.8809360953047864
3507,"The Gods of Guilt (Mickey Haller, #6; Harry Bosch Universe, #23)",Michael Connelly,4.09,468,3.939584590513018
3508,"Swann's Way (In Search of Lost Time, #1)","Marcel Proust, Simon Vance, Lydia Davis",4.14,372,3.944867152317598
3509,"The Little Mouse, the Red Ripe Strawberry, and the Big Hungry Bear","Don    Wood, Audrey Wood",4.31,367,4.0047936925887715
3510,"Cerulean Sins (Anita Blake, Vampire Hunter, #11)",Laurell K. Hamilton,3.84,497,3.894722041699521
3511,Eva Luna,"Isabel Allende, Margaret Sayers Peden",3.95,403,3.913103821475783
3512,"Robopocalypse (Robopocalypse, #1)",Daniel H. Wilson,3.67,396,3.8334183090418117
3513,"Fear Nothing (Moonlight Bay, #1)",Dean Koontz,3.99,553,3.9073543417426917
3514,"First Drop of Crimson (Night Huntress World, #1)",Jeaniene Frost,4.15,438,3.9631819072746755
3515,"Plum Lucky (Stephanie Plum, #13.5)",Janet Evanovich,3.72,471,3.8464344943635966
3516,This Charming Man,Marian Keyes,3.75,290,3.857455812108146
3517,"The 8th Confession (Women's Murder Club, #8)","James Patterson, Maxine Paetro",4.02,433,3.926496795724668
3518,"The Secret Diary of Adrian Mole, Aged 13 3/4  (Adrian Mole, #1)",Sue Townsend,3.85,396,3.878460496442687
3519,The Razor's Edge,W. Somerset Maugham,4.18,429,3.9766465423119413
3520,"Amphigorey (Amphigorey, #1)",Edward Gorey,4.08,238,3.984077614427559
3521,Neil Gaiman's Neverwhere,"Mike Carey, Glenn Fabry, Neil Gaiman",4.21,437,4.003967897447973
3522,"Some Girls Bite (Chicagoland Vampires, #1)",Chloe Neill,4.01,387,3.9371002874641787
3523,Go Tell It on the Mountain,James     Baldwin,4.0,444,3.9386919168519405
3524,"Lost in a Good Book (Thursday Next, #2)",Jasper Fforde,4.14,517,3.941328745974552
3525,The Reason I Jump: The Inner Voice of a Thirteen-Year-Old Boy with Autism,"Naoki Higashida, K.A. Yoshida, David Mitchell",3.78,304,3.8742958165752257
3526,"The Hidden Oracle (The Trials of Apollo, #1)",Rick Riordan,4.33,384,3.988120744449663
3527,"Once Burned (Night Prince, #1)",Jeaniene Frost,4.24,380,4.011162776736914
3528,Missoula: Rape and the Justice System in a College Town,Jon Krakauer,4.06,401,3.9452458613435826
3529,The End of Eternity,Isaac Asimov,4.21,385,3.9619352715406677
3530,"Sorceress of Darshiva (The Malloreon, #4)",David Eddings,4.09,508,3.9185081327623092
3531,"Love Comes Softly (Love Comes Softly, #1)",Janette Oke,4.22,205,3.940386400449438
3532,"Half a King (Shattered Sea, #1)",Joe Abercrombie,3.98,390,3.9270313192018134
3533,"The Prodigal Daughter (Kane & Abel, #2)",Jeffrey Archer,3.92,309,3.898890270961262
3534,"The Broken Eye (Lightbringer, #3)",Brent Weeks,4.46,411,4.029169409000571
3535,The Collected Poems of W.B. Yeats,"W.B. Yeats, Richard J. Finneran",4.25,397,3.9958265900859744
3536,"Lady Knight (Protector of the Small, #4)",Tamora Pierce,4.3,509,4.0209656547342725
3537,"Stone Cold (Camel Club, #3)",David Baldacci,4.11,403,3.9686839389519406
3538,ڤيرتيجو,أحمد مراد,3.72,253,3.876799888748069
3539,Rudolph the Red-Nosed Reindeer,"Barbara Shook Hazen, Robert Lewis May, Richard Scarry",4.3,447,4.0217644445047664
3540,The Elephant Vanishes,"Haruki Murakami, Jay Rubin, Alfred Birnbaum",3.88,329,3.895592182165644
3541,"Gateway (Heechee Saga, #1)",Frederik Pohl,4.07,324,3.940448900181219
3542,Crucial Conversations: Tools for Talking When Stakes Are High,"Kerry Patterson, Joseph Grenny, Ron McMillan, Al Switzler, Stephen R. Covey",4.0,228,3.926448399163962
3543,How the Irish Saved Civilization,Thomas Cahill,3.81,386,3.866192479437277
3544,"The Walking Dead, Book One (The Walking Dead #1-12)","Robert Kirkman, Tony Moore, Charlie Adlard, Cliff Rathburn",4.36,284,3.9770656836321843
3545,Gulp: Adventures on the Alimentary Canal,Mary Roach,3.92,350,3.9270844151751994
3546,Tender at the Bone: Growing Up at the Table,Ruth Reichl,4.05,394,3.943096792569782
3547,"Wintersmith (Discworld, #35; Tiffany Aching, #3)",Terry Pratchett,4.22,549,4.000241300261728
3548,The Miracle Worker,William  Gibson,4.21,332,3.9857285462822234
3549,"Fever (Breathless, #2)",Maya Banks,4.01,287,3.912367805181358
3550,The Almost Moon,Alice Sebold,2.67,394,3.596275983321227
3551,The Children of Men,P.D. James,3.69,498,3.8524800575240468
3552,Leviathan,"Thomas Hobbes, C.B. Macpherson",3.66,346,3.840409670800372
3553,Mean Streak,Sandra Brown,4.04,304,3.916740066389953
3554,"Fueled (Driven, #2)",K. Bromberg,4.51,303,4.023877354913104
3555,I Was Told There'd Be Cake,Sloane Crosley,3.45,355,3.7977055171905216
3556,Marie Antoinette: The Journey,Antonia Fraser,3.91,215,3.9107125926629447
3557,"Good Night, Mr. Tom",Michelle Magorian,4.28,299,3.9955501119060415
3558,Forbidden,Tabitha Suzuma,4.06,284,3.930627112301173
3559,"The Thousand-Dollar Tan Line (Veronica Mars, #1)","Rob Thomas, Jennifer Graham",3.99,311,3.9137781000084537
3560,The Plot Against America,Philip Roth,3.71,484,3.8446297425599996
3561,The Tender Bar,J.R. Moehringer,3.93,379,3.8963748352097785
3562,"Martin the Warrior (Redwall, #6)",Brian Jacques,4.13,436,3.9575680755692675
3563,"The Exiled Queen (Seven Realms, #2)",Cinda Williams Chima,4.34,388,4.006642402947527
3564,No One Here Gets Out Alive,"Danny Sugerman, Jerry Hopkins",3.92,257,3.8813172479945783
3565,"Misty of Chincoteague (Misty, #1)","Marguerite Henry, Wesley Dennis",4.04,490,3.9296038319718654
3566,Black Swan Green,David Mitchell,3.97,406,3.921463330103138
3567,The Other Woman,Jane Green,3.68,266,3.830199322784075
3568,A Girl Named Zippy,Haven Kimmel,3.79,462,3.871775729490719
3569,Nothing Lasts Forever,Sidney Sheldon,3.82,279,3.8454171729888356
3570,"Mayflower: A Story of Courage, Community, and War",Nathaniel Philbrick,3.86,337,3.87571164604403
3571,Wicked Deeds on a Winter's Night (Immortals After Dark #4),Kresley Cole,4.37,339,4.020678786640299
3572,His Excellency: George Washington,Joseph J. Ellis,3.9,203,3.911383850605514
3573,"Burning Chrome (Sprawl, #0)","William Gibson, Bruce Sterling",4.05,384,3.9273907054545854
3574,Last Night at Chateau Marmont,Lauren Weisberger,3.51,282,3.79649680677194
3575,"Sleeping Beauty (Disney Princess, 5)","A.L. Singer, Walt Disney Company",4.32,370,4.007364562047737
3576,"Out of Breath (Breathing, #3)",Rebecca Donovan,4.32,370,3.9699524482633084
3577,"The Vampire's Assistant (Cirque Du Freak, #2)",Darren Shan,4.12,294,3.910070732240797
3578,Tigana,Guy Gavriel Kay,4.12,404,3.9466119299012856
3579,I Feel Bad about My Neck: And Other Thoughts on Being a Woman,Nora Ephron,3.65,409,3.8234551566995583
3580,"Little Men (Little Women, #2)",Louisa May Alcott,3.84,520,3.8602701173572944
3581,Gravity's Rainbow,Thomas Pynchon,4.03,410,3.897137194581279
3582,"The Ragamuffin Gospel: Good News for the Bedraggled, Beat-Up, and Burnt Out","Brennan Manning, Michael W. Smith, Rich Mullins",4.23,256,3.966175089147537
3583,"Princess in Love (The Princess Diaries, #3)",Meg Cabot,3.76,462,3.8188012424907796
3584,"River God (Ancient Egypt, #1)",Wilbur Smith,4.2,322,3.9423665583056695
3585,O Pioneers!,Willa Cather,3.84,495,3.868929314476576
3586,The Shock Doctrine: The Rise of Disaster Capitalism,Naomi Klein,4.22,228,3.9626622740485744
3587,The Girl Who Saved the King of Sweden,"Jonas Jonasson, Rachel Willson-Broyles",3.74,266,3.8765244282255464
3588,Truth and Beauty,Ann Patchett,3.94,413,3.927457026638177
3589,"The Vincent Brothers (The Vincent Boys, #2)",Abbi Glines,4.13,398,3.948309751341702
3590,The Tin Drum,Günter Grass,3.96,469,3.9153685081808085
3591,The Case for Faith: A Journalist Investigates the Toughest Objections to Christianity,Lee Strobel,4.17,263,3.9469391537051255
3592,"Smaragdgrün (Edelstein-Trilogie, #3)",Kerstin Gier,4.2,343,3.945130493364805
3593,Book of a Thousand Days,"Shannon Hale, James Noel Smith",3.95,454,3.9035778501759815
3594,The Return of Sherlock Holmes,Arthur Conan Doyle,4.3,366,3.9847489365211195
3595,Mythology: Timeless Tales of Gods and Heroes,"Edith Hamilton, Steele Savage",3.98,535,3.926203743101852
3596,Llama Llama Red Pajama,Anna Dewdney,4.27,304,3.978722145484476
3597,Lies & the Lying Liars Who Tell Them: A Fair & Balanced Look at the Right,Al Franken,3.81,461,3.860121416281367
3598,Killing Yourself to Live: 85% of a True Story,Chuck Klosterman,3.85,269,3.870570123882293
3599,Troublemaker: Surviving Hollywood and Scientology,"Leah Remini, Rebecca Paley",3.98,302,3.8984127912990667
3600,Hocus Pocus,Kurt Vonnegut Jr.,3.81,426,3.8819755217223477
3601,"House of Chains (The Malazan Book of the Fallen, #4)",Steven Erikson,4.32,375,3.9944816309024667
3602,Oz: The Wonderful Wizard of Oz,"Eric Shanower, Skottie Young, L. Frank Baum",4.08,238,3.9488241419605212
3603,The Checklist Manifesto: How to Get Things Right,Atul Gawande,4.02,278,3.9296559559367807
3604,The Nazi Officer's Wife: How One Jewish Woman Survived the Holocaust,"Edith Hahn Beer, Susan Dworkin, Susan Sarandon, Julia Ormond, Rory Kennedy",4.14,263,3.946246297057166
3605,Northern Lights,Nora Roberts,3.98,372,3.935204071727506
3606,The Pioneer Woman Cooks: Recipes from an Accidental Country Girl,Ree Drummond,4.18,198,3.9495155485326907
3607,"Opposition (Lux, #5)",Jennifer L. Armentrout,4.43,443,4.039066888771396
3608,"Incubus Dreams (Anita Blake, Vampire Hunter, #12)",Laurell K. Hamilton,3.78,486,3.8628201887670928
3609,"The Fabric of the Cosmos: Space, Time, and the Texture of Reality",Brian Greene,4.11,278,3.9495421247634965
3610,Babyville,Jane Green,3.61,289,3.8049528895001754
3611,"A Touch of Dead (Sookie Stackhouse, #4.1, #4.3, #5.1, #7.1, #8.1)",Charlaine Harris,3.82,498,3.8721428115012855
3612,"K is for Killer (Kinsey Millhone, #11)",Sue Grafton,3.98,401,3.9186854363767836
3613,My Name Is Asher Lev,Chaim Potok,4.19,513,3.971899415663265
3614,"Nicolae (Left Behind, #3)","Tim LaHaye, Jerry B. Jenkins",3.95,356,3.8681359633812455
3615,Calling Me Home,Julie Kibler,4.21,321,3.94299425867089
3616,"Covet (Fallen Angels, #1)",J.R. Ward,3.89,410,3.8713558954553275
3617,"Captivate (Need, #2)",Carrie Jones,3.94,334,3.893295437193824
3618,Wishful Drinking,Carrie Fisher,3.71,325,3.8355259951787732
3619,"Triptych (Will Trent, #1)",Karin Slaughter,4.14,301,3.947625248459196
3620,Bloodline,Sidney Sheldon,3.79,295,3.8423488650054956
3621,"A Fatal Grace (Chief Inspector Armand Gamache, #2)",Louise Penny,4.11,387,3.934548127698977
3622,"The 9th Judgment  (Women's Murder Club, #9)","James Patterson, Maxine Paetro",4.08,406,3.9416360590951323
3623,Zoo,"James Patterson, Michael Ledwidge",3.43,338,3.790830060292832
3624,"Vespers Rising (The 39 Clues, #11)","Rick Riordan, Gordon Korman, Peter Lerangis, Jude Watson",4.12,212,3.918420800504638
3625,"The End of Faith: Religion, Terror, and the Future of Reason",Sam Harris,3.93,287,3.9082786618568846
3626,"The Adoration of Jenna Fox (Jenna Fox Chronicles, #1)",Mary E. Pearson,3.7,346,3.8541684338220583
3627,"The Emperor of Nihon-Ja (Ranger's Apprentice, #10)",John Flanagan,4.42,302,3.99555911795359
3628,The Complete Calvin and Hobbes,Bill Watterson,4.82,482,4.183731745498771
3629,"Ranma ½, Vol. 1 (Ranma ½ (US 2nd), #1)",Rumiko Takahashi,4.15,234,3.950093530752038
3630,Serena,Ron Rash,3.52,399,3.77548108690091
3631,Ghost Soldiers: The Epic Account of World War II's Greatest Rescue Mission,Hampton Sides,4.17,248,3.9428812438161502
3632,"Use of Weapons (Culture, #3)",Iain M. Banks,4.18,370,3.973822666930663
3633,"Pulse (Collide, #2)",Gail McHugh,4.29,341,3.971351660121348
3634,Love Walked In,Marisa de los Santos,3.69,417,3.8343562765558175
3635,Bone: The Complete Edition,Jeff Smith,4.42,302,4.013774054201313
3636,"Eragon, Eldest & Brisingr (Inheritance, #1-3)",Christopher Paolini,4.2,319,3.9122372310695708
3637,"Thirst No. 1: The Last Vampire, Black Blood, and Red Dice (Thirst, #1)",Christopher Pike,3.82,255,3.8393487637027857
3638,Housekeeping,Marilynne Robinson,3.82,424,3.8494154961931106
3639,"The 101 Dalmatians (The Hundred and One Dalmatians, #1)","Dodie Smith, Michael Dooling",4.11,379,3.968201937114479
3640,Windmills of the Gods,Sidney Sheldon,3.82,300,3.8672007569699436
3641,The Curious Case of Benjamin Button,F. Scott Fitzgerald,3.53,373,3.8129255652756116
3642,Moll Flanders,Daniel Defoe,3.5,499,3.77991858544787
3643,Ragtime,E.L. Doctorow,3.88,521,3.9038483986026025
3644,"On Basilisk Station (Honor Harrington, #1)",David Weber,4.11,281,3.925694436832004
3645,Bad Science,Ben Goldacre,4.07,194,3.9450027508859833
3646,Garlic and Sapphires: The Secret Life of a Critic in Disguise,Ruth Reichl,3.92,397,3.9140412607256754
3647,"Panserhjerte (Harry Hole, #8)",Jo Nesbø,4.08,349,3.9407685088227336
3648,"Wolf-Speaker (Immortals, #2)",Tamora Pierce,4.21,481,3.9960376094279217
3649,"Rock Me (Ross Siblings, #2)",Cherrie Lynn,4.09,357,3.924163976154692
3650,A Supposedly Fun Thing I'll Never Do Again:  Essays and Arguments,David Foster Wallace,4.28,321,3.9769648175198875
3651,"Nana, Vol. 1 (Nana, #1)",Ai Yazawa,4.21,224,3.931935683644953
3652,"Revenge of the Witch (The Last Apprentice / Wardstone Chronicles, #1)","Joseph Delaney, Patrick  Arrasmith",3.97,326,3.8933926047551
3653,"The Sinner (Rizzoli & Isles, #3)",Tess Gerritsen,4.12,328,3.9379548369307216
3654,"Unseen Academicals (Discworld, #37; Rincewind #8)",Terry Pratchett,3.97,562,3.9273473457743258
3655,Second Chance Summer,Morgan Matson,4.16,273,3.9390471895290764
3656,Bergdorf Blondes,Plum Sykes,3.26,340,3.7148044994689253
3657,"The Chocolate War (Chocolate War, #1)",Robert Cormier,3.48,529,3.8013322883885845
3658,Beauty and the Beast (Disney),"Teddy Slater, Ron Dias, Ric González",4.4,330,4.010870211575586
3659,The Revenant,Michael Punke,3.92,263,3.8901249085724436
3660,The Wake (The Sandman #10),"Neil Gaiman, Michael Zulli, Jon J. Muth, Charles Vess, Mikal Gilmore",4.53,499,4.107436003419644
3661,The Innovator's Dilemma: The Revolutionary Book that Will Change the Way You Do Business (Collins Business Essentials),Clayton M. Christensen,4.0,177,3.939893376956168
3662,Lady and the Tramp,"Teddy Slater, Bill Langley, Ron Dias, Walt Disney Company",4.36,379,4.022713576952868
3663,"Squire (Protector of the Small, #3)",Tamora Pierce,4.27,495,4.01039651438107
3664,"Snakehead (Alex Rider, #7)",Anthony Horowitz,4.15,302,3.9436128182841577
3665,"Out of Sight, Out of Time (Gallagher Girls, #5)",Ally Carter,4.35,321,4.010935376368885
3666,"Just for Now (Sea Breeze, #4)",Abbi Glines,4.25,380,3.9541224639765478
3667,Killing Jesus: A History,"Bill O'Reilly, Martin Dugard",3.89,263,3.8825034854448885
3668,"Sandstorm (Sigma Force, #1)",James Rollins,3.94,337,3.923823423543536
3669,A Course in Miracles,Foundation for Inner Peace,4.17,220,3.9367401846337264
3670,"Cibola Burn (The Expanse, #4)",James S.A. Corey,4.12,355,3.9279732173142756
3671,The Charm School,Nelson DeMille,4.26,451,3.980639539350584
3672,"Y: The Last Man, Vol. 2: Cycles (Y: The Last Man, #2)","Brian K. Vaughan, Pia Guerra, José Marzán Jr.",4.23,425,3.982194780129949
3673,"White Witch, Black Curse (The Hollows, #7)",Kim Harrison,4.35,448,4.025435902808209
3674,The Power of Intention: Learning to Co-create Your World Your Way,Wayne W. Dyer,4.18,211,3.9521435208385016
3675,Genghis Khan and the Making of the Modern World,Jack Weatherford,4.01,250,3.9135966444400525
3676,Sister Carrie,Theodore Dreiser,3.72,435,3.8287731570250774
3677,"The Gray Wolf Throne (Seven Realms, #3)",Cinda Williams Chima,4.39,359,4.009366127813037
3678,"Laskar Pelangi (Tetralogi Laskar Pelangi, #1)",Andrea Hirata,4.15,217,3.930879038533319
3679,"Scott Pilgrim, Volume 6: Scott Pilgrim's Finest Hour",Bryan Lee O'Malley,4.41,313,4.0056366976110676
3680,"Blow Fly (Kay Scarpetta, #12)",Patricia Cornwell,3.74,438,3.8575154671832212
3681,"Chocolate Chip Cookie Murder (Hannah Swensen, #1)",Joanne Fluke,3.72,236,3.836487524212813
3682,"Lost in Shangri-la: A True Story of Survival, Adventure, and the Most Incredible Rescue Mission of World War II",Mitchell Zuckoff,3.82,323,3.8665717292241117
3683,"The Disappearing Spoon: And Other True Tales of Madness, Love, and the History of the World from the Periodic Table of the Elements",Sam Kean,3.9,304,3.9032657013694045
3684,The Hellbound Heart,Clive Barker,4.02,337,3.9152555727559526
3685,Empty Mansions: The Mysterious Life of Huguette Clark and the Spending of a Great American Fortune,"Bill Dedman, Paul Clark Newell Jr.",3.76,266,3.8765244282255464
3686,Remarkable Creatures ,Tracy Chevalier,3.81,400,3.8680106818595243
3687,"Lord of Misrule (The Morganville Vampires, #5)",Rachel Caine,4.18,349,3.9597314330364264
3688,"The Cabinet of Curiosities (Pendergast, #3)","Douglas Preston, Lincoln Child",4.26,379,3.9855173991807913
3689,The Practice of the Presence of God,Brother Lawrence,4.32,240,3.986916342000005
3690,"Second Son (Jack Reacher, #15.5)",Lee Child,3.95,299,3.9407944842443094
3691,Take Me with You,Catherine Ryan Hyde,4.12,257,3.919583441551943
3692,Crossing to Safety,Wallace Stegner,4.16,489,3.984674582485238
3693,"Buried Prey (Lucas Davenport, #21)",John Sandford,4.23,356,3.9970170412957153
3694,Love Does: Discover a Secretly Incredible Life in an Ordinary World,Bob Goff,4.25,162,3.94741658388036
3695,The Intelligent Investor (Collins Business Essentials),"Benjamin Graham, Jason Zweig, Warren Buffett",4.27,167,3.9439006016051414
3696,The Universe in a Nutshell,Stephen Hawking,4.13,263,3.9538677201847205
3697,"The Heroes (First Law World, #5)",Joe Abercrombie,4.26,354,3.9787637884003173
3698,The Real Mother Goose,Blanche Fisher Wright,4.33,538,4.0625136940828765
3699,An Ideal Husband,Oscar Wilde,4.03,408,3.942968759392185
3700,Richard III,"William Shakespeare, John Jowett",3.92,534,3.8993275859199716
3701,"After (After, #1)",Anna Todd,3.74,229,3.8356753569450133
3702,"Fire Study (Study, #3)",Maria V. Snyder,3.95,434,3.9005248594081694
3703,"The Human Stain (The American Trilogy, #3)",Philip Roth,3.84,427,3.869605724222365
3704,The Bane Chronicles,"Cassandra Clare, Sarah Rees Brennan, Maureen Johnson, Cassandra Jean",4.2,346,3.963583358804041
3705,"The Narrows (Harry Bosch, #10; Harry Bosch Universe, #12)",Michael Connelly,4.09,481,3.9701542650590547
3706,"The Opportunist (Love Me with Lies, #1)",Tarryn Fisher,4.22,417,3.9727147564907073
3707,"Wherever You Go, There You Are: Mindfulness Meditation in Everyday Life",Jon Kabat-Zinn,4.11,274,3.943902413905389
3708,Kitchen,"Banana Yoshimoto, Megan Backus",3.83,268,3.875314009903064
3709,"The Bourne Legacy (Jason Bourne, #4)",Eric Van Lustbader,3.86,409,3.9065105899091472
3710,"A Kingdom of Dreams (Westmoreland, #1)",Judith McNaught,4.25,310,3.9680717174680313
3711,"Ship Breaker (Ship Breaker, #1)",Paolo Bacigalupi,3.74,386,3.8732153996952094
3712,"Gregor and the Prophecy of Bane (Underland Chronicles, #2)",Suzanne Collins,4.17,381,3.972726113202208
3713,Beach Road,"James Patterson, Peter de Jonge",3.81,424,3.857518718782402
3714,"The Name of the Star (Shades of London, #1)",Maureen Johnson,3.9,285,3.8958692967601225
3715,Nicholas Nickleby,"Charles Dickens, Mark Ford",3.89,459,3.889231550382851
3716,"Dean Koontz's Frankenstein, Volume 1: Prodigal Son","Dean Koontz, Kevin J. Anderson, Chuck Dixon, Brett Booth",4.09,346,3.9380313703351946
3717,The Social Contract,"Jean-Jacques Rousseau, Maurice Cranston",3.75,324,3.858018533897898
3718,"Chains (Seeds of America, #1)",Laurie Halse Anderson,4.09,283,3.937413572433955
3719,El túnel,Ernesto Sabato,4.04,171,3.9226058466237013
3720,The Federalist Papers,"Alexander Hamilton, James Madison, John Jay, Philo-Publius, Clinton Rossiter, Charles R. Kessler",4.05,405,3.915736630633071
3721,Keeping You a Secret,Julie Anne Peters,3.98,111,3.8957773410846492
3722,"The Story of the Lost Child (The Neapolitan Novels, #4)","Elena Ferrante, Ann Goldstein",4.39,368,4.026104295383716
3723,The Disreputable History of Frankie Landau-Banks,E. Lockhart,3.82,367,3.881999147251733
3724,The Postmistress,"Sarah Blake, Orlagh Cassidy",3.3,503,3.737074366151374
3725,"Rise of Empire (The Riyria Revelations, #3-4)",Michael J. Sullivan,4.35,363,3.9879591009801123
3726,Tweak: Growing Up On Methamphetamines,Nic Sheff,3.93,208,3.9001781175125028
3727,"The Rook (The Checquy Files, #1)",Daniel O'Malley,4.12,376,3.9456514043196087
3728,"The Looking Glass Wars (The Looking Glass Wars, #1)",Frank Beddor,3.93,380,3.8925958344822194
3729,"The Other Queen (The Plantagenet and Tudor Novels, #15)",Philippa Gregory,3.62,409,3.82723040366363
3730,Labor Day,Joyce Maynard,3.55,369,3.805988046564647
3731,"I Shall Wear Midnight (Discworld, #38; Tiffany Aching, #4)",Terry Pratchett,4.35,500,4.04071730080498
3732,"Beautiful Player (Beautiful Bastard, #3)",Christina Lauren,4.38,355,4.00483116038729
3733,"Creativity, Inc.: Overcoming the Unseen Forces That Stand in the Way of True Inspiration","Ed Catmull, Amy Wallace",4.24,209,3.9542339887300133
3734,The Diary of Frida Kahlo: An Intimate Self-Portrait,"Frida Kahlo, Carlos Fuentes, Sarah M. Lowe",3.88,142,3.905027059322852
3735,Creepshow,"Stephen King, Bernie Wrightson, Michele Wrightson",4.06,257,3.919583441551943
3736,Harry Potter Page to Screen: The Complete Filmmaking Journey,Bob McCabe,4.56,172,4.001787532753536
3737,"Gods and Generals (The Civil War Trilogy, #1)",Jeff Shaara,4.05,383,3.9279839317742007
3738,The Darkest Pleasure (Lords of the Underworld #3),Gena Showalter,4.28,275,3.976236707580985
3739,"Many Waters (A Wrinkle in Time Quintet, #4)",Madeleine L'Engle,4.01,484,3.940766256409666
3740,"Panda Bear, Panda Bear, What Do You See?","Bill Martin Jr., Eric Carle",4.21,354,3.9807190774572163
3741,"Love You More (Tessa Leoni, #1; Detective D.D. Warren, #5)",Lisa Gardner,4.15,320,3.9442893291625722
3742,"War Horse (War Horse, #1)",Michael Morpurgo,4.13,244,3.934295640344455
3743,The Grouchy Ladybug,Eric Carle,4.09,392,3.9563806401721093
3744,"A Drink Before the War (Kenzie & Gennaro, #1)",Dennis Lehane,3.96,389,3.900858523254067
3745,"Heartsick (Archie Sheridan & Gretchen Lowell, #1)",Chelsea Cain,3.92,339,3.8896974136395754
3746,"Edenbrooke (Edenbrooke, #1)",Julianne Donaldson,4.34,290,3.9601559413334737
3747,The Perfume Collector,Kathleen Tessaro,3.97,307,3.911529133693678
3748,"Seduction and Snacks (Chocolate Lovers, #1)",Tara Sivec,4.14,389,3.9467388520630906
3749,"Sweet Peril (Sweet, #2)",Wendy Higgins,4.28,326,3.9856716992249934
3750,"Reliquary (Pendergast, #2)","Douglas Preston, Lincoln Child",4.0,407,3.9309628177046605
3751,"Blood, Bones, and Butter: The Inadvertent Education of a Reluctant Chef",Gabrielle Hamilton,3.71,373,3.8380334002076912
3752,"Poirot Investiga (Hércules Poirot, #3)",Agatha Christie,4.07,346,3.97603176344271
3753,"Harry Potter Collection (Harry Potter, #1-6)",J.K. Rowling,4.73,233,4.048409594949839
3754,The Naked Sun (Robot #2),Isaac Asimov,4.12,381,3.943263485904443
3755,Bartleby the Scrivener,Herman Melville,3.9,378,3.902083860965544
3756,The Bazaar of Bad Dreams,Stephen King,3.92,349,3.9021887664569457
3757,"The Hypnotist (Joona Linna, #1)","Lars Kepler, Ann Long",3.63,289,3.839663295816108
3758,"On a Pale Horse (Incarnations of Immortality, #1)",Piers Anthony,4.13,424,3.9609906379995055
3759,"Sookie Stackhouse 7-copy Boxed Set (Sookie Stackhouse, #1-7)",Charlaine Harris,4.43,261,3.9891884274908813
3760,Are You Afraid of the Dark?,Sidney Sheldon,3.64,256,3.831802047303911
3761,The Dirt: Confessions of the World's Most Notorious Rock Band,"Tommy Lee, Vince Neil, Nikki Sixx, Neil Strauss, Mick Mars, Tommy Lee",4.16,184,3.946065587145501
3762,Ten Apples Up On Top!,"Theo LeSieg, Roy McKie",4.11,337,3.923823423543536
3763,An American Tragedy,"Theodore Dreiser, Richard R. Lingeman",3.94,464,3.9090295448170087
3764,The Snows of Kilimanjaro and Other Stories,Ernest Hemingway,3.88,400,3.902814200178831
3765,Anne McCaffrey's Dragonflight #1,"Brynne Stephens, Lela Dowling, Cynthia Martin, Anne McCaffrey",4.44,323,4.0049339988974975
3766,Silver Girl,Elin Hilderbrand,3.87,305,3.875726978080258
3767,Practical Magic,Alice Hoffman,3.8,461,3.8851016149044098
3768,"Trapped (The Iron Druid Chronicles, #5)",Kevin Hearne,4.28,356,3.9755368616433038
3769,"Midnight for Charlie Bone (The Children of the Red King, #1)",Jenny Nimmo,3.79,374,3.870949804119287
3770,"Illuminae (The Illuminae Files, #1)","Amie Kaufman, Jay Kristoff",4.32,288,3.9989220735153626
3771,"The Black Company (The Chronicles of the Black Company, #1)",Glen Cook,3.96,369,3.9015150587637044
3772,"War and Remembrance (The Henry Family, #2)",Herman Wouk,4.38,466,4.041558209647456
3773,The Woman in Black,"Susan Hill, John Lawrence",3.68,286,3.8604769014134948
3774,The Best Christmas Pageant Ever (The Herdmans #1),Barbara Robinson,4.18,422,4.002132734533238
3775,"A Game of Thrones / A Clash of Kings (A Song of Ice and Fire, #1-2)",George R.R. Martin,4.53,264,4.016213584811055
3776,"King Rat (Asian Saga, #4)",James Clavell,4.1,434,3.9383121356269637
3777,"Fear (Gone, #5)",Michael  Grant,4.25,311,3.943282559205128
3778,"Never Never: Part Two (Never Never, #2)","Colleen Hoover, Tarryn Fisher",4.12,387,3.9581556055270894
3779,The Fourth Protocol,Frederick Forsyth,3.99,308,3.9142762081183946
3780,"Lord John and the Private Matter (Lord John Grey, #1)",Diana Gabaldon,3.66,352,3.8234140054445
3781,"The Goddess Test (Goddess Test, #1)",Aimee Carter,3.83,326,3.8688291047882943
3782,"The Ghost Map: The Story of London's Most Terrifying Epidemic - and How It Changed Science, Cities, and the Modern World",Steven Johnson,3.91,257,3.9202791905257133
3783,"Eve (Eve, #1)",Anna Carey,3.69,305,3.848123127006401
3784,"The Target (Will Robie, #3)",David Baldacci,4.04,325,3.9179016013702297
3785,On Photography,Susan Sontag,3.84,182,3.9063475596730584
3786,"Protect and Defend (Mitch Rapp, #10)",Vince Flynn,4.34,330,3.9784263262547883
3787,Songs in Ordinary Time,Mary McGarry Morris,3.68,474,3.8358322435728747
3788,Thunderstruck,Erik Larson,3.67,391,3.8271604916582493
3789,"Physics of the Impossible: A Scientific Exploration into the World of Phasers, Force Fields, Teleportation, and Time Travel",Michio Kaku,4.07,186,3.9432169220102518
3790,The Midwife's Apprentice,Karen Cushman,3.71,455,3.8577736687718507
3791,The Crimson Petal and the White,Michel Faber,3.87,422,3.896035249667732
3792,A Spot of Bother,Mark Haddon,3.46,365,3.7925433770417443
3793,"Silver Shadows (Bloodlines, #5)",Richelle Mead,4.37,465,4.008762706219295
3794,"Tales of the City (Tales of the City, #1)",Armistead Maupin,4.06,345,3.9255341772389745
3795,"Perelandra (Space Trilogy, #2)",C.S. Lewis,3.97,402,3.8934571702854117
3796,"Tricks (Tricks, #1)",Ellen Hopkins,4.29,204,3.9540686849256717
3797,Eaters of the Dead,Michael Crichton,3.64,499,3.7977831718826938
3798,"Heir of Novron (The Riyria Revelations, #5-6)",Michael J. Sullivan,4.46,355,4.017206591899047
3799,The Legend of Sleepy Hollow,Washington Irving,3.74,424,3.869361890259058
3800,Just the Sexiest Man Alive,Julie James,3.94,265,3.8992716256435394
3801,"10th Anniversary (Women's Murder Club, #10)","James Patterson, Maxine Paetro",4.05,372,3.9281178126281047
3802,The Island,Victoria Hislop,3.99,210,3.8952868305708175
3803,The Good Guy,Dean Koontz,3.81,460,3.8953955255396004
3804,Whispers,Dean Koontz,3.9,464,3.885919406764342
3805,"The Weed That Strings the Hangman's Bag (Flavia de Luce, #2)",Alan Bradley,3.99,405,3.923936971262605
3806,Hideaway,Dean Koontz,3.82,467,3.8697367088827823
3807,"Knots and Crosses (Inspector Rebus, #1)","Ian Rankin, Mircea Pricăjan",3.83,243,3.8745291087912648
3808,A Good Man is Hard to Find and Other Stories,Flannery O'Connor,4.24,440,4.01321809574931
3809,"The Walking Dead, Vol. 02: Miles Behind Us","Robert Kirkman, Charlie Adlard",4.25,306,3.9841332709026487
3810,Tribes: We Need You to Lead Us,Seth Godin,3.84,187,3.9125409789677517
3811,Wasted: A Memoir of Anorexia and Bulimia,Marya Hornbacher,3.99,243,3.9110639222529384
3812,Every Last One,Anna Quindlen,3.83,475,3.882448668242982
3813,Alice's Adventures in Wonderland & Other Stories,"Lewis Carroll, John Tenniel",4.22,288,3.967593325984204
3814,"Black Magic Sanction (The Hollows, #8)",Kim Harrison,4.39,434,4.029992740223383
3815,"Wheat Belly: Lose the Wheat, Lose the Weight, and Find Your Path Back to Health",William  Davis,3.71,203,3.8839133091466835
3816,"End of Days (Penryn & the End of Days, #3)",Susan Ee,4.1,392,3.9506565417176156
3817,The Best of H.P. Lovecraft: Bloodcurdling Tales of Horror and the Macabre,"H.P. Lovecraft, August Derleth, Robert Bloch",4.31,363,4.011285738704469
3818,"The Crystal Cave (Arthurian Saga, #1)",Mary  Stewart,4.12,556,3.97489908457214
3819,"Pale Demon (The Hollows, #9)",Kim Harrison,4.45,397,4.035134267763017
3820,The Call of Cthulhu and Other Weird Stories,"H.P. Lovecraft, S.T. Joshi",4.25,351,3.976110024516821
3821,"Conversations with God: An Uncommon Dialogue, Book 1",Neale Donald Walsch,4.15,219,3.927404616981782
3822,You're Never Weird on the Internet (Almost),"Felicia Day, Joss Whedon",4.14,245,3.968018859568237
3823,Now You See Her,"James Patterson, Michael Ledwidge",3.98,380,3.9079774918558017
3824,"Glory in Death (In Death, #2)",J.D. Robb,4.25,376,3.9700682905240683
3825,"Hawkeye, Volume 1: My Life as a Weapon","Matt Fraction, David Aja, Javier Pulido, Matt Hollingsworth, Chris Eliopoulos, Alan Davis",4.17,193,3.985012219138285
3826,"Over Sea, Under Stone (The Dark Is Rising, #1)",Susan Cooper,3.85,512,3.891518809042491
3827,Batman: Hush,"Jeph Loeb, Jim Lee, Scott Williams, Alex Sinclair, Richard Starkings",4.29,252,3.967476981458219
3828,After the Quake,"Haruki Murakami, Jay Rubin",3.78,319,3.8962297609168326
3829,"I, Alex Cross (Alex Cross, #16)",James Patterson,3.98,436,3.922302345197431
3830,"Love That Dog (Jack, #1)",Sharon Creech,4.01,303,3.934212418622401
3831,A Man Named Dave (Dave Pelzer #3),Dave Pelzer,3.87,222,3.8769288173305334
3832,"Danse Macabre (Anita Blake, Vampire Hunter, #14)",Laurell K. Hamilton,3.81,460,3.877106188223256
3833,"Tarzan of the Apes (Tarzan, #1)",Edgar Rice Burroughs,3.88,392,3.8946875790514577
3834,"The White Dragon (Pern, #3)",Anne McCaffrey,4.17,461,3.9411547435219685
3835,"Bright Lights, Big Ass: A Self-Indulgent, Surly, Ex-Sorority Girl's Guide to Why It Often Sucks in the City, or Who Are These Idiots and Why Do They All Live Next Door to Me?",Jen Lancaster,4.07,261,3.926744800209954
3836,"The Magic Faraway Tree (The Faraway Tree, #2)",Enid Blyton,4.29,223,3.9803443886144136
3837,The Robber Bride,Margaret Atwood,3.82,464,3.868890883988693
3838,"Pleasure Unbound (Demonica, #1)",Larissa Ione,4.07,334,3.94546475635119
3839,"Midnight Awakening (Midnight Breed, #3)",Lara Adrian,4.25,270,3.984428932319249
3840,The Shock of the New,Robert Hughes,3.73,151,3.9109271242714696
3841,A Prisoner of Birth,Jeffrey Archer,4.09,268,3.9277893257906564
3842,"Thirst No. 2: Phantom, Evil Thirst, and Creatures of Forever (Thirst, #2)",Christopher Pike,4.06,196,3.910206554197927
3843,Thr3e,Ted Dekker,4.08,247,3.9169181535364723
3844,King Leopold's Ghost,Adam Hochschild,4.15,277,3.951566102067253
3845,Guilty Wives,"James Patterson, David Ellis",3.82,302,3.8849202459303833
3846,"Between the Lines (Between the Lines, #1)","Jodi Picoult, Samantha van Leer",3.58,328,3.801377233005773
3847,The Midwife's Confession,Diane Chamberlain,4.05,278,3.928284496017697
3848,"Tales from a Not-So-Talented Pop Star (Dork Diaries, #3)",Rachel Renée Russell,4.31,147,3.9475757406333214
3849,Habibi,Craig Thompson,4.04,234,3.945851149361951
3850,"The House of Silk (Sherlock Holmes, #1)",Anthony Horowitz,3.95,261,3.907317893944777
3851,"The Lion's Game (John Corey, #2)",Nelson DeMille,4.17,359,3.9703873712353714
3852,"Deity (Covenant, #3)",Jennifer L. Armentrout,4.41,385,4.031570485237722
3853,Walden & Civil Disobedience,"Henry David Thoreau, W.S. Merwin",3.96,456,3.920196345745039
3854,"Black Bird, Vol. 01 (Black Bird, #1)","Kanoko Sakurakouji, JN Productions, Pancha Diaz",4.08,208,3.892975063417566
3855,"Paper Princess (The Royals, #1)","Erin Watt, Elle Kennedy, Jen Frederick",4.08,291,3.96358137738232
3856,Little Children,Tom Perrotta,3.61,421,3.809790345683262
3857,The Boys from Brazil,Ira Levin,4.05,419,3.965870868844249
3858,"Interesting Times (Discworld, #17; Rincewind #5)",Terry Pratchett,4.17,485,3.9870397409131133
3859,Dark Desires After Dusk (Immortals After Dark #6),Kresley Cole,4.38,313,3.9982704617575884
3860,"Searching for Dragons (Enchanted Forest Chronicles, #2)","Patricia C. Wrede, Peter de Sève",4.25,390,4.002813016966572
3861,The Sandcastle Girls,Chris Bohjalian,3.86,442,3.8775918637382776
3862,"Kiss of Death (The Morganville Vampires, #8)","Rachel Caine, Cynthia Holloway",4.22,289,3.9655735932366483
3863,"Fixed on You (Fixed, #1)",Laurelin Paige,4.16,270,3.9492637940719897
3864,"Maximum Ride, Vol. 1 (Maximum Ride: The Manga, #1)","James Patterson, NaRae Lee",4.24,192,3.9223327847719935
3865,"The Last Boyfriend (Inn BoonsBoro, #2)","Nora Roberts, MacLeod Andrews",4.06,315,3.916015034135363
3866,"The Boy in the Suitcase (Nina Borg, #1)","Lene Kaaberbøl, Agnete Friis",3.6,335,3.8425508351762736
3867,So You've Been Publicly Shamed,Jon Ronson,3.91,258,3.8946098036171923
3868,The Symposium,"Plato, Christopher Gill",4.01,273,3.916340246709287
3869,Vernon God Little,D.B.C. Pierre,3.58,366,3.830186432479213
3870,"A Darkness More Than Night (Harry Bosch, #7; Terry McCaleb, #2; Harry Bosch Universe, #9)",Michael Connelly,4.12,424,3.9616139628140665
3871,Otherwise Known as Sheila the Great (Fudge #2),Judy Blume,3.94,476,3.91210365304752
3872,for colored girls who have considered suicide/when the rainbow is enuf,Ntozake Shange,4.27,262,3.9545290719979254
3873,The Obsession,Nora Roberts,4.18,219,3.958848910557141
3874,"Micah (Anita Blake, Vampire Hunter, #13)",Laurell K. Hamilton,3.62,449,3.8290169278479147
3875,"Twice Bitten (Chicagoland Vampires, #3)",Chloe Neill,4.23,295,3.9799479973853504
3876,"The Last Precinct (Kay Scarpetta, #11)",Patricia Cornwell,3.83,420,3.8984048494298618
3877,Girls in White Dresses,Jennifer Close,3.12,306,3.717699845618386
3878,Cold Comfort Farm,"Stella Gibbons, Lynne Truss, Roz Chast",3.92,450,3.922969564216775
3879,"Just One Year (Just One Day, #2)",Gayle Forman,3.9,332,3.8964605439017435
3880,"One with You (Crossfire, #5)",Sylvia Day,4.04,218,3.8780070661107113
3881,Vincent Van Gogh: The Complete Paintings,"Rainer Metzger, Ingo F. Walther",4.14,155,3.9523831951940442
3882,"The $100 Startup: Reinvent the Way You Make a Living, Do What You Love, and Create a New Future",Chris Guillebeau,3.85,137,3.8978344192990266
3883,"The Lust Lizard of Melancholy Cove (Pine Cove, #2)",Christopher Moore,3.85,393,3.864881002061023
3884,"Mona Lisa Overdrive (Sprawl, #3)",William Gibson,3.97,361,3.9074919097791523
3885,Born a Crime: Stories From a South African Childhood,Trevor Noah,4.49,286,4.038475946629344
3886,"The Cay (The Cay, #1)",Theodore Taylor,3.74,311,3.8795797495759454
3887,The Secret (Highlands' Lairds #1),Julie Garwood,4.26,310,3.9707557408190346
3888,North of Beautiful,Justina Chen,3.92,222,3.8961828999091543
3889,The Stone Diaries,Carol Shields,3.84,521,3.889153753331339
3890,The Power of a Praying Woman,Stormie Omartian,4.38,171,3.9536870277085825
3891,"Shoe Addicts Anonymous (Shoe Addict, #1)",Beth Harbison,3.57,166,3.85918241145555
3892,Smilla's Sense of Snow,"Peter Høeg, Tiina Nunnally",3.73,484,3.8398229168675164
3893,Shakespeare: The World as Stage,Bill Bryson,3.79,327,3.881521449308437
3894,The Smoke Jumper,Nicholas Evans,4.05,261,3.922581891724559
3895,Willow,Julia Hoban,3.94,190,3.874784558521935
3896,Living History,Hillary Rodham Clinton,3.75,214,3.8833947360988366
3897,Batman: Dark Victory,"Jeph Loeb, Tim Sale",4.11,241,3.937674861424476
3898,The Hare With Amber Eyes: A Family's Century of Art and Loss,Edmund de Waal,3.85,239,3.880516649434656
3899,A Spell for Chameleon (Xanth #1),Piers Anthony,3.93,402,3.8871372562362425
3900,"Hand, Hand, Fingers, Thumb","Al Perkins, Eric Gurney",4.22,312,3.988887811125516
3901,"Starters (Starters, #1)",Lissa Price,3.91,260,3.8947561484014495
3902,Dark Needs at Night's Edge (Immortals After Dark #5),Kresley Cole,4.32,332,3.9989534355237764
3903,Pedro Páramo,"Juan Rulfo, Margaret Sayers Peden, Susan Sontag",4.04,234,3.933831068756705
3904,"Anne of Ingleside (Anne of Green Gables, #6)",L.M. Montgomery,4.05,467,3.943797292868699
3905,The Middle Place,Kelly Corrigan,3.85,355,3.8941036152820994
3906,Deal Breaker (Myron Bolitar #1),Harlan Coben,3.94,377,3.9187165482197437
3907,The Waste Land,"T.S. Eliot, Michael North",4.11,499,3.969878687871499
3908,The Royal We,"Heather Cocks, Jessica  Morgan",3.8,369,3.869887872292395
3909,"The Viscount Who Loved Me (Bridgertons, #2)",Julia Quinn,4.19,307,3.9612837225459607
3910,"Peter and the Shadow Thieves (Peter and the Starcatchers, #2)","Dave Barry, Ridley Pearson, Greg Call",4.15,353,3.965706176575104
3911,Drown,Junot Díaz,4.05,296,3.9454157559727747
3912,The Beach House,Jane Green,3.62,308,3.8289439498371345
3913,Immortality,Milan Kundera,4.12,288,3.9417130562845517
3914,"Best Kept Secret (The Clifton Chronicles, #3)",Jeffrey Archer,3.94,284,3.8698472174708787
3915,"Spin (Spin, #1)",Robert Charles Wilson,4.01,331,3.9341079074588814
3916,Long Day's Journey Into Night,Eugene O'Neill,4.07,440,3.9539698083951165
3917,"Hellsing, Vol. 01 (Hellsing, #1)","Kohta Hirano, Duane Johnson",4.28,210,3.972967906597574
3918,"Soul Harvest: The World Takes Sides (Left Behind, #4)","Tim LaHaye, Jerry B. Jenkins",3.95,328,3.873644023432081
3919,Twisted,Laurie Halse Anderson,3.83,276,3.8732522698225695
3920,"The Physician (Cole Family Trilogy, #1)",Noah Gordon,4.35,237,3.983360813195941
3921,"Prodigal Son (Dean Koontz's Frankenstein, #1)","Dean Koontz, Kevin J. Anderson, Scott Brick",4.01,422,3.909141409562883
3922,How Do Dinosaurs Say Good Night?,"Jane Yolen, Mark Teague",4.13,329,3.971786444406418
3923,A Book of Five Rings: The Classic Guide to Strategy,"Miyamoto Musashi, Victor Harris",4.09,281,3.9585419014183314
3924,Tick Tock,Dean Koontz,3.71,442,3.858483190866429
3925,The Icarus Agenda,Robert Ludlum,3.93,310,3.9237853321764793
3926,Demon from the Dark (Immortals After Dark #10),Kresley Cole,4.47,296,4.01044318942126
3927,"The King (Black Dagger Brotherhood, #12)",J.R. Ward,4.37,328,3.9896686869605564
3928,When Nietzsche Wept,Irvin D. Yalom,4.25,167,3.932767223738297
3929,"The Crossing (The Border Trilogy, #2)",Cormac McCarthy,4.11,356,3.9234636988495786
3930,The Nicomachean Ethics,"Aristotle, J.A.K. Thomson, Jonathan Barnes, Hugh Tredennick",3.91,277,3.8959838609363944
3931,Not a Fan: Becoming a Completely Committed Follower of Jesus,Kyle Idleman,4.23,126,3.948264013276129
3932,"Scott Pilgrim, Volume 3: Scott Pilgrim & The Infinite Sadness",Bryan Lee O'Malley,4.29,303,3.988820387340799
3933,Spook: Science Tackles the Afterlife,Mary Roach,3.57,353,3.8437470035496037
3934,Songs of Innocence and of Experience,William Blake,4.11,391,3.9544436330061776
3935,"Sugar Daddy (Travises, #1)",Lisa Kleypas,4.0,247,3.9323318717456788
3936,The Berenstain Bears and the Messy Room,"Stan Berenstain, Jan Berenstain",4.16,377,3.95917118123843
3937,Blaze,"Richard Bachman, Stephen King",3.65,448,3.8025040106507446
3938,"Demon Lord of Karanda (The Malloreon, #3)",David Eddings,4.05,473,3.9137587132054725
3939,History of Art,"H.W. Janson, Anthony F. Janson",3.8,135,3.925049251533952
3940,"Ice Cold (Rizzoli & Isles, #8)",Tess Gerritsen,4.14,321,3.9423281692816943
3941,"The Winter King (The Warlord Chronicles, #1)",Bernard Cornwell,4.27,293,3.9582008284413273
3942,"Sin City, Vol. 2: A Dame to Kill For (Sin City, #2)",Frank Miller,4.16,316,3.9655264856931147
3943,"Leaving Paradise (Leaving Paradise, #1)",Simone Elkeles,4.02,310,3.8942610753154447
3944,"D.N.Angel, Vol. 1 (D.N.Angel, #1)",Yukiru Sugisaki,4.01,257,3.888274737732281
3945,Total Control,David Baldacci,4.06,425,3.9223928739441893
3946,Matterhorn,Karl Marlantes,4.25,294,3.9860389883623464
3947,"The Mysterious Benedict Society and the Perilous Journey (The Mysterious Benedict Society, #2)","Trenton Lee Stewart, Diana Sudyka",4.19,328,3.9412698273172495
3948,Henry V,"William Shakespeare, Barbara A. Mowat, Paul Werstine",3.87,584,3.885176716285556
3949,Politics,Aristotle,3.91,283,3.8786423020177727
3950,The Wolf of Wall Street,Jordan Belfort,3.67,202,3.8353593869222364
3951,The Cost of Discipleship,Dietrich Bonhoeffer,4.35,228,3.9733134137205193
3952,A Gentleman in Moscow,Amor Towles,4.37,328,4.008895631202418
3953,The New Jim Crow: Mass Incarceration in the Age of Colorblindness,Michelle Alexander,4.49,232,4.003835785982162
3954,Hunger,"Knut Hamsun, George Egerton",4.09,252,3.924189960582704
3955,The Book of Unknown Americans,Cristina Henriquez,3.85,365,3.8792579308500663
3956,"Fever (The Chemical Garden, #2)",Lauren DeStefano,3.79,304,3.852736832542348
3957,"B is for Burglar  (Kinsey Millhone, #2)",Sue Grafton,3.83,420,3.888406724078365
3958,"When Will There Be Good News? (Jackson Brodie, #3)",Kate Atkinson,3.97,355,3.9084330622957126
3959,The Joker,"Brian Azzarello, Lee Bermejo",4.04,214,3.9249926705462297
3960,Night Watch (Watch #1),"Sergei Lukyanenko, Andrew Bromfield",3.97,367,3.8988026113504857
3961,Dept. of Speculation,Jenny Offill,3.72,357,3.84740602390074
3962,Secrets of a Charmed Life,Susan Meissner,4.17,365,3.953030013940728
3963,The Great Santini,Pat Conroy,4.13,481,3.9827949681229198
3964,Johnny Got His Gun,Dalton Trumbo,4.16,413,3.946913500622988
3965,"Angels Flight (Harry Bosch, #6; Harry Bosch Universe, #7)",Michael Connelly,4.13,421,3.972158421621562
3966,"Teacher Man (Frank McCourt, #3)",Frank McCourt,3.73,384,3.84748275940843
3967,"Vampire Kisses: The Beginning (Vampire Kisses, #1-3)",Ellen Schreiber,4.12,175,3.924309953916186
3968,"The Last Guardian (Artemis Fowl, #8)",Eoin Colfer,4.15,352,3.938926633519942
3969,Planet of the Apes,"Pierre Boulle, Xan Fielding",3.91,356,3.9163036389654415
3970,"Ghost Town (The Morganville Vampires, #9)",Rachel Caine,4.27,299,3.961750341744479
3971,Evergreen,Belva Plain,3.98,383,3.9068747396805525
3972,"Experiencing God: Knowing and Doing the Will of God, Workbook","Henry T. Blackaby, Claude V. King, Richard Blackaby",4.32,179,3.9539595972505017
3973,Deliverance,James Dickey,3.86,489,3.8930193976772345
3974,"Dragonsinger (Harper Hall, #2)",Anne McCaffrey,4.26,423,3.9665797296467327
3975,"Boundless (Unearthly, #3)",Cynthia Hand,4.15,306,3.9504926869021104
3976,The Whistler,John Grisham,3.87,265,3.8709038127327253
3977,"D.Gray-man, Volume 01","Katsura Hoshino, Mayumi Kobayashi",4.21,263,3.9448605837612467
3978,The Robots of Dawn (Robot #3),Isaac Asimov,4.13,387,3.9441187268184823
3979,The Rule of Four,"Ian Caldwell, Dustin Thomason",3.22,439,3.7044508618184446
3980,"The Redemption of Callie & Kayden (The Coincidence, #2)",Jessica Sorensen,4.11,355,3.9142951088012814
3981,"Avatar: The Last Airbender (The Search, #1)","Gene Luen Yang, Bryan Konietzko, Michael Dante DiMartino, Dave Marshall, Gurihiru",4.29,130,3.9522378696043714
3982,"The Closers (Harry Bosch, #11; Harry Bosch Universe, #13)",Michael Connelly,4.08,451,3.9493761297999184
3983,"Fire and Ice (Warriors, #2)",Erin Hunter,4.36,199,3.9502771554720564
3984,The Darkest Whisper (Lords of the Underworld #4),Gena Showalter,4.33,262,3.9829558902742894
3985,Love Is a Mix Tape,Rob Sheffield,3.83,225,3.88288428132257
3986,Please Kill Me: The Uncensored Oral History of Punk,"Legs McNeil, Gillian McCain",4.16,185,3.9519646089083773
3987,The Things We Wish Were True,Marybeth Mayhew Whalen,3.83,264,3.846581236960886
3988,"Frog and Toad All Year (Frog and Toad, #3)",Arnold Lobel,4.34,471,4.0141811182356975
3989,"The Dark Elf Trilogy Collector's Edition (Forgotten Realms: Dark Elf Trilogy, #1-3; Legend of Drizzt, #1-3)",R.A. Salvatore,4.33,286,3.959365259866744
3990,"The Harlequin (Anita Blake, Vampire Hunter #15)",Laurell K. Hamilton,3.9,438,3.907567991437068
3991,So B. It,Sarah Weeks,4.1,231,3.912433416383907
3992,"Found (The Missing, #1)",Margaret Peterson Haddix,3.97,269,3.8981696546902693
3993,First Comes Love,Emily Giffin,3.6,317,3.8212898420774777
3994,The Basketball Diaries,Jim Carroll,3.98,306,3.9255986547417123
3995,"Sin City, Vol. 4: That Yellow Bastard (Sin City, #4)",Frank Miller,4.22,307,3.966662597016478
3996,"Krew elfów (Saga o Wiedźminie, #3)",Andrzej Sapkowski,4.23,226,3.933454654442585
3997,Little Altars Everywhere,Rebecca Wells,3.55,479,3.7881138314606204
3998," Angels (Walsh Family, #3)",Marian Keyes,3.73,263,3.854789219526507
3999,"A World Without Heroes (Beyonders, #1)",Brandon Mull,4.07,307,3.928338116414044
4000,"The Kings of Clonmel (Ranger's Apprentice, #8)",John Flanagan,4.29,297,3.979298233630683
4001,The Fireman,Joe Hill,3.92,359,3.8729404797912084
4002,"The Revenge of Seven (Lorien Legacies, #5)",Pittacus Lore,4.28,345,3.967493136132307
4003,Ben-Hur: A Tale of the Christ,Lew Wallace,4.02,440,3.950883960095419
4004,Homage to Catalonia,"George Orwell, Lionel Trilling",4.14,252,3.9542116040931417
4005,Good Grief,Lolly Winston,3.72,317,3.847336726469383
4006,"A Knight of the Seven Kingdoms (The Tales of Dunk and Egg, #1-3)","George R.R. Martin, Gary Gianni",4.19,324,3.961056491752049
4007,"Misguided Angel (Blue Bloods, #5)",Melissa de la Cruz,3.93,321,3.903028895319128
4008,"Undeniable (Undeniable, #1)",Madeline Sheehan,4.08,322,3.9343788061922433
4009,Four Blondes,Candace Bushnell,2.8,327,3.656615989214229
4010,There Was An Old Lady Who Swallowed A Fly (Classic Books),Pam Adams,4.2,357,3.9709993368520182
4011,"The Girl In The Ice (Detective Erika Foster, #1)",Robert Bryndza,3.95,208,3.877128344408707
4012,"Buffy the Vampire Slayer: The Long Way Home (Season 8, #1)","Joss Whedon, Georges Jeanty",3.96,212,3.914111384430516
4013,Medium Raw: A Bloody Valentine to the World of Food and the People Who Cook,Anthony Bourdain,3.73,322,3.866482913228122
4014,"Emily of New Moon (Emily, #1)",L.M. Montgomery,4.09,441,3.9336441624268224
4015,Heart of a Dog,"Mikhail Bulgakov, Mirra Ginsburg, Mikhail Bulgakov",4.14,217,3.95020201856624
4016,Grendel,John Gardner,3.69,405,3.87978129094973
4017,"The Pale Horseman (The Saxon Stories, #2)",Bernard Cornwell,4.27,282,3.965408794736106
4018,Chaos: Making a New Science,James Gleick,3.98,332,3.9136528999157623
4019,Marvels,"Kurt Busiek, Alex Ross",4.21,217,3.9695249985991605
4020,A Hologram for the King,Dave Eggers,3.29,357,3.7582887403516607
4021,The Future of Us,"Jay Asher, Carolyn Mackler",3.58,298,3.810875519544482
4022,"Cross Country (Alex Cross, #14)",James Patterson,3.83,437,3.894526235418665
4023,"Rock Chick (Rock Chick, #1)",Kristen Ashley,4.2,352,3.9539367490325703
4024,"The Program (The Program, #1)",Suzanne Young,4.07,260,3.9100307439718165
4025,"City of Bones (Harry Bosch, #8; Harry Bosch Universe, #10)",Michael Connelly,4.04,449,3.9431763828285815
4026,Judas Unchained,Peter F. Hamilton,4.3,299,3.9718902727929475
4027,"Morality for Beautiful Girls (No. 1 Ladies' Detective Agency, #3)",Alexander McCall Smith,3.97,405,3.90942867630266
4028,Going Too Far,Jennifer Echols,3.93,272,3.890117248875995
4029,The Son,Philipp Meyer,3.98,337,3.927777816214728
4030,"The Dream Hunter (Dark-Hunter #10, Dream-Hunter #1)",Sherrilyn Kenyon,4.06,337,3.943595386899497
4031,Island of the Sequined Love Nun,"Christopher Moore, Oliver Wyman",3.78,396,3.8752885114144564
4032,All the Ugly and Wonderful Things,Bryn Greenwood,4.12,334,3.943483642965467
4033,The Moon and More,Sarah Dessen,3.63,279,3.8351382721459655
4034,Time Enough for Love,Robert A. Heinlein,3.96,395,3.9006013334238605
4035,The Barefoot Contessa Cookbook,"Ina Garten, Melanie Acevedo",4.21,246,3.975753544515605
4036,"Virals (Virals, #1)","Kathy Reichs, Brendan Reichs",3.94,280,3.8961975488205214
4037,"An Invisible Thread: The True Story of an 11-Year-Old Panhandler, a Busy Sales Executive, and an Unlikely Meeting with Destiny","Laura Schroff, Alex Tresniowski, Valerie Salembier",4.0,319,3.924242833684124
4038,"Marked / Betrayed / Chosen / Untamed (House of Night, #1-4)","P.C. Cast, Kristin Cast",4.37,199,3.9510021609095975
4039,Mennonite in a Little Black Dress: A Memoir of Going Home,Rhoda Janzen,3.17,426,3.724470696969811
4040,The Simple Truth,David Baldacci,4.03,404,3.923257767179579
4041,"The City of Mirrors (The Passage, #3)",Justin Cronin,4.2,404,3.9674413182747
4042,"Ramona Forever (Ramona, #7)",Beverly Cleary,4.05,462,3.952150813214764
4043,Anne Frank: Beyond the Diary - A Photographic Remembrance,"Ruud van der Rol, Rian Verhoeven, Anna Quindlen, Anne Frank, Tony Langham, Plym Peters",4.25,197,3.981425455995504
4044,"Kushiel's Chosen (Phèdre's Trilogy, #2)",Jacqueline Carey,4.31,350,3.9800152130579676
4045,Half Girlfriend,Chetan Bhagat,3.16,106,3.7826457906729436
4046,The Far Side Gallery 3,Gary Larson,4.45,453,4.0712773406861
4047,"Parable of the Sower (Earthseed, #1)",Octavia E. Butler,4.14,321,3.966973476681947
4048,"11th Hour (Women's Murder Club, #11)","James Patterson, Maxine Paetro",4.02,359,3.9262114471140173
4049,"Earth Unaware (The First Formic War, #1)","Orson Scott Card, Aaron Johnston",3.91,226,3.9021668780079692
4050,When Things Fall Apart: Heart Advice for Difficult Times,Pema Chödrön,4.29,222,3.9739123443932165
4051,The American Heiress,Daisy Goodwin,3.41,322,3.789933622141122
4052,"Seeds of Yesterday (Dollanganger, #4)",V.C. Andrews,3.81,314,3.834315251651347
4053,The Three Little Pigs (Disney Classic),"Al Dempster, Milt Banta, Golden Books, Walt Disney Company",4.19,358,3.9651675749480644
4054,Andy Goldsworthy: A Collaboration with Nature,Andy Goldsworthy,3.95,173,3.9567112100366564
4055,Jesus' Son,Denis Johnson,4.15,241,3.94611783616591
4056,"The Last Man (Mitch Rapp, #13)",Vince Flynn,4.34,293,3.9819570220203673
4057,Saving Fish from Drowning,Amy Tan,3.41,426,3.7985539939878024
4058,Love Anthony,Lisa Genova,3.94,330,3.8910264719212124
4059,Purple Cow: Transform Your Business by Being Remarkable,Seth Godin,3.78,172,3.9019576133569527
4060,"The Last Star (The 5th Wave, #3)",Rick Yancey,3.64,331,3.805741600306099
4061,"Scott Pilgrim, Volume 4: Scott Pilgrim Gets It Together","Bryan Lee O'Malley, Steve Buccellato",4.32,295,3.997571531581785
4062,QB VII,Leon Uris,4.17,419,3.965245595287068
4063,"The Aeronaut's Windlass (The Cinder Spires, #1)",Jim Butcher,4.18,325,3.943145738751483
4064,From Hell,"Alan Moore, Eddie Campbell, Pete Mullins",4.16,348,3.9570877972535543
4065,"Black Rose (In the Garden, #2)",Nora Roberts,4.03,365,3.9077313664289184
4066,"The Perfect Husband (Quincy & Rainie, #1)",Lisa Gardner,4.01,322,3.9230628240315566
4067,The Eight (The Eight #1),Katherine Neville,3.92,338,3.90674918036133
4068,"Daddy-Long-Legs (Daddy-Long-Legs, #1)",Jean Webster,4.09,275,3.9198909369495
4069,East,Edith Pattou,4.14,329,3.965823415187575
4070,"Dragonquest (Pern, #2)",Anne McCaffrey,4.09,426,3.926176480447368
4071,Civilization and Its Discontents,"Sigmund Freud, James Strachey, Peter Gay",3.76,250,3.876541481187588
4072,A Street Cat Named Bob: How One Man and His Cat Found Hope on the Streets,James Bowen,3.96,148,3.904703215043746
4073,"Complete Me (Stark Trilogy, #3)",J. Kenner,4.23,228,3.9314189310108696
4074,"Fool's Assassin (The Fitz and the Fool, #1)",Robin Hobb,4.35,374,4.015066126579558
4075,"Astonishing X-Men, Volume 1: Gifted","Joss Whedon, John Cassaday",4.17,199,3.9575272098474645
4076,"Fragile Eternity (Wicked Lovely, #3)",Melissa Marr,3.83,388,3.8791157817653557
4077,"The Gamble (Colorado Mountain, #1)",Kristen Ashley,4.29,387,4.002180361476812
4078,The Great and Secret Show (Book of the Art #1),Clive Barker,4.05,373,3.933958205461023
4079,The Mother Tongue: English and How It Got That Way,Bill Bryson,3.95,390,3.9359468130564905
4080,The Geography of Bliss: One Grump's Search for the Happiest Places in the World,Eric    Weiner,3.83,315,3.879233117463123
4081,I am Charlotte Simmons,Tom Wolfe,3.4,388,3.764979455807312
4082,"The Mistake (Off-Campus, #2)",Elle Kennedy,4.15,325,3.942481419346713
4083,"Match Me If You Can (Chicago Stars, #6)",Susan Elizabeth Phillips,4.13,304,3.9558157249495434
4084,"Heaven and Earth (Three Sisters Island, #2)",Nora Roberts,4.13,371,3.9454762331867514
4085,The Bad Place,Dean Koontz,3.86,447,3.872437338255151
4086,"Crazy Little Thing (Bell Harbor, #1)",Tracy Brogan,3.8,187,3.872315717503552
4087,Avalon High,Meg Cabot,3.8,375,3.8408135282856084
4088,"The Twilight Saga: The Official Illustrated Guide (Twilight, #4.5)",Stephenie Meyer,4.23,160,3.9510686268317596
4089,Summer Island,Kristin Hannah,3.97,276,3.8862990321654935
4090,Celebration of Discipline: The Path to Spiritual Growth,Richard J. Foster,4.18,231,3.9485703114451978
4091,The Prime of Miss Jean Brodie,Muriel Spark,3.76,404,3.8765494417361657
4092,"Sloppy Firsts (Jessica Darling, #1)",Megan McCafferty,3.94,319,3.9055674518392633
4093,"Forgive Me, Leonard Peacock",Matthew Quick,3.93,268,3.8822186567303785
4094,"A Long Way from Chicago (A Long Way from Chicago, #1)",Richard Peck,3.92,371,3.924203752041905
4095,Cradle and All,James Patterson,3.87,448,3.8798853285896993
4096,Bringing Down the House: The Inside Story of Six M.I.T. Students Who Took Vegas for Millions,Ben Mezrich,3.87,308,3.8954627968437863
4097,This One Summer,"Mariko Tamaki, Jillian Tamaki",3.67,171,3.8708038781488994
4098,The Next Best Thing,Jennifer Weiner,3.46,378,3.7955575181560723
4099,The Heroin Diaries: A Year In The Life Of A Shattered Rock Star,Nikki Sixx,4.12,144,3.922538156416678
4100,Tinkers,Paul Harding,3.37,411,3.753294338303656
4101,"The Druid of Shannara (Heritage of Shannara, #2)",Terry Brooks,4.0,355,3.89931432328705
4102,Stepbrother Dearest,Penelope Ward,4.14,280,3.948926440144222
4103,Einstein's Dreams,Alan Lightman,4.08,325,3.931852308870396
4104,Demons,"Fyodor Dostoyevsky, Richard Pevear, Larissa Volokhonsky",4.26,266,3.9650261222032825
4105,Seize the Night (Dark-Hunter #6),Sherrilyn Kenyon,4.36,323,4.0036035924583295
4106,Notes from Underground,"Fyodor Dostoyevsky, Christian Redl, Philip Dossick, Emanuela Guercetti, Michelle-Irène Brudny, Richard Pevear, Norman Dietz, Donald Fanger, coderati, Boris de Schlœzer, Larissa Volokhonsky",4.15,247,3.9176187770914366
4107,Harry Potter: A Pop-Up Book: Based on the Film Phenomenon,"Andrew Williamson, Andrew Williamson",4.55,136,3.9912005473999903
4108,Portrait in Sepia,"Isabel Allende, Margaret Sayers Peden",3.93,334,3.9170687978224974
4109,Making Faces,Amy Harmon,4.36,327,4.016862788126191
4110,Q & A,Vikas Swarup,3.98,316,3.9260958902242913
4111,The Trespasser (Dublin Murder Squad #6),Tana French,3.98,370,3.9389906989244707
4112,"Encyclopedia Brown, Boy Detective (Encyclopedia Brown, #1)",Donald J. Sobol,4.03,440,3.9527354690752374
4113,"Dissolution (Matthew Shardlake, #1)",C.J. Sansom,4.08,268,3.92019421428061
4114,"The Clique (The Clique, #1)",Lisi Harrison,3.6,235,3.8045766131156693
4115,The Sixth Extinction: An Unnatural History,Elizabeth Kolbert,4.09,208,3.9549213286340184
4116,Billy Lynn's Long Halftime Walk,Ben Fountain,3.81,355,3.8947549537827184
4117,A Whole New Mind: Why Right-Brainers Will Rule the Future,Daniel H. Pink,3.95,195,3.9145039486240147
4118,"Across the Nightingale Floor (Tales of the Otori, #1)",Lian Hearn,4.06,330,3.94929304147693
4119,A Briefer History of Time,"Stephen Hawking, Leonard Mlodinow",4.19,207,3.9476805885840176
4120,The Blind Watchmaker: Why the Evidence of Evolution Reveals a Universe Without Design,Richard Dawkins,4.08,265,3.941477396071824
4121,"Face the Fire (Three Sisters Island, #3)",Nora Roberts,4.15,370,3.9480212091482985
4122,Once We Were Brothers,Ronald H. Balson,4.28,285,3.966162069571151
4123,When I'm Gone,"Emily Bleeker, Dan John Miller",3.94,200,3.8727937988427206
4124,Life Expectancy,Dean Koontz,3.98,376,3.928945113758663
4125,"The Dragon Heir (The Heir Chronicles, #3)",Cinda Williams Chima,4.14,306,3.9652945438623473
4126,"Fallout (Crank, #3)",Ellen Hopkins,4.29,170,3.935878901386808
4127,"Black Notice (Kay Scarpetta, #10)",Patricia Cornwell,3.85,395,3.8993317339824842
4128,The Wonder,Emma Donoghue,3.65,331,3.842134110065908
4129,Innocent Traitor,Alison Weir,3.94,264,3.889508606620929
4130,The Fourth Hand,John Irving,3.3,435,3.7458164307203665
4131,"Gone, Baby, Gone (Kenzie & Gennaro, #4)",Dennis Lehane,4.14,363,3.946489522803478
4132,"Tunnels of Blood (Cirque Du Freak, #3)",Darren Shan,4.14,264,3.927589337770967
4133,On Mystic Lake,Kristin Hannah,3.95,286,3.8843465051780726
4134,"The Killing Game (Eve Duncan, #2)",Iris Johansen,4.18,231,3.9414846457469053
4135,"The Retribution of Mara Dyer (Mara Dyer, #3)",Michelle Hodkin,4.14,359,3.929459676828823
4136,Rachael Ray 365: No Repeats: A Year of Deliciously Different Dinners,Rachael Ray,3.68,186,3.8539246728702388
4137,A Wolf at the Table,Augusten Burroughs,3.7,273,3.861981201777064
4138,"Seventh Son (Tales of Alvin Maker, #1)",Orson Scott Card,3.86,476,3.883727151206066
4139,The Mysteries of Pittsburgh,Michael Chabon,3.63,373,3.8438275159612485
4140,Manhunt: The 12-Day Chase for Lincoln's Killer,James L. Swanson,4.12,282,3.929848376217334
4141,The Book of Tomorrow,Cecelia Ahern,3.66,239,3.8375377161576885
4142,"Uncommon Criminals (Heist Society, #2)",Ally Carter,4.15,294,3.9426285562928896
4143,On the Fence,Kasie West,4.04,215,3.9128626679155785
4144,Follow You Home,Mark  Edwards,3.86,170,3.897368940637345
4145,"Love, Stargirl (Stargirl, #2)",Jerry Spinelli,3.8,313,3.8696961632241393
4146,Nefertiti,Michelle Moran,4.07,294,3.9066792922353706
4147,"You Are Not So Smart: Why You Have Too Many Friends on Facebook, Why Your Memory Is Mostly Fiction, and 46 Other Ways You're Deluding Yourself",David McRaney,3.85,126,3.891615463938305
4148,"Into the Wilderness (Wilderness, #1)",Sara Donati,4.1,322,3.9184033019653914
4149,"The Oresteia  (Ορέστεια, #1-3)","Aeschylus, Robert Fagles, William Bedell Stanford",3.99,309,3.9304487212399164
4150,"How the Light Gets In (Chief Inspector Armand Gamache, #9)",Louise Penny,4.41,303,4.007697216033579
4151,Don't Waste Your Life,John Piper,4.11,151,3.9221943067247107
4152,La catedral del mar,Ildefonso Falcones,4.05,174,3.922777287560073
4153,The Life of Elizabeth I,Alison Weir,4.05,217,3.9423296933676424
4154,"Book of Mormon, Doctrine and Covenants, Pearl of Great Price",The Church of Jesus Christ of Latter-day Saints,4.36,293,3.9541283381134917
4155,Earth (The Book): A Visitor's Guide to the Human Race,"Jon Stewart, Rory Albanese, Kevin Bleyer, Rich Bloomquist, Steve Bodow, Tim Carvell, Wyatt Cenac, Hallie Haglund, J.R. Havlan, David Javerbaum, Elliott Kalan, Josh Lieb, Sam Means, Jo Miller, John Oliver, Daniel Radosh, Jason Ross",3.91,324,3.9045518051868693
4156,"My Soul to Take (Soul Screamers, #1)",Rachel Vincent,3.88,328,3.893533965751248
4157,"Conversations With God: An Uncommon Dialogue, Book 2",Neale Donald Walsch,4.1,227,3.943450067890718
4158,"Everneath (Everneath, #1)",Brodi Ashton,3.76,257,3.851400042122457
4159,"Plum Spooky (Stephanie Plum, #14.5)",Janet Evanovich,3.77,416,3.8724658776812677
4160,Warrior of the Light,Paulo Coelho,3.69,202,3.870807553022215
4161,"James Potter and the Hall of Elders' Crossing (James Potter, #1)",G. Norman Lippert,3.78,149,3.891986218718579
4162,Where Men Win Glory: The Odyssey of Pat Tillman,Jon Krakauer,4.03,295,3.9433452725158324
4163,God's Smuggler,"Brother Andrew, Elizabeth Sherrill, John Sherrill",4.32,221,3.9631893816760204
4164,Maine,J. Courtney Sullivan,3.34,344,3.753603149342392
4165,The Fill-In Boyfriend,Kasie West,3.92,223,3.905520758599449
4166,How I Live Now,Meg Rosoff,3.58,339,3.8304596067548258
4167,"Mister Monday (The Keys to the Kingdom, #1)",Garth Nix,3.77,366,3.8664019145978186
4168,These Things Hidden,Heather Gudenkauf,3.85,298,3.869726902890217
4169,Fix-It and Forget-It Cookbook: Feasting with Your Slow Cooker,"Dawn J. Ranck, Phyllis Pellman Good",3.85,206,3.8711803221110923
4170,"Strange Angels (Strange Angels, #1)","Lili St. Crow, Lilith Saintcrow",3.78,321,3.8757192303620913
4171,Stolen Lives: Twenty Years in a Desert Jail,"Malika Oufkir, Michèle Fitoussi",4.08,305,3.93834059149169
4172,Black Hills,Nora Roberts,4.08,323,3.931761644743303
4173,Civil War: A Marvel Comics Event,"Mark Millar, Steve McNiven, Dexter Vines, Morry Hollowell",4.05,252,3.9067355166812865
4174,The Vow: The Kim & Krickitt Carpenter Story,"Kim Carpenter, John R. Perry, Krickitt Carpenter",3.77,188,3.8512148509410267
4175,The Puppet Masters,Robert A. Heinlein,3.86,392,3.9029557212635035
4176,All the Missing Girls,Megan Miranda,3.79,278,3.867940259578007
4177,Just Go to Bed,Mercer Mayer,4.22,332,3.963907479033662
4178,Today Will Be Different,Maria Semple,3.19,380,3.7176294818577245
4179,"xxxHolic, Vol. 1 (xxxHOLiC, #1)","CLAMP, William Flanagan",4.17,215,3.9422470297015746
4180,"Miss Nelson Is Back (Miss Nelson, #2)","Harry Allard, James  Marshall",4.33,392,4.0155296575352075
4181,"Green Mars (Mars Trilogy, #2)",Kim Stanley Robinson,3.91,324,3.877961364450314
4182,"To Green Angel Tower (Memory, Sorrow, and Thorn, #3)",Tad Williams,4.16,334,3.9487666119940616
4183,The Canterville Ghost,"Oscar Wilde, Inga Moore",3.89,251,3.931123650207928
4184,Seconds,"Bryan Lee O'Malley, Nathan Fairbairn",4.07,196,3.9327307131748945
4185,"Fallen Crest High (Fallen Crest High, #1)",Tijan,4.13,275,3.939818099733806
4186,Anatomy for the Artist,Jenő Barcsay,3.97,124,3.9382176497298222
4187,Suffer the Children,John Saul,3.9,336,3.867056176576276
4188,"Catherine, Called Birdy",Karen Cushman,3.7,449,3.8504985457206207
4189,Princess: A True Story of Life Behind the Veil in Saudi Arabia,Jean Sasson,4.0,254,3.905471157040094
4190,"Magic Kingdom For Sale/Sold (Magic Kingdom of Landover, #1)",Terry Brooks,3.86,397,3.878537551856088
4191,The Power of Your Subconscious Mind,"Joseph Murphy, Ian McMahan",4.12,119,3.931822735736633
4192,"Blood And Gold (The Vampire Chronicles, #8)",Anne Rice,3.88,379,3.8848311938322375
4193,"The Crown of Embers (Fire and Thorns, #2)",Rae Carson,4.2,316,3.980897734774181
4194,"Page (Protector of the Small, #2)",Tamora Pierce,4.22,475,3.9942108865719854
4195,"The Guard (The Selection, #2.5)",Kiera Cass,3.75,281,3.862736796374877
4196,Johnny Tremain,"Esther Forbes, Lynd Ward",3.62,464,3.8038176005246047
4197,The Motorcycle Diaries: Notes on a Latin American Journey,"Ernesto Che Guevara, Aleida Guevara March",3.79,272,3.8577547893290696
4198,"Fight with Me (With Me in Seattle, #2)",Kristen Proby,4.25,268,3.9657648833408876
4199,"Black: The Birth of Evil (The Circle, #1)",Ted Dekker,4.21,256,3.945288087824694
4200,"The Hundred Thousand Kingdoms (Inheritance Trilogy, #1)",N.K. Jemisin,3.8,346,3.860720225737147
4201,Officer Buckle & Gloria,Peggy Rathmann,4.16,284,3.953163477800046
4202,The Savage Detectives,"Roberto Bolaño, Natasha Wimmer",4.09,247,3.905007553102086
4203,"Alice in Zombieland (White Rabbit Chronicles, #1)",Gena Showalter,4.05,183,3.9166854548100987
4204,"Spells (Wings, #2)",Aprilynne Pike,3.99,274,3.9157101564619454
4205,Chess Story,"Stefan Zweig, Joel Rotenberg, Hans Hausmann, Dirk Muller, Peter Gay, Willy Trenk-Trebitsch, Mario Adorf, Gert Westphal",4.28,141,3.962474290882167
4206,The Lion King: A little Golden Book,"Justine Korman Fontes, Don Williams, Walt Disney Company",4.46,251,4.017758178259349
4207,"The Medusa Plot (39 Clues: Cahills vs. Vespers, #1)",Gordon Korman,4.07,198,3.9284751364308264
4208,"The Penderwicks: A Summer Tale of Four Sisters, Two Rabbits, and a Very Interesting Boy (The Penderwicks #1)",Jeanne Birdsall,4.12,308,3.9270424514833078
4209,"The Lion (John Corey, #5)",Nelson DeMille,4.22,349,3.9571158572828136
4210,"Kiss of the Highlander (Highlander, #4)",Karen Marie Moning,4.31,301,3.9861049622241325
4211,Elizabeth the Queen: The Life of a Modern Monarch,Sally Bedell Smith,3.85,109,3.9002693558850594
4212,The Son,"Jo Nesbø, Charlotte Barslund",4.07,282,3.937370772442459
4213,"Chew, Vol. 1: Taster's Choice","John Layman, Rob Guillory",4.0,278,3.928284496017697
4214,A Single Shard,Linda Sue Park,3.87,343,3.8952388108334586
4215,"Time of the Twins (Dragonlance: Legends, #1)","Margaret Weis, Tracy Hickman",4.13,344,3.9438544122171537
4216,Sacré Bleu: A Comedy d'Art,Christopher Moore,3.77,352,3.8717074205720863
4217,Roadside Picnic,"Arkady Strugatsky, Boris Strugatsky, Antonina W. Bouis, Antonina W. Bouis, Theodore Sturgeon",4.21,218,3.9659710223432794
4218,"Queen of Babble Gets Hitched (Queen of Babble, #3)",Meg Cabot,3.82,255,3.8832420264353154
4219,Cranford,Elizabeth Gaskell,3.85,307,3.8819453241058346
4220,Underworld,Don DeLillo,3.92,331,3.897053715703439
4221,Big Sur,"Jack Kerouac, Aram Saroyan",3.86,263,3.8783463455571314
4222,"My Man Jeeves (Jeeves, #1)",P.G. Wodehouse,4.13,307,3.9498536142961123
4223,"Radiant Shadows (Wicked Lovely, #4)",Melissa Marr,3.97,340,3.908845149340661
4224,"Motorcycle Man (Dream Man, #4)",Kristen Ashley,4.43,352,4.026376871723949
4225,"The Art of Asking; or, How I Learned to Stop Worrying and Let People Help",Amanda Palmer,3.97,149,3.933361378577151
4226,"Into the Still Blue (Under the Never Sky, #3)",Veronica Rossi,4.17,358,3.959316960633561
4227,The Last Summer (of You and Me),Ann Brashares,3.58,337,3.833531457551313
4228,"Preacher, Volume 2: Until the End of the World","Garth Ennis, Steve Dillon",4.28,322,3.9996121151185564
4229,The Lord of the Rings: Weapons and Warfare,"Chris   Smith, Christopher Lee, Richard Taylor",4.53,164,3.988408302122002
4230,"The Lost City of Faar (Pendragon, #2)",D.J. MacHale,4.16,300,3.9394834023796577
4231,"A Great Deliverance (Inspector Lynley, #1)",Elizabeth  George,4.06,323,3.9370832704999716
4232,The Club Dumas,"Arturo Pérez-Reverte, Sonia Soto",3.82,360,3.8905520226855854
4233,"Enna Burning (The Books of Bayern, #2)",Shannon Hale,3.97,371,3.888104996159742
4234,"Twilight (The Mediator, #6)",Meg Cabot,4.26,346,3.9753765842512006
4235,1919,أحمد مراد,3.65,195,3.875239788077225
4236,"Dear Mr. Henshaw (Leigh Botts, #1)","Beverly Cleary, Paul O. Zelinsky",3.7,420,3.8621616450306866
4237,The Magician's Assistant,Ann Patchett,3.64,417,3.826843598912294
4238,Generation X: Tales for an Accelerated Culture,Douglas Coupland,3.73,322,3.863154683180861
4239,The Sympathizer,Viet Thanh Nguyen,4.0,340,3.9167383283184947
4240,"Evil Under the Sun (Hercule Poirot, #23)",Agatha Christie,3.94,363,3.8907647771286253
4241,"Reaper's Property (Reapers MC, #1)",Joanna Wylde,4.13,276,3.9364260664304114
4242,"My Friend Flicka (Flicka, #1)","Mary O'Hara, Dave Blossom",4.15,416,3.9965027128626245
4243,"The Kingmaker's Daughter (The Plantagenet and Tudor Novels, #4)","Philippa Gregory, Mirjana Valent",3.95,307,3.9061502592231614
4244,Hedda Gabler,"Henrik Ibsen, William Archer",3.79,339,3.8739006651369756
4245,Dumbo: A Little Golden Book,Walt Disney Company,4.29,343,3.987801011319246
4246,"The Invasion of the Tearling (The Queen of the Tearling, #2)",Erika Johansen,4.15,359,3.976234184722021
4247,"Phantom (Harry Hole, #9)","Jo Nesbø, Don Bartlett",4.11,287,3.9559853339757423
4248,Marked / Betrayed / Chosen / Untamed / Hunted (House of Night #1-5),"P.C. Cast, Kristin Cast",4.43,174,3.9707725618715255
4249,A Place Called Here,Cecelia Ahern,3.66,227,3.838284147333623
4250,The Painted Veil,W. Somerset Maugham,3.9,334,3.92367250910824
4251,"Blackwood Farm (The Vampire Chronicles, #9)",Anne Rice,3.85,414,3.8691697174575723
4252,Anatomy of the Spirit: The Seven Stages of Power and Healing,Caroline Myss,4.12,207,3.9354265699867423
4253,"The Kalahari Typing School for Men (No. 1 Ladies' Detective Agency, #4)",Alexander McCall Smith,3.99,381,3.906755447731126
4254,A Hundred Summers,Beatriz Williams,3.9,285,3.878125490031125
4255,"A Torch Against the Night (An Ember in the Ashes, #2)",Sabaa Tahir,4.34,337,3.978525855495029
4256,The Wednesday Wars,Gary D. Schmidt,4.06,315,3.965503431112558
4257,"The Legacy (Forgotten Realms: Legacy of the Drow, #1; Legend of Drizzt, #7)",R.A. Salvatore,4.18,291,3.9411522330881583
4258,Skippyjon Jones,Judy Schachner,4.25,302,3.973296418095262
4259,Chasing Fire,Nora Roberts,4.09,332,3.956633789950808
4260,Eat That Frog!: 21 Great Ways to Stop Procrastinating and Get More Done in Less Time,Brian Tracy,3.84,166,3.862896293948308
4261,"Moo, Baa, La La La!",Sandra Boynton,4.19,370,3.979627994931695
4262,The Science of Getting Rich,Wallace D. Wattles,4.18,113,3.92841357808908
4263,"The Last Oracle (Sigma Force, #5)",James Rollins,4.15,278,3.9563994243589162
4264,ذاكرة الجسد,"أحلام مستغانمي, Ahlam Mosteghanemi",3.87,179,3.9090835581127106
4265,Vinegar Hill,A. Manette Ansay,3.36,375,3.7559424423214858
4266,"Startide Rising (The Uplift Saga, #2)",David Brin,4.04,327,3.927298666849736
4267,"Significance (Significance, #1)",Shelly Crane,4.13,338,3.9396807485626075
4268,Pompeii,Robert   Harris,3.79,291,3.865029076695852
4269,"The Guilty (Will Robie, #4)",David Baldacci,4.12,246,3.9140554445366385
4270,A History of Western Philosophy,Bertrand Russell,4.05,198,3.9233964162683073
4271,The Complete Stories and Poems,Lewis Carroll,4.34,406,4.038086919588103
4272,How to Be a Domestic Goddess: Baking and the Art of Comfort Cooking,Nigella Lawson,4.0,163,3.9214004917312644
4273,Le Morte d'Arthur: King Arthur and the Legends of the Round Table,"Thomas Malory, Keith Baines, Robert Graves",3.92,494,3.9094650185406485
4274,A Piece of Cake,Cupcake Brown,4.15,157,3.921047843073811
4275,Taran Wanderer (The Chronicles of Prydain #4),Lloyd Alexander,4.14,413,3.9619765772563906
4276,"Brimstone (Pendergast, #5; Diogenes, #1)","Douglas Preston, Lincoln Child",4.12,360,3.950280646979554
4277,Rebecca of Sunnybrook Farm,Kate Douglas Wiggin,3.85,426,3.892558849867775
4278,"Devil in Winter (Wallflowers, #3)",Lisa Kleypas,4.26,291,3.960183022186235
4279,"The Dead and the Gone (Last Survivors, #2)",Susan Beth Pfeffer,3.84,310,3.8761439176961736
4280,"White: The Great Pursuit (The Circle, #3)",Ted Dekker,4.3,244,3.953252320819074
4281,The Darkest Passion (Lords of the Underworld #5),Gena Showalter,4.37,244,3.986250986830448
4282,Pygmy,Chuck Palahniuk,2.96,310,3.6828942364239468
4283,"Revenge Wears Prada: The Devil Returns (The Devil Wears Prada, #2)",Lauren Weisberger,2.84,304,3.655337384991314
4284,Selected Stories,"Anton Chekhov, Richard Pevear, Larissa Volokhonsky",4.36,241,3.9686324354764
4285,"Empire of the Summer Moon: Quanah Parker and the Rise and Fall of the Comanches, the Most Powerful Indian Tribe in American History",S.C. Gwynne,4.13,251,3.930424984659126
4286,Smiley's People,John le Carré,4.24,378,3.986149830291091
4287,"Redemption (Redemption, #1)","Karen Kingsbury, Gary Smalley",4.36,183,3.965097396422363
4288,A Northern Light,Jennifer Donnelly,3.83,341,3.895101084955372
4289,"Apollyon (Left Behind, #5)","Tim LaHaye, Jerry B. Jenkins",3.97,304,3.8716009435711163
4290,"Whose Body?  (Lord Peter Wimsey, #1)",Dorothy L. Sayers,3.91,290,3.9268294093332017
4291,Alice's Adventures in Wonderland: A Pop-Up Adaptation,"Robert Sabuda, Lewis Carroll",4.33,246,3.986270266102929
4292,Michelangelo and the Pope's Ceiling,Ross King,3.82,140,3.912457229828529
4293,"Stolen (Women of the Otherworld, #2)",Kelley Armstrong,4.16,333,3.9718610193237347
4294,"Hour Game (Sean King & Michelle Maxwell, #2)",David Baldacci,3.94,350,3.9127081490835836
4295,"The Cruelest Month (Chief Inspector Armand Gamache, #3)",Louise Penny,4.15,316,3.951491866966923
4296,"Ballet Shoes (Shoes, #1)","Noel Streatfeild, Diane Goode",4.06,325,3.934509586489475
4297,"Piano/Vocal/Guitar Sheet Music: The Chronicles of Narnia: The Lion, the Witch and The Wardrobe",Harry Gregson-Williams,4.32,171,3.967747562008886
4298,We the Living,"Ayn Rand, Leonard Peikoff",3.89,288,3.8633911874566556
4299,"The Winner's Crime (The Winner's Trilogy, #2)",Marie Rutkoski,4.17,355,3.9449080183303638
4300,The Ladies' Room,Carolyn Brown,3.9,163,3.8767343709838515
4301,100 Selected Poems,E.E. Cummings,4.32,346,4.023859844422858
4302,"Such a Pretty Fat: One Narcissist's Quest to Discover If Her Life Makes Her Ass Look Big, or Why Pie Is Not the Answer",Jen Lancaster,4.06,288,3.91923808522959
4303,"Forest of Secrets (Warriors, #3)",Erin Hunter,4.4,190,3.9565184853992608
4304,The Little Stranger,Sarah Waters,3.51,370,3.7970826811214646
4305,"Night Broken (Mercy Thompson, #8)",Patricia Briggs,4.42,329,4.024128589771819
4306,"Snow Like Ashes (Snow Like Ashes, #1)",Sara Raasch,3.98,282,3.9257452510036295
4307,We Are Not Ourselves,Matthew  Thomas,3.7,346,3.8417200291833895
4308,"Red Lily (In the Garden, #3)",Nora Roberts,4.07,349,3.919843902793832
4309,Reviving Ophelia: Saving the Selves of Adolescent Girls,Mary Pipher,3.86,447,3.8921018131522196
4310,"Lords of the North (The Saxon Stories, #3)",Bernard Cornwell,4.32,275,3.9618066931509706
4311,"Just Ella (The Palace Chronicles, #1)",Margaret Peterson Haddix,3.75,297,3.8764078254536027
4312,"Eyes Wide Open (The Blackstone Affair, #3)",Raine Miller,4.14,253,3.923545161893956
4313,China Dolls,Lisa See,3.58,376,3.799150087092853
4314,Megan Meade's Guide to the McGowan Boys,Kate Brian,3.93,198,3.8929240952931927
4315,Bread and Jam for Frances,"Russell Hoban, Lillian Hoban",4.2,452,3.999643007132639
4316,Half Asleep in Frog Pajamas,Tom Robbins,3.73,376,3.8621199515148796
4317,Mirror Mirror,Gregory Maguire,3.27,413,3.7234778638941863
4318,More Than This,Patrick Ness,4.03,243,3.9230079958846393
4319,Child of God,Cormac McCarthy,3.86,295,3.8735289639684183
4320,"As Sure as the Dawn (Mark of the Lion, #3)",Francine Rivers,4.39,252,3.9807423588232957
4321,Lexicon,Max Barry,3.9,318,3.904169579218186
4322,One Fifth Avenue,"Candace Bushnell, Donna Murphy",3.33,284,3.7919943184747713
4323,El Deafo,"Cece Bell, David Lasky",4.13,166,3.9408878262962244
4324,"Down London Road (On Dublin Street, #2)",Samantha Young,4.24,354,3.9768084993434187
4325,"The Walking Dead, Vol. 03: Safety Behind Bars","Robert Kirkman, Charlie Adlard",4.31,279,3.988636524732822
4326,"Flow My Tears, the Policeman Said",Philip K. Dick,3.93,324,3.9045518051868693
4327,The Last Sin Eater,Francine Rivers,4.06,219,3.906679968943477
4328,A Knight in Shining Armor,Jude Deveraux,4.23,251,3.973043583136035
4329,"Rot & Ruin (Rot & Ruin, #1)",Jonathan Maberry,4.1,248,3.933779514487578
4330,The Trial and Death of Socrates,"Plato, G.M.A. Grube, John M. Cooper",4.06,253,3.932615140265546
4331,Heavier Than Heaven: A Biography of Kurt Cobain,Charles R. Cross,4.09,131,3.9133815912015613
4332,History of the Peloponnesian War,"Thucydides, Rex Warner, Moses I. Finley",3.87,284,3.8855543813034266
4333,The Red Badge of Courage and Selected Short Fiction  ,"Stephen Crane, George Stade, Richard Fusco",3.64,498,3.8524800575240468
4334,"Sandman Slim (Sandman Slim, #1)",Richard Kadrey,3.93,291,3.896973615539052
4335,The Last Child,John Hart,4.09,312,3.9346091808232977
4336,Labyrinths:  Selected Stories and Other Writings,"Jorge Luis Borges, Donald A. Yates, James E. Irby, André Maurois",4.46,335,4.0207333732875385
4337,Fortune's Rocks,Anita Shreve,3.86,350,3.865658550965567
4338,The Price of Salt,Patricia Highsmith,3.93,215,3.892795298890996
4339,"Tiger's Quest (The Tiger Saga, #2)",Colleen Houck,4.34,259,3.9787516713281503
4340,"Friday Night Bites (Chicagoland Vampires, #2)",Chloe Neill,4.15,284,3.9681877214659615
4341,The Undercover Economist,Tim Harford,3.79,179,3.8855420293846885
4342,The Oath,Frank E. Peretti,4.06,237,3.909981853201586
4343,"Rumors (Luxe, #2)",Anna Godbersen,3.85,330,3.8665280279034677
4344,The Day the Crayons Quit,"Drew Daywalt, Oliver Jeffers",4.41,180,3.9988364923491933
4345,"Princess in Waiting (The Princess Diaries, #4)",Meg Cabot,3.66,401,3.7884128758253386
4346,Kisses from Katie: A Story of Relentless Love and Redemption,"Katie J. Davis, Beth Clark",4.4,141,3.96625844285371
4347,The Heretic's Daughter,Kathleen Kent,3.77,372,3.868850918342207
4348,The Magic Mountain,"Thomas Mann, John E. Woods",4.14,315,3.9313965629255723
4349,Chasing the Dime,Michael Connelly,3.96,372,3.9165221159199946
4350,"A Thousand Pieces of You (Firebird, #1)",Claudia Gray,3.94,228,3.9172174114482763
4351,Pictures of Hollis Woods,Patricia Reilly Giff,4.0,256,3.928578486766419
4352,"The Reality Dysfunction (Night's Dawn, #1)",Peter F. Hamilton,4.14,264,3.9504377764609897
4353,The Sands of Time,Sidney Sheldon,3.73,266,3.8336564202050805
4354,NW,Zadie Smith,3.41,325,3.793009553273505
4355,"Eighth Grade Bites (The Chronicles of Vladimir Tod, #1)",Heather Brewer,3.92,227,3.894420010333694
4356,The Paradox of Choice: Why More Is Less,Barry Schwartz,3.84,174,3.908747899684418
4357,Blood and Chocolate,Annette Curtis Klause,3.77,327,3.869579566471576
4358,"Nine Dragons (Harry Bosch, #15; Mickey Haller, #3; Harry Bosch Universe, #18)",Michael Connelly,3.97,384,3.935701131843385
4359,"Women in Love (Brangwen Family, #2)",D.H. Lawrence,3.66,412,3.848908673329528
4360,Second Chance,Jane Green,3.53,278,3.8096532130169427
4361,The Postman,David Brin,3.87,387,3.9122167297534656
4362,Summerland,Elin Hilderbrand,3.85,298,3.8954321048113423
4363,The Patron Saint of Liars,Ann Patchett,3.76,410,3.873242331976739
4364,The Success Principles: How to Get from Where You Are to Where You Want to Be,"Jack Canfield, Janet Switzer",4.26,113,3.9315064413072043
4365,"Knight (Unfinished Hero, #1)",Kristen Ashley,3.94,375,3.8748905552257487
4366,Business Model Generation,"Alexander Osterwalder, Yves Pigneur",4.16,86,3.9308357265597467
4367,The Swerve: How the World Became Modern,Stephen Greenblatt,3.83,217,3.900105403666075
4368,"The Autobiography of Henry VIII: With Notes by His Fool, Will Somers",Margaret George,4.25,287,3.9886984805715304
4369,Stranger than Fiction,Chuck Palahniuk,3.56,305,3.841390480403021
4370,The Brain That Changes Itself: Stories of Personal Triumph from the Frontiers of Brain Science,Norman Doidge,4.2,184,3.9658559558327404
4371,The Ringworld Engineers (Ringworld #2),Larry Niven,3.86,320,3.878969059883095
4372,"I Hunt Killers (Jasper Dent, #1)",Barry Lyga,4.02,154,3.918621959486328
4373,"Crashed (Driven, #3)",K. Bromberg,4.56,247,4.004496097906962
4374,Kitchens of the Great Midwest,J. Ryan Stradal,3.77,307,3.891358354429239
4375,Stone Soup,"Ann McGovern, Winslow Pinney Pels, Winslow Pinn, Ey Pels",4.28,455,4.029607583038346
4376,شيكاجو,"Alaa Al Aswany, علاء الأسواني",3.41,257,3.8020018649847684
4377,"12th of Never (Women's Murder Club, #12)","James Patterson, Maxine Paetro",3.99,325,3.9132513655368415
4378,"Promise of Blood (Powder Mage, #1)",Brian  McClellan,4.16,326,3.9411918479337498
4379,"Black Order (Sigma Force, #3)",James Rollins,4.14,279,3.9536882618670646
4380,"Fractured (Will Trent, #2)",Karin Slaughter,4.18,284,3.9449684358004555
4381,The Sun Is Also a Star,Nicola Yoon,4.14,282,3.965408794736106
4382,The Murder House,"James Patterson, David Ellis",4.05,218,3.9180556965905797
4383,On the Beach,Nevil Shute,3.92,413,3.923691257479826
4384,Funny Girl,Nick Hornby,3.37,345,3.7622876027946033
4385,New York,Edward Rutherfurd,4.1,322,3.9503543104190957
4386,"A Gathering of Shadows (Shades of Magic, #2)","V.E. Schwab, Victoria Schwab",4.33,310,3.9841758575740505
4387,From the Corner of His Eye,Dean Koontz,4.0,396,3.9342874329395467
4388,"Blind Willow, Sleeping Woman","Haruki Murakami, Philip Gabriel, Jay Rubin",3.83,286,3.896622301399855
4389,Barefoot Contessa Back to Basics,"Ina Garten, Quentin Bacon",4.23,188,3.9805724479592244
4390,To Have and to Hold,Jane Green,3.61,258,3.829254870710288
4391,Smashed: Story of a Drunken Girlhood,Koren Zailckas,3.5,267,3.819952518857602
4392,Until I Find You,John Irving,3.61,344,3.8303596933297954
4393,"The Dark Divine (The Dark Divine, #1)",Bree Despain,3.81,239,3.8776983587279696
4394,"Heat: An Amateur's Adventures as Kitchen Slave, Line Cook, Pasta-Maker, and Apprentice to a Dante-Quoting Butcher in Tuscany",Bill Buford,3.89,293,3.89575597674785
4395,Women Who Run With the Wolves: Myths and Stories of the Wild Woman Archetype,Clarissa Pinkola Estés,4.15,235,3.9246924896082858
4396,"Calling on Dragons (Enchanted Forest Chronicles, #3)","Patricia C. Wrede, Peter de Sève",4.2,321,3.9896205159146123
4397,"Now, Discover Your Strengths","Marcus Buckingham, Donald O. Clifton",3.95,186,3.911013160025329
4398,The Long Tail: Why the Future of Business is Selling Less of More,Chris Anderson,3.83,156,3.9224854303244836
4399,Mein Kampf,Adolf Hitler,3.13,165,3.7787982461477796
4400,Swapping Lives,Jane Green,3.56,271,3.8356075797854388
4401,"A Rule Against Murder (Chief Inspector Armand Gamache, #4)",Louise Penny,4.21,311,3.9654109036026335
4402,"The Perfect Hope (Inn Boonsboro, #3)",Nora Roberts,4.14,288,3.9274108019768486
4403,"Consequences (Consequences, #1)",Aleatha Romig,3.97,290,3.898943943781954
4404,The 7 Habits of Highly Effective Teens: The Ultimate Teenage Success Guide,Sean Covey,4.01,149,3.9228295197040604
4405,"The Strange Case of Origami Yoda (Origami Yoda, #1)",Tom Angleberger,3.9,190,3.9032454794881466
4406,"Welcome to Temptation (Dempseys, #1)",Jennifer Crusie,3.94,291,3.9051296680096566
4407,Inside Out & Back Again,Thanhha Lai,4.09,203,3.953312571779518
4408,"Dreamless (Starcrossed, #2)",Josephine Angelini,4.2,260,3.9378027359179386
4409,"Predestined (Existence Trilogy, #2)",Abbi Glines,4.09,339,3.921290910644775
4410,The Lord of the Rings: The Return of the King: Visual Companion,Jude Fisher,4.59,144,3.991253704253271
4411,"The Art of the Start: The Time-Tested, Battle-Hardened Guide for Anyone Starting Anything",Guy Kawasaki,3.82,111,3.901972648139555
4412,"The Other Wes Moore: One Name, Two Fates","Wes  Moore, Tavis Smiley",3.77,250,3.880037251305745
4413,"Mistress of the Art of Death (Mistress of the Art of Death, #1)",Ariana Franklin,3.95,331,3.9056555816466663
4414,"Assholes Finish First (Tucker Max, #2)",Tucker Max,3.64,192,3.853105939330035
4415,美少女戦士セーラームーン新装版 1 [Bishōjo Senshi Sailor Moon Shinsōban 1],"Naoko Takeuchi, 武内 直子",4.28,142,3.9556963476840408
4416,Kiss an Angel,Susan Elizabeth Phillips,4.21,301,3.966527563992849
4417,The Upside of Irrationality: The Unexpected Benefits of Defying Logic at Work and at Home,Dan Ariely,4.0,200,3.9191605307126043
4418,The Partly Cloudy Patriot,"Sarah Vowell, Katherine Streeter",3.9,332,3.901089255136287
4419,"My Father's Dragon (My Father's Dragon, #1)",Ruth Stiles Gannett,4.09,310,3.9526385831997635
4420,Natchez Burning,Greg Iles,4.12,352,3.961115499929914
4421,Pulp,Charles Bukowski,3.68,179,3.89804846652145
4422,"Hannibal Rising (Hannibal Lecter, #4)",Thomas Harris,3.44,357,3.7647936515596223
4423,"Immortal in Death (In Death, #3)",J.D. Robb,4.26,326,3.9790329154501807
4424,"Infinity (Chronicles of Nick, #1)",Sherrilyn Kenyon,4.04,312,3.909145132039541
4425,"Blood Noir (Anita Blake, Vampire Hunter #16)",Laurell K. Hamilton,3.85,396,3.88290127548221
4426,Inherent Vice,Thomas Pynchon,3.71,280,3.860588427407113
4427,Songs of the Humpback Whale,Jodi Picoult,3.19,350,3.744767222467887
4428,"The Night Eternal (The Strain Trilogy, #3)","Guillermo del Toro, Chuck Hogan",3.67,323,3.8545980712716075
4429,"Bright Lights, Big City",Jay McInerney,3.74,346,3.8430303875664076
4430,Whiskey Beach,Nora Roberts,3.96,252,3.9053391611691732
4431,The Guy Not Taken: Stories,Jennifer Weiner,3.46,309,3.7847426848469805
4432,"The Walking Dead, Vol. 08: Made to Suffer",Robert Kirkman,4.47,261,4.007921515675159
4433,Pleasure of a Dark Prince (Immortals After Dark #9),Kresley Cole,4.41,289,4.003686980563947
4434,Danny and the Dinosaur (An I Can Read Book),Syd Hoff,4.0,403,3.930156812065059
4435,The Decameron,"Giovanni Boccaccio, G.H. McWilliam",3.86,344,3.9064601984797003
4436,"Twisted (Pretty Little Liars, #9)",Sara Shepard,4.05,213,3.8976654565008304
4437,"The Crossing (Harry Bosch, #20; Mickey Haller, #7; Harry Bosch Universe, #25)",Michael Connelly,4.21,295,3.944023100754157
4438,Dear Life: Stories,Alice Munro,3.75,299,3.8907708244051964
4439,Five Little Monkeys Jumping on the Bed,Eileen Christelow,4.09,315,3.929390276561632
4440,"Kushiel's Avatar (Phèdre's Trilogy, #3)",Jacqueline Carey,4.37,292,3.9982457926663093
4441,The Aleph and Other Stories ,"Jorge Luis Borges, Andrew Hurley",4.39,201,3.9872708901343716
4442,"Ruin (Ruin, #1)",Rachel Van Dyken,4.19,276,3.9515328438801127
4443,"The Long Goodbye (Philip Marlowe, #6)",Raymond Chandler,4.23,335,3.9857568009916235
4444,"Farewell, My Lovely (Philip Marlowe, #2)",Raymond Chandler,4.17,312,3.9553824837784677
4445,The Castle of Llyr (The Chronicles of Prydain #3),Lloyd Alexander,4.07,384,3.947847139642401
4446,"Fade Out (The Morganville Vampires, #7)",Rachel Caine,4.2,300,3.9509675609961543
4447,"The Cat Who Could Read Backwards (Cat Who..., #1)",Lilian Jackson Braun,3.84,280,3.8626427997963484
4448,"Charade (Games, #1)",Nyrae Dawn,3.98,329,3.916794063832642
4449,The Demigod Diaries,"Rick Riordan, Haley Riordan",4.19,276,3.9384860815371887
4450,"If You Stay (Beautifully Broken, #1)",Courtney Cole,3.94,286,3.90821610894265
4451,Neil Patrick Harris: Choose Your Own Autobiography,"Neil Patrick Harris, David Javerbaum, Antony Hare",3.86,230,3.8953536698167817
4452,"Death du Jour (Temperance Brennan, #2)",Kathy Reichs,3.96,290,3.903024743618722
4453,More Than a Carpenter,Josh McDowell,4.19,218,3.9559588647233124
4454,"Boneshaker (The Clockwork Century, #1)",Cherie Priest,3.5,322,3.805909126367974
4455,Rubyfruit Jungle,Rita Mae Brown,3.88,273,3.9060189090639286
4456,"Fallen in Love (Fallen, #3.5)",Lauren Kate,3.77,222,3.8455517938690775
4457,Sisters,Raina Telgemeier,4.29,122,3.928908301115417
4458,"The Never War (Pendragon, #3)",D.J. MacHale,4.12,279,3.9447798811365775
4459,"The Elf Queen of Shannara (Heritage of Shannara, #3)",Terry Brooks,4.02,319,3.901565584301079
4460,"Mattimeo (Redwall, #3)",Brian Jacques,4.02,389,3.9225242340805506
4461,"Nemesis Games (The Expanse, #5)",James S.A. Corey,4.37,297,3.982005875951132
4462,"A Return to Love: Reflections on the Principles of ""A Course in Miracles""",Marianne Williamson,4.29,188,3.956454929871086
4463,"First Family (Sean King & Michelle Maxwell, #4)",David Baldacci,3.98,358,3.920312865203541
4464,True Grit,Charles Portis,4.12,305,3.972003824508589
4465,Feel the Fear and Do It Anyway,Susan  Jeffers,4.01,199,3.9176519107827215
4466,"Mine (Real, #2)",Katy Evans,4.29,314,3.9614650876949793
4467,Memoirs of an Imaginary Friend,Matthew Dicks,4.1,241,3.937674861424476
4468,"Haroun and the Sea of Stories (Khalifa Brothers, #1)","Salman Rushdie, Paul Birkbeck",4.01,298,3.9231666647788725
4469,Whistling Past the Graveyard,Susan Crandall,4.04,315,3.9146775098927358
4470,"Poison Princess (The Arcana Chronicles, #1)",Kresley Cole,4.14,271,3.956878164778204
4471,"Tatiana and Alexander (The Bronze Horseman, #2)",Paullina Simons,4.3,255,3.967544959620015
4472,"The Emperor's Blades (Chronicle of the Unhewn Throne, #1)",Brian Staveley,4.15,280,3.9420785321801053
4473,Brick Lane,Monica Ali,3.38,342,3.790065874362877
4474,"Half Bad (The Half Bad Trilogy, #1)",Sally Green,3.8,257,3.8576617828863897
4475,Zorba the Greek,"Nikos Kazantzakis, Νίκος Καζαντζάκης",4.1,275,3.9226395111266457
4476,Sounder,"William H. Armstrong, James Barkley",3.96,442,3.952793737621037
4477,A Universe from Nothing: Why There Is Something Rather Than Nothing,"Lawrence M. Krauss, Richard Dawkins",3.92,150,3.9183772686932326
4478,Slash,"Slash, Anthony Bozza",3.96,122,3.9127829843681234
4479,"Archangel's Kiss (Guild Hunter, #2)",Nalini Singh,4.24,294,3.958907468318936
4480,"Rebel Belle (Rebel Belle, #1)",Rachel Hawkins,3.88,284,3.9039932258025045
4481,"The Mephisto Club (Rizzoli & Isles, #6)",Tess Gerritsen,4.01,300,3.8928712291715244
4482,The Scarlet Thread ,Francine Rivers,4.14,199,3.909676850969773
4483,It's a Magical World: A Calvin and Hobbes Collection,Bill Watterson,4.75,384,4.123005357375572
4484,"Avatar: The Last Airbender (The Promise, #1)","Gene Luen Yang, Bryan Konietzko, Michael Dante DiMartino, Gurihiru",4.24,163,3.9482001641797124
4485,Being and Nothingness,"Jean-Paul Sartre, Hazel E. Barnes, Mary Warnock, Richard Eyre",3.94,260,3.9169737419583472
4486,"Miecz przeznaczenia (Saga o Wiedźminie, #2)",Andrzej Sapkowski,4.4,193,3.9587979906375934
4487,Silent Spring,"Rachel Carson, Linda Lear, Edward O. Wilson",3.94,354,3.9012039891433274
4488,"Legion (Legion, #1)",Brandon Sanderson,4.13,376,3.9719959394349464
4489,Down the Rabbit Hole: Curious Adventures and Cautionary Tales of a Former Playboy Bunny,Holly Madison,3.4,176,3.83294055927347
4490,Kill Alex Cross (Alex Cross #18),James Patterson,4.0,359,3.917116403912562
4491,The Pearl That Broke Its Shell,Nadia Hashimi,4.12,311,3.9385886679692934
4492,"Behemoth (Leviathan, #2)","Scott Westerfeld, Keith Thompson",4.18,323,3.963026196063731
4493,The Sociopath Next Door,Martha Stout,3.75,222,3.8819206165175832
4494,"Y: The Last Man, Vol. 8: Kimono Dragons (Y: The Last Man, #8)","Brian K. Vaughan, Pia Guerra, Goran Sudžuka, José Marzán Jr.",4.22,350,3.9983122789927514
4495,Do-It-Yourself Book (Diary of a Wimpy Kid),Jeff Kinney,4.17,95,3.9140729871736903
4496,"Angels and Demons / The Da Vinci Code (Robert Langdon, #1-2)",Dan Brown,4.19,127,3.9169412380804767
4497,"The Tea Rose (The Tea Rose, #1)",Jennifer Donnelly,4.18,245,3.946970659189369
4498,"Moon Over Soho (Peter Grant, #2)",Ben Aaronovitch,4.1,246,3.937893346801239
4499,The Paris Architect,Charles Belfoure,3.98,263,3.920610601082663
4500,"Falling Kingdoms (Falling Kingdoms, #1)","Morgan Rhodes, Michelle Rowen",3.83,307,3.8732046530912445
4501,Ask and It Is Given: Learning to Manifest Your Desires,"Esther Hicks, Jerry Hicks, Wayne W. Dyer",4.18,155,3.956876567469937
4502,Island Beneath the Sea,"Isabel Allende, Margaret Sayers Peden",4.01,271,3.9052003586733326
4503,"The History of Tom Jones, a Foundling","Henry Fielding, Thomas Keymer, Alice Wakely",3.73,343,3.8722623780887595
4504,"Winesburg, Ohio",Sherwood Anderson,3.84,362,3.883561745796931
4505,"Beautiful Redemption (The Maddox Brothers, #2)",Jamie McGuire,4.15,304,3.9463836694351597
4506,"C is for Corpse  (Kinsey Millhone, #3)",Sue Grafton,3.87,373,3.8953307671039767
4507,"Y: The Last Man, Vol. 5: Ring of Truth (Y: The Last Man, #5)","Brian K. Vaughan, Pia Guerra, José Marzán Jr.",4.27,360,3.998972460262681
4508,Five Quarters of the Orange,Joanne Harris,3.83,361,3.8698613381837457
4509,2666,Roberto Bolaño,4.2,257,3.9536751412666855
4510,Microserfs,Douglas Coupland,3.88,308,3.8921032591161775
4511,How to Tell If Your Cat Is Plotting to Kill You,"Matthew Inman, The Oatmeal",3.95,169,3.913597628802051
4512,"Simple Genius (Sean King & Michelle Maxwell, #3)",David Baldacci,3.89,335,3.8788472781248644
4513,Light on Snow,Anita Shreve,3.56,353,3.8359207464570577
4514,"Vampire Mountain (Cirque Du Freak, #4)",Darren Shan,4.16,242,3.9264692965918635
4515,The Three Stigmata of Palmer Eldritch,Philip K. Dick,4.01,297,3.9176993708404573
4516,The Strange Library,"Haruki Murakami, Ted Goossen",3.55,240,3.868631472606215
4517,Deadeye Dick,Kurt Vonnegut Jr.,3.8,360,3.877567539143419
4518,"The Power (The Secret, #2)",Rhonda Byrne,4.09,122,3.9335155344717863
4519,"Ancestors of Avalon (Avalon, #5)","Diana L. Paxson, Marion Zimmer Bradley",3.89,165,3.9111107415019752
4520,Out Stealing Horses,"Per Petterson, Anne Born",3.79,314,3.88785202472235
4521,"Batman: Knightfall, Vol. 1: Broken Bat","Doug Moench, Chuck Dixon, Jim Aparo, Norm Breyfogle, Graham Nolan, Jim Balent",4.08,180,3.9157665813001596
4522,"Saga, Vol. 5 (Saga, #5)","Brian K. Vaughan, Fiona Staples",4.44,238,4.020036156343938
4523,"The Lions of Lucerne (Scot Harvath, #1)",Brad Thor,4.04,248,3.905074060451311
4524,One Past Midnight: The Langoliers,"Stephen King, Willem Dafoe",3.82,442,3.8621816436803353
4525,The Sign of the Beaver,Elizabeth George Speare,3.77,272,3.8832316191851595
4526,"Ask the Dust (Arturo Bandini, #3)","John Fante, Charles Bukowski",4.14,176,3.935425260298317
4527,All Over But the Shoutin',Rick Bragg,4.09,327,3.9511824325234572
4528,The Key to Midnight,"Leigh Nichols, Dean Koontz",3.93,352,3.8945489006999985
4529,Fairy Tales from the Brothers Grimm: A New English Version,"Philip Pullman, Jacob Grimm, Wilhelm Grimm",4.11,181,3.923174377831931
4530,"Debt of Bones (Sword of Truth, #0.5)",Terry Goodkind,3.85,330,3.8552719860574767
4531,The Joke,Milan Kundera,3.99,248,3.9141757897798835
4532,"The White Princess (The Plantagenet and Tudor Novels, #5)",Philippa Gregory,3.85,277,3.874711645194955
4533,Flight of the Intruder (Jake Grafton #1),Stephen Coonts,4.04,250,3.9240839547945234
4534,"Silver on the Tree (The Dark is Rising, #5)",Susan Cooper,4.16,366,3.9575873249321654
4535,National Velvet,Enid Bagnold,4.09,392,3.963376760505379
4536,"Losing My Virginity: How I've Survived, Had Fun, and Made a Fortune Doing Business My Way",Richard Branson,3.97,113,3.9106296145848662
4537,Lysistrata,"Aristophanes, Sarah Ruden",3.84,350,3.9035596161161914
4538,The Swan Thieves,Elizabeth Kostova,3.53,365,3.82619380090766
4539,"Iced (Fever, #6)",Karen Marie Moning,4.13,307,3.9505259736049267
4540,14,Peter Clines,3.92,286,3.896622301399855
4541,Okay for Now,Gary D. Schmidt,4.19,231,3.970535875109904
4542,"Assassins (Left Behind, #6)","Tim LaHaye, Jerry B. Jenkins",3.98,294,3.8720866041800224
4543,"Red Country (First Law World, #6)",Joe Abercrombie,4.27,304,3.980743300237558
4544,The Lords of Discipline,Pat Conroy,4.28,384,4.006020124364001
4545,Eat and Run: My Unlikely Journey to Ultramarathon Greatness,"Scott Jurek, Steve Friedman",3.95,143,3.9013203963897887
4546,"Broken (Will Trent, #4)",Karin Slaughter,4.2,268,3.950574660320795
4547,The Matchmaker,Elin Hilderbrand,3.82,280,3.870860289353289
4548,"The Mark (Left Behind, #8)","Tim LaHaye, Jerry B. Jenkins",4.02,279,3.887218036416506
4549,Belong to Me,Marisa de los Santos,3.84,365,3.890259030960077
4550,"The Darkest Hour (Warriors, #6)",Erin Hunter,4.52,171,3.9618273370403374
4551,"L.A. Confidential (L.A. Quartet, #3)",James Ellroy,4.2,300,3.983393420619204
4552,"The Beautiful Mystery (Chief Inspector Armand Gamache, #8)",Louise Penny,4.18,281,3.963332156670504
4553,"The Diamond Throne (The Elenium, #1)",David Eddings,3.93,406,3.874813894309152
4554,"Those Left Behind (Serenity, #1)","Joss Whedon, Brett Matthews, Will Conrad",4.04,241,3.914456680885533
4555,Terms of Endearment,Larry McMurtry,4.15,429,3.9884529177546804
4556,"Kiss of the Night (Dark-Hunter, #4)",Sherrilyn Kenyon,4.24,312,3.9768258932805787
4557,The Wedding Girl,Madeleine Wickham,3.47,218,3.7964794969195506
4558,He Chose the Nails,Max Lucado,4.37,148,3.9393339460533072
4559,"Entice (Need, #3)",Carrie Jones,4.03,256,3.9320596536535595
4560,"From Russia With Love (James Bond, #5)",Ian Fleming,3.88,280,3.8866104776707577
4561,The Tortilla Curtain,T.C. Boyle,3.64,309,3.8559170620711796
4562,"Darkest Mercy (Wicked Lovely, #5)",Melissa Marr,4.11,275,3.918516649860927
4563,Modern Lovers,Emma Straub,3.45,336,3.8109986681676498
4564,"Checkmate (Neighbor from Hell, #3)",R.L. Mathewson,4.15,312,3.9406401397457667
4565,"The Amazing Maurice and His Educated Rodents (Discworld, #28)",Terry Pratchett,4.04,428,3.932486029063363
4566,With the Old Breed: At Peleliu and Okinawa,"Eugene B. Sledge, Paul Fussell",4.4,177,3.977467973581822
4567,The Hundred Dresses,"Eleanor Estes, Louis Slobodkin",4.07,312,3.950691737949881
4568,"Lost Lake (Lost Lake, #1)",Sarah Addison Allen,3.85,286,3.8823005391411085
4569,"Hardwired (Hacker, #1)",Meredith Wild,4.07,191,3.902586801241601
4570,The Last Runaway,Tracy Chevalier,3.78,289,3.8777766831434066
4571,"Midnight Tides (The Malazan Book of the Fallen, #5)",Steven Erikson,4.34,317,3.996271475684637
4572,"The 100 (The 100, #1)",Kass Morgan,3.56,247,3.836346444715622
4573,"Hades (Halo, #2)",Alexandra Adornetto,3.97,207,3.9080352342987155
4574,"Y: The Last Man, Vol. 3: One Small Step (Y: The Last Man, #3)","Brian K. Vaughan, Pia Guerra, José Marzán Jr., Paul Chadwick",4.22,330,3.9757778458204376
4575,Bear Snores On,"Karma Wilson, Jane Chapman",4.25,275,3.9755495640366987
4576,"Talking as Fast as I Can: From Gilmore Girls to Gilmore Girls, and Everything in Between",Lauren Graham,4.04,252,3.9074336944373433
4577,Memoirs of a Teenage Amnesiac,Gabrielle Zevin,3.7,254,3.8671249254288553
4578,"Salamandastron (Redwall, #5)","Brian Jacques, Gary Chalk",4.05,341,3.909562400935126
4579,Servant of the Bones,Anne Rice,3.7,436,3.833828670755805
4580,"Ironside (Modern Faerie Tales, #3)",Holly Black,4.04,296,3.9372873267917137
4581,"Finnikin of the Rock (Lumatere Chronicles, #1)",Melina Marchetta,3.93,313,3.922599129808215
4582,The Return of the Native  ,"Thomas Hardy, Alexander Theroux",3.84,399,3.888822440665236
4583,Micro,"Michael Crichton, Richard   Preston",3.38,301,3.7552266796345153
4584,No Exit and Three Other Plays,"Jean-Paul Sartre, Stuart Gilbert, Lionel Abel",4.09,327,3.9432211772988834
4585,Foundation and Chaos (Second Foundation Trilogy #2),Greg Bear,4.14,265,3.9518558642099273
4586,Cover Her Face (Adam Dalgliesh #1),P.D. James,3.94,286,3.9307217353492514
4587,"Supernaturally (Paranormalcy, #2)",Kiersten White,3.92,249,3.886949752006302
4588,"First King of Shannara (The Original Shannara Trilogy, #0)",Terry Brooks,3.94,308,3.8692584025684384
4589,"Bury Your Dead (Chief Inspector Armand Gamache, #6)",Louise Penny,4.33,280,3.9817963983719835
4590,"The Overlook (Harry Bosch, #13; Harry Bosch Universe, #15)",Michael Connelly,3.91,383,3.9196681894342786
4591,أنت لي,منى المرشود,4.03,107,3.904775328627831
4592,The House of the Seven Gables,"Nathaniel Hawthorne, Robert S. Levine",3.45,451,3.792446074016188
4593,"Rising Storm (Warriors, #4)",Erin Hunter,4.38,180,3.94811238737235
4594,Love Warrior,Glennon Doyle Melton,4.1,228,3.9477506785078518
4595,"The Brutal Telling (Chief Inspector Armand Gamache, #5)",Louise Penny,4.23,303,3.9685952137413922
4596,"The Prisoner of Cell 25 (Michael Vey, #1)",Richard Paul Evans,4.19,220,3.9331695212044613
4597,The Souls of Black Folk,"W.E.B. Du Bois, Donald B. Gibson, Monica W. Elbert",4.24,219,3.9466999789484793
4598,I Never Promised You a Rose Garden,"Hannah  Green, Joanne Greenberg",3.85,383,3.8793688227100414
4599,"The Crimson Crown (Seven Realms, #4)",Cinda Williams Chima,4.48,302,4.023893463227826
4600,The Castaways,Elin Hilderbrand,3.69,251,3.8493797809981185
4601,"Year of Yes: How to Dance It Out, Stand In the Sun and Be Your Own Person",Shonda Rhimes,4.05,218,3.9194860048220037
4602,The Lover,"Marguerite Duras, Barbara Bray, Maxine Hong Kingston",3.76,265,3.8709038127327253
4603,"Eragon & Eldest (Inheritance, #1-2)",Christopher Paolini,4.27,263,3.9448605837612467
4604,"Burn (Breathless, #3)",Maya Banks,4.01,206,3.878393767974181
4605,The Power and the Glory,"Graham Greene, John Updike",3.99,334,3.921691395722517
4606,Paula,Isabel Allende,4.07,239,3.927723018771653
4607,"Lila (Gilead, #3)",Marilynne Robinson,3.9,332,3.885880632508502
4608,"The Scions of Shannara (Heritage of Shannara, #1)",Terry Brooks,3.97,324,3.88926230176335
4609,Behind the Scenes at the Museum,Kate Atkinson,3.94,315,3.9213651311058704
4610,Sweetbitter,Stephanie Danler,3.28,279,3.765927006470642
4611,"Romancing Mister Bridgerton (Bridgertons, #4)",Julia Quinn,4.2,266,3.946357796129854
4612,Tangerine,"Edward Bloor, Danny De Vito",3.61,235,3.875939575031871
4613,Hell House,Richard Matheson,3.81,265,3.872287608484472
4614,The Emperor's Children,Claire Messud,2.93,300,3.6915606840117596
4615,The Liar,Nora Roberts,3.95,225,3.870075628365906
4616,"The Third Victim (Quincy & Rainie, #2)",Lisa Gardner,4.16,234,3.949386467187024
4617,"The Wrong Side of Goodbye (Harry Bosch, #21; Harry Bosch Universe, #26)",Michael Connelly,4.36,220,3.972446818926378
4618,"Hell's Corner (Camel Club, #5)",David Baldacci,4.1,343,3.9536645969556927
4619,"Key of Valor (Key Trilogy, #3)",Nora Roberts,4.1,325,3.9438100581562527
4620,Barbarians at the Gate: The Fall of RJR Nabisco,"Bryan Burrough, John Helyar",4.22,187,3.960811292724791
4621,"Ancillary Sword (Imperial Radch, #2)",Ann Leckie,4.03,278,3.926913036098613
4622,Franz Kafka's The Castle (Dramatization),"David Fishelson, Aaron Leichter, Max Brod, Franz Kafka",4.07,311,3.9278597737159573
4623,"Timebound (The Chronos Files, #1)",Rysa Walker,3.87,228,3.872482624826108
4624,"The Girl Who Circumnavigated Fairyland in a Ship of Her Own Making (Fairyland, #1)","Catherynne M. Valente, Ana Juan",3.97,224,3.907724332793995
4625,"Twenty-Eight and a Half Wishes (Rose Gardner Mystery, #1)",Denise Grover Swank,3.9,128,3.872672384424526
4626,"NYPD Red (NYPD Red, #1)","James Patterson, Marshall Karp",3.9,240,3.896794536747594
4627,"The Book of the Dead (Pendergast, #7; Diogenes, #3)","Douglas Preston, Lincoln Child",4.13,313,3.9473764685880983
4628,Er ist wieder da,Timur Vermes,3.44,154,3.861663254547409
4629,The Expats,Chris Pavone,3.42,309,3.7860855976247954
4630,"Bare Bones (Temperance Brennan, #6)",Kathy Reichs,3.95,272,3.9107741379485006
4631,Beautiful Day,Elin Hilderbrand,3.75,264,3.8638906602109033
4632,"The Indwelling (Left Behind, #7)","Tim LaHaye, Jerry B. Jenkins",3.97,279,3.8831064760793583
4633,"Dexter in the Dark (Dexter, #3)",Jeff Lindsay,3.49,290,3.824809413414002
4634,The Glass Bead Game,"Hermann Hesse, Richard Winston, Clara Winston, Theodore Ziolkowski",4.11,300,3.930025859989602
4635,The Yellow Birds,Kevin Powers,3.74,297,3.877761646613828
4636,Just One Look,Harlan Coben,4.0,327,3.9465383669757887
4637,"The Proposal (The Proposition, #2)",Katie Ashley,4.04,272,3.9107741379485006
4638,"My Family and Other Animals (Corfu Trilogy, #1)","Gerald Durrell, Helma Lapiņa",4.27,254,3.9668251276180766
4639,Back Roads,Tawni O'Dell,3.72,307,3.8772388089441323
4640,Cathedral,Raymond Carver,4.3,230,3.9768966039442724
4641,Fantastic Beasts and Where to Find Them: The Original Screenplay,J.K. Rowling,4.41,216,3.9917047056811628
4642,The Body,"Stephen King, Robin A.H. Waterfield",4.26,460,4.011837639786994
4643,A Million Miles in a Thousand Years: What I Learned While Editing My Life,Donald Miller,4.18,191,3.942694728026404
4644,"Eona: The Last Dragoneye (Eon, #2)",Alison Goodman,4.12,240,3.9228453710783686
4645,"Eight Cousins (Eight Cousins, #1)",Louisa May Alcott,4.02,342,3.9260443280185293
4646,Chicken Soup with Rice: A Book of Months (The Nutshell Library),Maurice Sendak,4.25,411,4.015972651632381
4647,"R is for Ricochet (Kinsey Millhone, #18)",Sue Grafton,3.96,348,3.925680351071522
4648,"Prince of Wolves (The Grey Wolves, #1)",Quinn Loftis,4.06,200,3.921333971269005
4649,Diary of a Worm,"Doreen Cronin, Harry Bliss",4.19,255,3.94734012439393
4650,"The Grey King (The Dark Is Rising, #4)",Susan Cooper,4.18,391,3.957625711539876
4651,"Hunted (The Iron Druid Chronicles, #6)",Kevin Hearne,4.3,303,3.9665726963814514
4652,"Devoured (Devoured, #1)",Emily Snow,3.94,264,3.897817129780937
4653,The Complete Novels,Jane Austen,4.55,331,4.05254898467717
4654,The Book of Strange New Things,Michel Faber,3.66,275,3.8621708792294425
4655,Epic Fail,Claire LaZebnik,3.73,196,3.864431650470542
4656,"A Caress of Twilight (Merry Gentry, #2)",Laurell K. Hamilton,4.05,346,3.9177208153984195
4657,The Manchurian Candidate (Movie Tie-In Edition),Richard Condon,4.09,330,3.9420097202824653
4658,"Fudge-a-Mania (Fudge, #4)",Judy Blume,3.99,318,3.914848348490027
4659,"Nevermore (Maximum Ride, #8)",James Patterson,3.88,293,3.8719997831688096
4660,Operating Instructions: A Journal of My Son's First Year,Anne Lamott,4.18,284,3.962041439966269
4661,Pale Blue Dot: A Vision of the Human Future in Space,"Carl Sagan, Ann Druyan",4.32,231,3.9896671724952935
4662,"Simple Perfection (Rosemary Beach, #6; Perfection, #2)",Abbi Glines,4.25,316,3.959511649096175
4663,The Irresistible Revolution: Living as an Ordinary Radical,Shane Claiborne,4.07,182,3.9283691408225847
4664,"Brain Rules: 12 Principles for Surviving and Thriving at Work, Home, and School",John Medina,4.0,162,3.901227207436942
4665,"The Pilgrims of Rayne (Pendragon, #8)",D.J. MacHale,4.14,261,3.933682981018946
4666,The Hundred-Foot Journey,Richard C. Morais,3.54,310,3.8419226199708834
4667,Scorpia Rising (Alex Rider #9),Anthony Horowitz,4.29,228,3.966212653939223
4668,"Big Nate: In a Class by Himself (Big Nate Novels, #1)",Lincoln Peirce,4.16,145,3.943723896885692
4669,"Forever Princess (The Princess Diaries, #10)",Meg Cabot,4.08,271,3.9396522294099134
4670,The Melancholy Death of Oyster Boy and Other Stories,Tim Burton,4.13,196,3.9436294997766526
4671,"Breath, Eyes, Memory",Edwidge Danticat,3.86,304,3.88372787208961
4672,Journey to the End of the Night,"Louis-Ferdinand Céline, Ralph Manheim, William T. Vollmann",4.25,213,3.937857805600091
4673,"The Scarecrow (Jack McEvoy, #2)",Michael Connelly,4.03,335,3.9138238504207794
4674,The Humans,Matt Haig,4.07,230,3.949242913240167
4675,"Crocodile Tears (Alex Rider, #8)",Anthony Horowitz,4.18,231,3.9450274785960517
4676,1/4 جرام,Essam Youssef,4.02,196,3.9145660688386306
4677,For Women Only: What You Need to Know about the Inner Lives of Men,Shaunti Feldhahn,4.06,169,3.9195266290243884
4678,"Seize the Night (Moonlight Bay, #2)","Dean Koontz, Keith Szarabajka",4.07,404,3.9503990914237246
4679,A Quick Bite (Argeneau #1),Lynsay Sands,3.91,241,3.893349244031948
4680,"Key of Knowledge (Key Trilogy, #2)",Nora Roberts,4.09,325,3.9404884611324036
4681,"Ice Station (Shane Schofield, #1)",Matthew Reilly,4.1,205,3.925227229150803
4682,A Dangerous Fortune,Ken Follett,3.99,274,3.91158446025071
4683,The Well of Lost Plots (Thursday Next #3),Jasper Fforde,4.09,378,3.9450794330633427
4684,The Wealth of Nations,Adam Smith,3.87,270,3.887207667753297
4685,Canada,Richard Ford,3.49,282,3.8313733710884277
4686,"The Big Over Easy (Nursery Crime, #1)",Jasper Fforde,3.92,338,3.903456023541202
4687,"The Seeing Stone (The Spiderwick Chronicles, #2)","Holly Black, Tony DiTerlizzi",3.87,245,3.889438911487131
4688,"Stalingrad: The Fateful Siege, 1942–1943",Antony Beevor,4.29,173,3.9641005546017936
4689,"Beast Master, Vol. 1 (Beast Master, #1)",Kyousuke Motomi,4.21,151,3.932710343681069
4690,"Giggle, Giggle, Quack","Doreen Cronin, Betsy Lewin",4.19,283,3.9879842004664843
4691,West with the Night,Beryl Markham,4.18,315,3.971522290204379
4692,The Cellist of Sarajevo,Steven Galloway,4.02,285,3.936816543057809
4693,"Smooth Talking Stranger (Travises, #3)",Lisa Kleypas,4.17,210,3.9463549453661853
4694,If You Ask Me (And of Course You Won't),Betty White,3.65,175,3.8638067442947
4695,Discourse on Method and Meditations on First Philosophy,"René Descartes, Donald A. Cress",3.67,236,3.8626119328832926
4696,"The Defector (Gabriel Allon, #9)",Daniel Silva,4.28,255,3.9877497948461
4697,In One Person,John Irving,3.65,315,3.8384386280630025
4698,"Rilla of Ingleside (Anne of Green Gables, #8)",L.M. Montgomery,4.16,348,3.9629766934126853
4699,The Wisdom of Crowds,James Surowiecki,3.8,174,3.915393399204465
4700,"Still Life With Crows (Pendergast, #4)","Douglas Preston, Lincoln Child",4.18,310,3.968742723305782
4701,The Fog,James Herbert,3.87,192,3.893184639322748
4702,Unlimited Power : The New Science Of Personal Achievement,"Anthony Robbins, Kenneth H. Blanchard, Jason Winters",4.21,145,3.926369335654272
4703,"Fever Dream (Pendergast, #10)","Douglas Preston, Lincoln Child",4.09,347,3.955095449841293
4704,Why Be Happy When You Could Be Normal?,Jeanette Winterson,3.94,207,3.9210100775193597
4705,"Outpost (Razorland, #2)",Ann Aguirre,4.12,285,3.9299920020081944
4706,Can't We Talk about Something More Pleasant?,Roz Chast,4.1,185,3.965148524531317
4707,The Long Hard Road Out of Hell,"Marilyn Manson, Neil Strauss",3.88,134,3.8968403564959346
4708,BookRags Summary:  A Storm of Swords,BookRags,4.59,225,4.026625831169578
4709,"Lyle, Lyle, Crocodile",Bernard Waber,4.13,447,3.975675831464762
4710,"Etiquette & Espionage (Finishing School, #1)",Gail Carriger,3.79,252,3.887186539511699
4711,Death With Interruptions,"José Saramago, Margaret Jull Costa",3.97,228,3.899465511995035
4712,"Sandry's Book (Circle of Magic, #1)",Tamora Pierce,3.99,402,3.9288486889607577
4713,Sole Survivor,Dean Koontz,3.77,409,3.8687581202684247
4714,Britt-Marie Was Here,"Fredrik Backman, Henning Koch, سمانه پرهیزکاری",4.07,278,3.9248558462199874
4715,Velvet Elvis: Repainting the Christian Faith,Rob Bell,3.77,205,3.8761403887552204
4716,Kim,"Rudyard Kipling, Edward Said",3.72,372,3.8617646592428057
4717,"The Shunning (The Heritage of Lancaster County, #1)",Beverly  Lewis,4.13,144,3.9142318814034636
4718,"Written in Red (The Others, #1)",Anne Bishop,4.29,296,3.9901221164686085
4719,The Seven-Percent Solution,Nicholas Meyer,4.14,268,3.9540269837344524
4720,"Gregor and the Marks of Secret (Underland Chronicles, #4)",Suzanne Collins,4.21,319,3.9695973324502147
4721,The Prodigal God: Recovering the Heart of the Christian Faith,Timothy J. Keller,4.39,146,3.97166348529187
4722,Toujours Provence,Peter Mayle,4.0,294,3.929062796271184
4723,The Lost Painting,Jonathan Harr,3.71,143,3.8816725463179984
4724,The Light in the Ruins,Chris Bohjalian,3.65,300,3.8617964470327686
4725,My Beloved World,Sonia Sotomayor,4.03,198,3.921219821912942
4726,"A Deepness in the Sky (Zones of Thought, #2)",Vernor Vinge,4.32,243,3.983430956609715
4727,Critique of Pure Reason,"Immanuel Kant, Paul Guyer, Allen W. Wood",3.92,234,3.887164873465748
4728,"A Murder Is Announced (Miss Marple, #5)",Agatha Christie,3.96,320,3.9022977274829085
4729,Gnomes,"Rien Poortvliet, Wil Huygen",4.01,225,3.944792770613113
4730,"Undead and Unemployed (Undead, #2)",MaryJanice Davidson,3.93,303,3.916009762382935
4731,Gates of Fire: An Epic Novel of the Battle of Thermopylae,Steven Pressfield,4.4,215,3.977364925494594
4732,"The Little Lady Agency (The Little Lady Agency, #1)",Hester Browne,3.74,183,3.885877855602294
4733,On Liberty,John Stuart Mill,3.93,236,3.899327318041804
4734,Not My Father's Son,Alan Cumming,4.0,195,3.9210479753818133
4735,"Nigella Express: Good Food, Fast",Nigella Lawson,3.96,162,3.904952157150121
4736,The Dead Key,D.M. Pulley,3.79,187,3.8664647703814867
4737,"Simply Irresistible (Lucky Harbor, #1)",Jill Shalvis,3.92,148,3.8813651137112157
4738,"Gabriel's Redemption (Gabriel's Inferno, #3)",Sylvain Reynard,4.23,242,3.9285785562417264
4739,"Scott Pilgrim, Volume 5: Scott Pilgrim Vs. the Universe",Bryan Lee O'Malley,4.33,268,3.9975262587465354
4740,Better: A Surgeon's Notes on Performance,Atul Gawande,4.19,200,3.931476693865542
4741,"Leave Me Breathless (Ross Siblings, #3)",Cherrie Lynn,4.26,215,3.9565808647191334
4742,"Play (Stage Dive, #2)",Kylie Scott,4.33,289,3.9853108831025708
4743,"Twilight and Philosophy: Vampires, Vegetarians, and the Pursuit of Immortality","Rebecca Housel, J. Jeremy Wisnewski, William Irwin",4.39,89,3.9538464354704224
4744,Games People Play,Eric Berne,3.81,215,3.8884951483857284
4745,"Mitosis (The Reckoners, #1.5)",Brandon Sanderson,3.87,361,3.896462259483947
4746,La Dame aux Camélias,"Alexandre Dumas fils, David Coward",3.97,189,3.9060960202604305
4747,The Wedding Dress,Rachel Hauck,3.83,168,3.8519745461266837
4748,Fish: A Proven Way to Boost Morale and Improve Results,"Stephen C. Lundin, Harry Paul, John Christensen, Kenneth H. Blanchard",3.92,213,3.911302146373794
4749,"D-Day, June 6, 1944: The Battle for the Normandy Beaches",Stephen E. Ambrose,4.25,222,3.9646418601886952
4750,A Long Walk to Water: Based on a True Story,Linda Sue Park,4.23,206,3.9613483953997024
4751,"Light (Gone, #6)",Michael  Grant,4.4,253,3.977965032123496
4752,Stuck-Up Suit,"Vi Keeland, Penelope Ward",4.14,196,3.929824370081092
4753,"To Your Scattered Bodies Go (Riverworld, #1)",Philip José Farmer,3.94,314,3.900567008326713
4754,Midnight Bayou,Nora Roberts,3.96,296,3.902064133673784
4755,Winter's Tale,Mark Helprin,3.5,369,3.822769818977995
4756,The Doomsday Conspiracy,Sidney Sheldon,3.59,218,3.8293765862423
4757,"Rapture in Death (In Death, #4)","J.D. Robb, Susan Ericksen",4.26,314,3.984218216250156
4758,Common Sense,Thomas Paine,3.97,313,3.9205901563936294
4759,Falling Leaves: The Memoir of an Unwanted Chinese Daughter,Adeline Yen Mah,3.88,273,3.902578463182142
4760,رحلتي من الشك إلى الإيمان,مصطفى محمود,4.03,141,3.9072256720976366
4761,"Whispers at Moonrise (Shadow Falls, #4)",C.C. Hunter,4.38,231,3.9655759091210996
4762,"The 4-Hour Body: An Uncommon Guide to Rapid Fat-Loss, Incredible Sex, and Becoming Superhuman",Timothy Ferriss,3.76,170,3.8944066359643097
4763,The Elementary Particles,"Michel Houellebecq, Frank Wynne",3.78,182,3.8733151879487684
4764,"Beauty from Surrender (Beauty, #2)",Georgia Cates,4.13,249,3.9317269156528423
4765,Dracula (Marvel Illustrated),"Roy Thomas, Dick Giordano, Mark D. Beazley, Bram Stoker",3.93,117,3.911676004426584
4766,"The Adventures of Captain Underpants (Captain Underpants, #1)",Dav Pilkey,3.84,185,3.8552825610068173
4767,"How Children Succeed: Grit, Curiosity, and the Hidden Power of Character",Paul Tough,3.91,197,3.9131759823877204
4768,The Fountains of Paradise,Arthur C. Clarke,3.96,285,3.914295557594081
4769,The Bastard of Istanbul,Elif Shafak,3.79,208,3.8850517039131365
4770,Two Boys Kissing,David Levithan,4.11,118,3.9356214130344354
4771,"The Doomsday Key (Sigma Force, #6)",James Rollins,4.16,265,3.955315353589295
4772,The Ruins,Scott B. Smith,3.5,335,3.8128537454910627
4773,"A Dangerous Path (Warriors, #5)",Erin Hunter,4.42,173,3.950799734384547
4774,"Dances with Wolves (Dances with Wolves, #1)",Michael Blake,4.19,260,3.961408929072143
4775,"Bloodhound (Beka Cooper, #2)",Tamora Pierce,4.26,334,3.991030364222814
4776,"The Night Angel Trilogy (Night Angel, #1-3)",Brent Weeks,4.42,288,3.991430416497042
4777,A Rose for Emily and Other Stories,William Faulkner,4.06,292,3.941192203044629
4778,The Holy Bible: English Standard Version,Anonymous,4.66,99,3.9776575318866625
4779,"A Morbid Taste for Bones (Chronicles of Brother Cadfael, #1)",Ellis Peters,3.99,273,3.8963856605949267
4780,The Lives of the Artists,"Giorgio Vasari, Julia Conway Bondanella, Peter Bondanella",3.78,130,3.9087363813955642
4781,"Unleash the Night (Dark Hunter, #8; Were-Hunter, #2)",Sherrilyn Kenyon,4.34,289,3.9873526717093903
4782,"Syren (Septimus Heap, #5)",Angie Sage,4.1,266,3.9235409531512184
4783,"Metro 2033 (METRO, #1)","Dmitry Glukhovsky, M. David Drevs",3.98,138,3.8963948119112546
4784,The Slap,Christos Tsiolkas,3.16,236,3.770823469987014
4785,"The Art Spirit: Notes, Articles, Fragments of Letters and Talks to Students, Bearing on the Concept and Technique of Picture Making, the Study of Art (Icon Editions)","Robert Henri, Forbes Watson, Margery A. Ryerson",3.87,104,3.915453772905557
4786,"Brilliance (Brilliance Saga, #1)",Marcus Sakey,3.95,251,3.8919983794750275
4787,Life and Other Near-Death Experiences,Camille Pagán,3.82,224,3.8799524891708375
4788,The Fortress of Solitude,Jonathan Lethem,3.87,315,3.8885957871615116
4789,The Darkest Evening of the Year,Dean Koontz,3.71,381,3.857437571602259
4790,"Authority (Southern Reach, #2)",Jeff VanderMeer,3.55,288,3.8272950218229296
4791,"The Wrath of Mulgarath (The Spiderwick Chronicles, #5)","Holly Black, Tony DiTerlizzi",3.92,283,3.9011940685728197
4792,The Scrapbook of Frankie Pratt,Caroline Preston,3.72,76,3.9103854816067876
4793,Bee Season,Myla Goldberg,3.55,414,3.8070734996817457
4794,"Indelible (Grant County, #4)",Karin Slaughter,4.19,245,3.938551379037822
4795,Night Chills,Dean Koontz,3.86,359,3.890480920251158
4796,Be Here Now,"Ram Dass, Richard Alpert",4.27,191,3.9616548388701287
4797,"Trace (Kay Scarpetta, #13)",Patricia Cornwell,3.76,353,3.8770085961929217
4798,"Genghis: Birth of an Empire (Conqueror, #1)",Conn Iggulden,4.34,216,3.957328139040756
4799,"The Ruby Knight (The Elenium, #2)",David Eddings,3.96,356,3.9039362628019316
4800,The Thief of Always,Clive Barker,4.18,292,3.948663506447468
4801,"Kiss of Crimson (Midnight Breed, #2)",Lara Adrian,4.17,248,3.9568839043216464
4802,"The Keepsake (Rizzoli & Isles, #7)",Tess Gerritsen,4.09,267,3.93395790820328
4803,The Everything Store: Jeff Bezos and the Age of Amazon,Brad Stone,4.06,145,3.912032958984839
4804,"The Air He Breathes (Elements, #1)",Brittainy C. Cherry,4.2,196,3.947989014417356
4805,Kiss of a Demon King (Immortals After Dark #7),Kresley Cole,4.35,292,4.000283420867084
4806,"The Bonehunters (Malazan Book of the Fallen, #6)",Steven Erikson,4.42,295,4.005027642203354
4807,"Forever My Girl (The Beaumont Series, #1)",Heidi McLaughlin,4.04,281,3.9099550267177223
4808,"The Glass Magician (The Paper Magician Trilogy, #2)",Charlie N. Holmberg,3.87,249,3.887649395188279
4809,Chanakya's Chant,Ashwin Sanghi,3.68,140,3.8761018560498424
4810,The Naked and the Dead,Norman Mailer,3.94,381,3.9112388910155684
4811,Battle Cry of Freedom,James M. McPherson,4.32,204,3.9742955143701564
4812,The Little Mermaid,"Michael Teitelbaum, Sue DiCicco",4.36,260,4.012092814373816
4813,Lifeguard,"James Patterson, Andrew Gross",3.76,336,3.872991677466601
4814,Because of Mr. Terupt,Rob Buyea,4.34,164,3.951958104993385
4815,Blubber,Judy Blume,3.78,424,3.8450522224911845
4816,"One Grave at a Time (Night Huntress, #6)",Jeaniene Frost,4.25,338,4.0015920967810095
4817,"Apollyon (Covenant, #4)",Jennifer L. Armentrout,4.4,326,4.026168280251349
4818,"I Heart New York (I Heart, #1)",Lindsey Kelk,3.84,104,3.87963659623344
4819,"Airhead (Airhead, #1)",Meg Cabot,3.77,299,3.8495351048080897
4820,"Beauty's Release (Sleeping Beauty, #3)","A.N. Roquelaure, Anne Rice",3.71,298,3.8649917341152724
4821,"Jessica's Guide to Dating on the Dark Side (Jessica, #1)",Beth Fantaskey,3.85,251,3.8752304063037846
4822,"Complete Poems, 1904-1962",E.E. Cummings,4.35,334,4.016124467108636
4823,Execution: The Discipline of Getting Things Done,"Larry Bossidy, Ram Charan, Charles Burck",3.83,158,3.8770210569697436
4824,Smoke Gets in Your Eyes: And Other Lessons from the Crematory,Caitlin Doughty,4.04,155,3.9164362169868996
4825,"The Rembrandt Affair (Gabriel Allon, #10)",Daniel Silva,4.26,282,3.9777181703772193
4826,The Call of Cthulhu,H.P. Lovecraft,4.05,195,3.9297733443922107
4827,20th Century Ghosts,"Joe Hill, Christopher Golden",3.95,281,3.9448554578406947
4828,Ghostwritten,David Mitchell,4.06,296,3.923739944823279
4829,The One That Got Away,Simon Wood,3.77,172,3.8612861647139
4830,"The Ruby Circle (Bloodlines, #6)",Richelle Mead,4.22,370,3.951246391371094
4831,Where the Mountain Meets the Moon,Grace Lin,4.24,213,3.9558008185908324
4832,"Swallows and Amazons (Swallows and Amazons, #1)",Arthur Ransome,3.98,300,3.9273237050210144
4833,"Rock Hard (Sinners on Tour, #2)",Olivia Cunning,4.11,250,3.9324738030781003
4834,How to Build a Girl,Caitlin Moran,3.69,211,3.879549543982324
4835,"Sang Pemimpi (Tetralogi Laskar Pelangi, #2)",Andrea Hirata,4.09,158,3.930073436854672
4836,The Know-It-All: One Man's Humble Quest to Become the Smartest Person in the World,A.J. Jacobs,3.77,318,3.8741355406411317
4837,"Touch & Go (Tessa Leoni, #2)",Lisa Gardner,4.05,262,3.9274889277838225
4838,The Double Bind,Chris Bohjalian,3.62,327,3.831763604154851
4839,Summer Rental,Mary Kay Andrews,3.78,215,3.878461463873437
4840,The Ice Twins,S.K. Tremayne,3.68,166,3.8673529529396173
4841,"The Edge of Always (The Edge of Never, #2)",J.A. Redmerski,4.02,301,3.8888930537653463
4842,The Virgin Blue,Tracy Chevalier,3.65,344,3.8205191107673078
4843,Salt Sugar Fat: How the Food Giants Hooked Us,Michael Moss,3.98,196,3.923285098120037
4844,"Half Magic (Tales of Magic, #1)","Edward Eager, N.M. Bodecker",3.94,375,3.9083246193934333
4845,"Dawn of the Dreadfuls (Pride and Prejudice and Zombies, #0.5)","Steve Hockensmith, Jane Austen, Patrick Arrasmith",3.47,204,3.8377644156198856
4846,"Live to Tell (Detective D.D. Warren, #4)",Lisa Gardner,4.18,260,3.950994432092347
4847,Lilly's Purple Plastic Purse,Kevin Henkes,4.2,309,3.9787935812412596
4848,"84, Charing Cross Road",Helene Hanff,4.19,313,3.9701448339533965
4849,"Father Mine (Black Dagger Brotherhood, #6.5)",J.R. Ward,4.51,311,4.021067042541814
4850,Peace Is Every Step: The Path of Mindfulness in Everyday Life,"Thich Nhat Hanh, Arnold Kotler, Dalai Lama XIV",4.34,193,3.9740896239296637
4851,"Electric Daisy, Vol. 1 (Dengeki Daisy, #1)",Kyousuke Motomi,4.3,169,3.9595473805251666
4852,Scrappy Little Nobody,Anna Kendrick,3.91,238,3.908635183348098
4853,The Einstein Prophecy,Robert Masello,3.58,139,3.8494787239768113
4854,"Started Early, Took My Dog (Jackson Brodie, #4)",Kate Atkinson,3.89,288,3.8994873530903815
4855,Batman: A Death in the Family,"Jim Starlin, Jim Aparo, Mike DeCarlo",4.05,187,3.9191232944800753
4856,TransAtlantic,Colum McCann,3.81,315,3.889264549282825
4857,"Eternal Kiss of Darkness (Night Huntress World, #2)",Jeaniene Frost,4.21,292,3.981944767060115
4858,"The Spellman Files (The Spellmans, #1)",Lisa Lutz,3.88,304,3.9012445466163226
4859,Books of Blood: Volumes One to Three (Books of Blood #1-3),Clive Barker,4.16,273,3.9417995462345057
4860,"The Judas Strain (Sigma Force, #4)",James Rollins,4.15,247,3.9666624259389107
4861,Searching for God Knows What,Donald Miller,3.92,188,3.904565724287515
4862,The Missing Piece,Shel Silverstein,4.27,328,3.9876796927286398
4863,Fatherland,Robert   Harris,3.96,226,3.907855564632445
4864,"Freedom™ (Daemon, #2)",Daniel Suarez,4.27,225,3.964005750048109
4865,The Bridge of San Luis Rey,Thornton Wilder,3.8,386,3.8776845307684398
4866,White Nights,Fyodor Dostoyevsky,4.05,141,3.929173753532587
4867,"Skin Trade (Anita Blake, Vampire Hunter #17)",Laurell K. Hamilton,3.9,373,3.9056314173325224
4868,Jesus the Christ,James E. Talmage,4.63,238,4.0376628925774565
4869,Disney's the Lion King,Don Ferguson,4.49,209,4.006058648630683
4870,Shirley,"Charlotte Brontë, Lucasta Miller, collaborative, Jessica Cox",3.71,221,3.884690844603302
4871,"Born in Ice (Born In Trilogy, #2)",Nora Roberts,4.13,316,3.9488186062571726
4872,Villa Incognito,Tom Robbins,3.65,318,3.820741694281925
4873,The Sellout,Paul Beatty,3.8,274,3.8806417386664425
4874,"Fables, Vol. 4: March of the Wooden Soldiers","Bill Willingham, Mark Buckingham, Craig Hamilton, Steve Leialoha, P. Craig Russell",4.29,300,4.002308505399316
4875,Night School,"Lee Child, Dick Hill",3.96,180,3.9157665813001596
4876,"The Silent Girl (Rizzoli & Isles, #9)",Tess Gerritsen,4.13,275,3.938443812645233
4877,Horton Hatches the Egg,Dr. Seuss,4.14,390,3.951867337796986
4878,"A Shade of Blood (A Shade of Vampire, #2)",Bella Forrest,4.01,185,3.888974789820997
4879,Beyond Belief: My Secret Life Inside Scientology and My Harrowing Escape,"Jenna Miscavige Hill, Lisa Pulitzer",3.72,194,3.8780595798170756
4880,Apology,"Plato, James J. Helm",4.15,179,3.9429245056592417
4881,"Preacher, Volume 3: Proud Americans","Garth Ennis, Steve Dillon, Penn Jillette",4.27,274,3.989972688264187
4882,"The Wolf Gift (The Wolf Gift Chronicles, #1)",Anne Rice,3.52,276,3.7997783976808406
4883,The Little Red Hen (Little Golden Book),"Diane Muldrow, J.P. Miller",4.2,351,3.988517782630842
4884,Lethal,Sandra Brown,4.04,224,3.9134211212295145
4885,The Terror,Dan Simmons,4.0,292,3.9289664338399835
4886,Madeline's Rescue,Ludwig Bemelmans,4.24,417,4.010904201178619
4887,"Game Change: Obama and the Clintons, McCain and Palin, and the Race of a Lifetime","John Heilemann, Mark Halperin",4.1,226,3.9213661953655743
4888,"Garden of Shadows (Dollanganger, #5)",V.C. Andrews,3.88,260,3.841989363703817
4889,"A Perfect Blood (The Hollows, #10)",Kim Harrison,4.38,333,4.026047234879144
4890,Joni: An Unforgettable Story,"Joni Eareckson Tada, Joe Musser",4.23,196,3.9458092570970043
4891,"War of the Twins (Dragonlance: Legends, #2)","Margaret Weis, Tracy Hickman",4.11,294,3.935845676282037
4892,"Cross Fire (Alex Cross, #17)",James Patterson,4.04,382,3.953541112809708
4893,Brunelleschi's Dome: How a Renaissance Genius Reinvented Architecture,Ross King,3.84,184,3.902819966680794
4894,Creative Visualization: Use the Power of Your Imagination to Create What You Want in Your Life,Shakti Gawain,4.13,159,3.933112282940795
4895,"Metro Girl (Alex Barnaby, #1)",Janet Evanovich,3.6,320,3.836310924843436
4896,"Never Never: Part Three (Never Never, #3)","Colleen Hoover, Tarryn Fisher",3.48,296,3.8099419362884284
4897,"Second Grave on the Left (Charley Davidson, #2)",Darynda Jones,4.29,284,3.972968162632389
4898,Katherine,"Anya Seton, Philippa Gregory",4.18,263,3.9635677132561544
4899,A Short History of Tractors in Ukrainian,Marina Lewycka,3.37,258,3.8181306268112407
4900,Where They Found Her,Kimberly McCreight,3.83,273,3.8791834311859956
4901,"Industrial Magic (Women of the Otherworld, #4)",Kelley Armstrong,4.12,291,3.9459099303626775
4902,"Le Petit Nicolas (Le petit Nicolas, #1)","René Goscinny, Jean-Jacques Sempé",4.13,208,3.945557358310601
4903,"The Atlantis Plague (The Origin Mystery, #2)",A.G. Riddle,3.88,210,3.8823399845663578
4904,We Were Soldiers Once... and Young: Ia Drang - The Battle that Changed the War in Vietnam,"Harold G. Moore, Joseph L. Galloway",4.29,216,3.957328139040756
4905,Whiteout,Ken Follett,3.54,293,3.8081974346993874
4906,A Distant Mirror:  The Calamitous 14th Century,Barbara W. Tuchman,4.11,261,3.9572727957695184
4907,Heat,Mike Lupica,3.97,82,3.914772463394286
4908,The Game: Penetrating the Secret Society of Pickup Artists,Neil Strauss,3.73,181,3.8673453908342084
4909,"N is for Noose (Kinsey Millhone, #14)",Sue Grafton,3.97,356,3.9234636988495786
4910,Just Like Heaven (Smythe-Smith Quartet #1),Julia Quinn,3.93,173,3.910158339276293
4911,"Percy Jackson and the Olympians Boxed Set (Percy Jackson and the Olympians, #1-5)","Rick Riordan, Tk",4.57,181,3.9892876519081817
4912,"Catch Me (Detective D.D. Warren, #6)",Lisa Gardner,4.17,242,3.958108191339807
4913,"The Shop on Blossom Street (Blossom Street, #1)",Debbie Macomber,4.04,165,3.9192873563834145
4914,"Starless Night (Forgotten Realms: Legacy of the Drow, #2; Legend of Drizzt, #8)",R.A. Salvatore,4.12,276,3.926812662598783
4915,"Night Fall (John Corey, #3)",Nelson DeMille,4.07,288,3.9253676227900343
4916,"Trials of Death (Cirque Du Freak, #5)",Darren Shan,4.25,232,3.9394018838367253
4917,"The Bourne Objective (Jason Bourne, #8)","Eric Van Lustbader, Robert Ludlum",4.07,225,3.944792770613113
4918,"The Score (Off-Campus, #3)",Elle Kennedy,4.27,249,3.97720372248136
4919,"Even Now (Lost Love, #1)",Karen Kingsbury,4.26,131,3.9309214371559578
4920,Testimony,Anita Shreve,3.54,302,3.8073381100604515
4921,"Magic Rises (Kate Daniels, #6)",Ilona Andrews,4.49,300,4.030681132569484
4922,"Whispers Under Ground (Peter Grant, #3)",Ben Aaronovitch,4.16,219,3.9531317662707117
4923,"Unlucky 13 (Women’s Murder Club, #13)","James Patterson, Maxine Paetro",3.94,257,3.882012996968349
4924,The Best Laid Plans,Sidney Sheldon,3.66,246,3.833427245700489
4925,Nation,Terry Pratchett,4.05,374,3.9430079653494228
4926,"Secrets of a Summer Night (Wallflowers, #1)",Lisa Kleypas,4.05,254,3.9312677128512914
4927,"Red: The Heroic Rescue (The Circle, #2)",Ted Dekker,4.3,224,3.9547228373870307
4928,"A Trick of the Light (Chief Inspector Armand Gamache, #7)",Louise Penny,4.29,270,3.97822331968738
4929,"White Hot Kiss (The Dark Elements, #1)",Jennifer L. Armentrout,4.28,248,3.9946910876864856
4930,Pandora Hearts 1巻,"Jun Mochizuki, 望月淳",4.2,147,3.931754147926322
4931,At the Mountains of Madness and Other Tales of Terror,H.P. Lovecraft,4.25,274,3.9837841439473336
4932,Lit,Mary Karr,3.88,296,3.886484644410084
4933,"Dragonsdawn (Pern, #9)",Anne McCaffrey,4.17,312,3.92924832844777
4934,Mockingbird,Kathryn Erskine,4.18,206,3.946921503673525
4935,28 حرف,أحمد حلمي,3.1,145,3.8146965068607916
4936,I Kissed Dating Goodbye,Joshua Harris,3.61,155,3.825819876089723
4937,"The Egypt Game (Game, #1)",Zilpha Keatley Snyder,3.81,376,3.896175082273731
4938,Ellen Foster,Kaye Gibbons,3.75,385,3.8756898233837647
4939,The Complete Stories,"Franz Kafka, Nahum N. Glatzer, John Updike, Willa Muir, Edwin Muir, Tania Stern, James Stern, Ernst Kaiser, Eithne Wilkins",4.34,246,3.984166921785464
4940,Veganomicon: The Ultimate Vegan Cookbook,"Isa Chandra Moskowitz, Terry Hope Romero",3.98,134,3.9417311729001043
4941,"Test of the Twins (Dragonlance: Legends, #3)","Margaret Weis, Tracy Hickman",4.16,298,3.944813150607189
4942,Wise Blood,Flannery O'Connor,3.88,276,3.898659122806158
4943,Kürk Mantolu Madonna,Sabahattin Ali,4.49,67,3.936997739551517
4944,"Running with the Demon (Word & Void, #1)",Terry Brooks,3.95,256,3.9125651190855724
4945,In His Steps,Charles M. Sheldon,4.15,178,3.949508415329903
4946,Lothaire (Immortals After Dark #12),Kresley Cole,4.43,274,4.003725008968306
4947,"Knuffle Bunny Too: A Case of Mistaken Identity (Knuffle Bunny, #2)",Mo Willems,4.28,244,3.9679964056326664
4948,"The Whole Truth (A. Shaw, #1)",David Baldacci,4.0,310,3.919088291312224
4949,"Stolen Innocence: My Story of Growing Up in a Polygamous Sect, Becoming a Teenage Bride, and Breaking Free of Warren Jeffs","Elissa Wall, Lisa Pulitzer",3.89,194,3.888974227273963
4950,Out of the Easy,Ruta Sepetys,4.05,260,3.9357198365219794
4951,Batman: The Man Who Laughs,"Ed Brubaker, Doug Mahnke, Patrick Zircher, Aaron Sowd, Steve Bird",4.09,140,3.9268478986159256
4952,"Midnight (Warriors: The New Prophecy, #1)",Erin Hunter,4.26,170,3.9314354443772546
4953,The Hard Thing About Hard Things: Building a Business When There Are No Easy Answers,Ben Horowitz,4.2,155,3.940400869124996
4954,"The Fallen Star (Fallen Star, #1)",Jessica Sorensen,3.91,204,3.8760509142112314
4955,"The Illearth War (The Chronicles of Thomas Covenant the Unbeliever, #2)",Stephen R. Donaldson,3.99,301,3.9145461962753036
4956,My Booky Wook,Russell Brand,3.42,187,3.82916498247832
4957,"Shadow Spell (The Cousins O'Dwyer Trilogy, #2)",Nora Roberts,4.0,223,3.9083711826000194
4958,Just My Type: A Book About Fonts,Simon Garfield,3.79,119,3.916429831865318
4959,"Promises in Death (In Death, #28)",J.D. Robb,4.4,302,4.009051663322274
4960,Love Is a Dog from Hell,Charles Bukowski,4.16,163,3.9310781512265374
4961,"The Fifth Season (The Broken Earth, #1)",N.K. Jemisin,4.31,300,3.9840689593613505
4962,The Zombie Room,R.D. Ronald,3.61,81,3.9020195675434928
4963,The Analyst,John Katzenbach,4.12,109,3.9235377961239486
4964,Shades of Grey,Jasper Fforde,4.14,297,3.9339452247631543
4965,"That Was Then, This Is Now",S.E. Hinton,3.89,297,3.8926536793763
4966,"The Mysterious Benedict Society and the Prisoner's Dilemma (The Mysterious Benedict Society, #3)","Trenton Lee Stewart, Del Roy",4.28,243,3.953219476247177
4967,The Family Fang,Kevin    Wilson,3.6,289,3.858039393277484
4968,The Pursuit of Happyness,Chris Gardner,4.17,167,3.9290560977826816
4969,Min kamp 1 (Min kamp #1),Karl Ove Knausgård,4.08,173,3.91163620818932
4970,"A Red Herring Without Mustard (Flavia de Luce, #3)",Alan Bradley,4.07,311,3.9399297797509605
4971,No Ordinary Time: Franklin and Eleanor Roosevelt: The Home Front in World War II,Doris Kearns Goodwin,4.2,195,3.979217102117798
4972,Straight Man,Richard Russo,4.02,333,3.917013996261553
4973,The Moviegoer,Walker Percy,3.7,309,3.86128871318244
4974,The Cherry Orchard,"Anton Chekhov, Tom    Murphy",3.68,313,3.85429403371232
4975,"11 Birthdays (Willow Falls, #1)",Wendy Mass,4.18,165,3.9401005578998047
4976,Unfinished Tales of Númenor and Middle-Earth,"J.R.R. Tolkien, Christopher Tolkien",3.93,239,3.9185635739749225
4977,"Sisterhood Everlasting (Sisterhood, #5)",Ann Brashares,3.9,332,3.889848099280967
4978,Infinity Welcomes Careful Drivers (Red Dwarf #1),Grant Naylor,4.03,238,3.9234416417842537
4979,Coyote Blue,Christopher Moore,3.75,329,3.8724026240923655
4980,فوضى الحواس,"أحلام مستغانمي, Ahlam Mosteghanemi",3.83,161,3.8981713863733747
4981,Orthodoxy,G.K. Chesterton,4.23,163,3.942989116759181
4982,Fancy Nancy,"Jane O'Connor, Robin Preiss Glasser",4.15,258,3.945364166406596
4983,The Heart of the Matter,Graham Greene,3.98,296,3.9257720521185444
4984,"The Long Haul (Diary of a Wimpy Kid, #9)",Jeff Kinney,4.33,114,3.940058163132664
4985,"Talking to Dragons (Enchanted Forest Chronicles, #4)","Patricia C. Wrede, Peter de Sève",4.19,304,3.977374708982421
4986,Sail,"James Patterson, Howard Roughan",3.8,313,3.8857679505408202
4987,The Sleeper and the Spindle,"Neil Gaiman, Chris Riddell",3.9,192,3.8990142684125972
4988,A Fall of Marigolds,Susan Meissner,4.04,276,3.9130792285536002
4989,"Beauty's Punishment (Sleeping Beauty, #2)","A.N. Roquelaure, Anne Rice",3.62,288,3.8565805901672734
4990,"The Negotiator (O'Malley, #1)",Dee Henderson,4.32,187,3.938138872626788
4991,Can Love Happen Twice?,Ravinder Singh,3.31,67,3.8415916624249236
4992,"A Lion Among Men (The Wicked Years, #3)","Gregory Maguire, Douglas Smith",3.29,307,3.748818180960538
4993,"Shadow of a Dark Queen (The Serpentwar Saga, #1)",Raymond E. Feist,4.02,292,3.899760429628885
4994,This Boy's Life,Tobias Wolff,3.98,307,3.9263210384876004
4995,"Patient Zero (Joe Ledger, #1)",Jonathan Maberry,3.98,214,3.9235582590135607
4996,Death Comes for the Archbishop,Willa Cather,3.88,367,3.8845842955746184
4997,"Fair Game (Alpha & Omega, #3)",Patricia Briggs,4.34,291,4.007759994931426
4998,"The Son of Sobek (Percy Jackson & Kane Chronicles Crossover, #1)",Rick Riordan,4.26,216,3.960192852927457
4999,Tartuffe,"Molière, Martin Sorrell",3.66,275,3.8711037453051658
5000,Passion Unleashed (Demonica #3),Larissa Ione,4.32,189,3.9762048349832817
5001,"High School Debut, Vol. 01 (High School Debut, #1)",Kazune Kawahara,4.11,158,3.93380951994516
5002,في ديسمبر تنتهي كل الأحلام,أثير عبدالله النشمي,3.33,140,3.8412612895119342
5003,Just for You (Little Critter),Mercer Mayer,4.25,328,3.9863536965740285
5004,Amazonia,James Rollins,4.11,284,3.943602595467191
5005,Feeling Good: The New Mood Therapy,David D. Burns,3.95,155,3.912691740090322
5006,Blue Smoke,Nora Roberts,3.97,288,3.9015305322771963
5007,"Predator (Kay Scarpetta, #14)",Patricia Cornwell,3.67,333,3.869435855773877
5008,Codependent No More: How to Stop Controlling Others and Start Caring for Yourself,Melody Beattie,4.13,204,3.9295075348859405
5009,Oblomov,"Ivan Goncharov, Stephen Pearl, Galya Diment",4.0,159,3.909965863169273
5010,"Inca Gold (Dirk Pitt, #12)",Clive Cussler,3.96,249,3.8701583156388497
5011,Delicious!,Ruth Reichl,3.75,264,3.869429675650909
5012,NurtureShock: New Thinking About Children,"Po Bronson, Ashley Merryman",4.04,239,3.9249047280649667
5013,"Wild Fire (John Corey, #4)",Nelson DeMille,3.99,297,3.9136379073597833
5014,Two Little Girls in Blue,Mary Higgins Clark,3.85,224,3.877104094953078
5015,"Daughter of the Empire (The Empire Trilogy, #1)","Raymond E. Feist, Janny Wurts",4.24,271,3.954811052534009
5016,"Everlost (Skinjacker, #1)",Neal Shusterman,3.94,217,3.895811408103204
5017,Dreams of a Dark Warrior (Immortals After Dark #11),Kresley Cole,4.39,248,3.988389890459012
5018,"Theodore Boone: Kid Lawyer (Theodore Boone, #1)","John Grisham, Richard Thomas",3.72,230,3.8627364961657857
5019,"Jimmy Corrigan, the Smartest Kid on Earth",Chris Ware,4.1,214,3.961570164629282
5020,"A Year Down Yonder (A Long Way from Chicago, #2)",Richard Peck,4.1,306,3.95923923874225
5021,"Own the Wind (Chaos, #1)",Kristen Ashley,4.22,306,3.955202368662186
5022,Marina,Carlos Ruiz Zafón,3.99,170,3.9077370069929698
5023,My Name Is Memory,Ann Brashares,3.7,254,3.8817662138622375
5024,Written on the Body,Jeanette Winterson,4.08,225,3.9284261585018196
5025,"Tiger's Voyage (The Tiger Saga, #3)",Colleen Houck,4.35,228,3.957691742201667
5026,"Dead and Alive (Dean Koontz's Frankenstein, #3)",Dean Koontz,4.01,262,3.9399689943441776
5027,Genome: the Autobiography of a Species in 23 Chapters,Matt Ridley,4.02,174,3.935329897764607
5028,The Going-To-Bed Book,Sandra Boynton,4.22,257,3.994028581745361
5029,"Knocked Out by My Nunga-Nungas (Confessions of Georgia Nicolson, #3)",Louise Rennison,3.97,227,3.9043681379539596
5030,"Desecration (Left Behind, #9)","Tim LaHaye, Jerry B. Jenkins",4.0,251,3.8933957105726313
5031,Redeployment,Phil Klay,3.98,293,3.931050892922424
5032,Going Bovine,Libba Bray,3.65,278,3.85491139034671
5033,The Postman Always Rings Twice,James M. Cain,3.81,273,3.907395087416643
5034,"The Dead-Tossed Waves (The Forest of Hands and Teeth, #2)",Carrie Ryan,3.91,258,3.8890476816676682
5035,Shadow Divers,Robert Kurson,4.26,222,3.9653549743582737
5036,Moon Over Manifest,Clare Vanderpool,4.02,244,3.9441250302201833
5037,The Glass Palace,Amitav Ghosh,3.94,245,3.908382291828112
5038,Chopsticks,"Jessica Anthony, Rodrigo Corral",3.72,84,3.888805885108445
5039,Every Fifteen Minutes,Lisa Scottoline,3.72,251,3.851475777644524
5040,"The Eye of Minds (The Mortality Doctrine, #1)",James Dashner,3.85,190,3.866027352070793
5041,"4:50 from Paddington (Miss Marple, #8)",Agatha Christie,3.92,301,3.892943549951129
5042,"Ceremony in Death (In Death, #5)",J.D. Robb,4.26,290,3.975799007374418
5043,"Cockroaches (Harry Hole, #2)","Jo Nesbø, Don Bartlett",3.71,270,3.8596271671672118
5044,"Grave Surprise (Harper Connelly, #2)",Charlaine Harris,3.88,335,3.8973254672623288
5045,"City of the Beasts (Eagle and Jaguar, #1)","Isabel Allende, Margaret Sayers Peden",3.69,210,3.82767552365864
5046,أولاد حارتنا,"Naguib Mahfouz, نجيب محفوظ",4.1,219,3.9338364043040146
5047,"The Scar (Bas-Lag, #2)",China Miéville,4.15,278,3.946113474965787
5048,"Haunted (The Mediator, #5)",Meg Cabot,4.15,353,3.93896646484224
5049,"Dragondrums (Harper Hall, #3)",Anne McCaffrey,4.04,334,3.920370653465368
5050,The Story of Beautiful Girl,Rachel Simon,3.92,291,3.8765834843625417
5051,"Galileo's Daughter: A Historical Memoir of Science, Faith and Love",Dava Sobel,3.74,283,3.8431061850219415
5052,Mila 18,Leon Uris,4.27,329,3.9631731799792
5053,Drawing from Memory,Allen Say,3.81,68,3.9106122571037467
5054,"Sea of Poppies (Ibis Trilogy, #1)",Amitav Ghosh,3.93,231,3.916684815802882
5055,Nightfall,"Isaac Asimov, Robert Silverberg",4.01,312,3.9406401397457667
5056,How I Became a Pirate,"Melinda Long, David Shannon",4.07,270,3.933405006234991
5057,"The Monkey Wrench Gang (Monkey Wrench Gang, #1)",Edward Abbey,4.08,234,3.922518051716473
5058,Last Night in Twisted River,John Irving,3.74,324,3.8633366220452086
5059,"Love Wins: A Book About Heaven, Hell, and the Fate of Every Person Who Ever Lived",Rob Bell,3.54,175,3.8615932122353773
5060,"Bite Club (The Morganville Vampires, #10)",Rachel Caine,4.23,239,3.96154250725189
5061,A Matter of Honor,Jeffrey Archer,3.9,234,3.891407254855835
5062,Mr. Perfect,Linda Howard,4.07,231,3.913141982953736
5063,"Up to Me (The Bad Boys, #2)",M. Leighton,4.12,224,3.919830008219474
5064,"Waking Up Married (Waking Up, #1)",Mira Lyn Kelly,3.53,143,3.842376846174418
5065,No Time for Goodbye (No Time For Goodbye #1),Linwood Barclay,4.0,197,3.924066855835771
5066,"Ida B. . . and Her Plans to Maximize Fun, Avoid Disaster, and (Possibly) Save the World",Katherine Hannigan,3.86,186,3.9102812563438536
5067,"The Dragon Keeper (Rain Wild Chronicles, #1)",Robin Hobb,3.93,351,3.882072278810558
5068,A Sand County Almanac and Sketches Here and There,Aldo Leopold,4.24,209,3.961431858160662
5069,Lassie Come-Home,"Eric Knight, Marguerite Kirmse",4.16,300,3.973260339487001
5070,"The China Study: The Most Comprehensive Study of Nutrition Ever Conducted And the Startling Implications for Diet, Weight Loss, And Long-term Health","T. Colin Campbell, Thomas M. Campbell II",4.21,168,3.9424588597067474
5071,The Gruffalo,"Julia Donaldson, Axel Scheffler",4.47,194,3.9952101291876643
5072,"The Salmon of Doubt (Dirk Gently, #3)",Douglas Adams,3.92,297,3.895361321696749
5073,The City and the Stars,Arthur C. Clarke,4.08,265,3.9400936003200773
5074,"Tokyo Ghoul, tome 1 (Tokyo Ghoul, #1)","Sui Ishida, 石田 スイ",4.43,77,3.9406802517637853
5075,"How to Train Your Dragon (How to Train Your Dragon, #1)",Cressida Cowell,3.85,238,3.885367891519853
5076,Brief Interviews with Hideous Men,David Foster Wallace,3.88,253,3.8816837232558483
5077,All Around the Town,Mary Higgins Clark,3.94,227,3.907921040675483
5078,"L.A. Candy (L.A. Candy, #1)",Lauren Conrad,3.36,170,3.821089595306678
5079,The Siren,Kiera Cass,3.78,245,3.833310377143484
5080,The Quiet Game,Greg Iles,4.17,302,3.965875518142486
5081,American Sphinx: The Character of Thomas Jefferson,Joseph J. Ellis,3.9,137,3.916053503790031
5082,Headhunters,"Jo Nesbø, Don Bartlett",3.78,200,3.888732362922993
5083,"The Messenger (Gabriel Allon, #6)",Daniel Silva,4.18,206,3.9526922603639956
5084,The Sheltering Sky,Paul Bowles,3.92,261,3.9066240758638777
5085,The Rest of Us Just Live Here,Patrick Ness,3.76,249,3.8883490383702566
5086,The Lady Elizabeth,Alison Weir,3.97,231,3.9173933823727114
5087,The Astronaut Wives Club,Lily Koppel,3.26,214,3.7987644556713818
5088,The Man Who Was Thursday: A Nightmare,"G.K. Chesterton, Jonathan Lethem",3.85,238,3.9072250444494165
5089,Cheaper by the Dozen,"Frank B. Gilbreth Jr., Ernestine Gilbreth Carey",3.99,389,3.9199753269244937
5090,The Monster of Florence,"Douglas Preston, Mario Spezi",3.72,310,3.874130900182921
5091,Winter's Bone,Daniel Woodrell,3.92,289,3.91044530085252
5092,"Seduced by Moonlight (Merry Gentry, #3)",Laurell K. Hamilton,4.05,328,3.921379884998082
5093,"Sword Song (The Saxon Stories, #4)",Bernard Cornwell,4.28,221,3.9496305434543686
5094,Deceptively Delicious: Simple Secrets to Get Your Kids Eating Good Food,Jessica Seinfeld,3.39,192,3.8348883484242564
5095,The Weight of Water,Anita Shreve,3.62,346,3.850892537864514
5096,"Music of the Heart (Runaway Train, #1)",Katie Ashley,4.0,274,3.8971445235113853
5097,Scarlet Feather,Maeve Binchy,3.93,285,3.9054236542295824
5098,"Truth (Consequences, #2)",Aleatha Romig,4.38,227,3.9747156118401246
5099,"The Last Hero (Discworld, #27; Rincewind #7)","Terry Pratchett, Paul Kidby",4.15,405,3.9712466287406842
5100,Fantastic Voyage,Isaac Asimov,3.89,372,3.8997727762305017
5101,We Wish to Inform You That Tomorrow We Will Be Killed with Our Families,Philip Gourevitch,4.3,279,3.9879512646766306
5102,The Harbinger: The Ancient Mystery that Holds the Secret of America's Future,Jonathan Cahn,3.93,118,3.88709641881122
5103,"The English Girl (Gabriel Allon, #13)",Daniel Silva,4.08,276,3.9357393947281523
5104,Clara and Mr. Tiffany,Susan Vreeland,3.71,176,3.87717855971585
5105,The Geography of You and Me,Jennifer E. Smith,3.68,190,3.863838050458007
5106,"Angel (Angel, #1)",L.A. Weatherly,3.89,193,3.905641360622302
5107,"Seeds of Rebellion (Beyonders, #2)",Brandon Mull,4.25,204,3.9367314025446847
5108,Chinese Cinderella: The True Story of an Unwanted Daughter,Adeline Yen Mah,4.04,164,3.9147640262907144
5109,"Chosen Prey (Lucas Davenport, #12)",John Sandford,4.23,280,3.9509808125334573
5110,Raymond E. Feist's Magician Master,"Bryan J.L. Glass, Tim Seeley, Hugo Petrus, Raymond E. Feist",4.43,214,3.9866723664509847
5111,Bossman,Vi Keeland,4.25,160,3.9391310009271114
5112,The Black Dagger Brotherhood: An Insider's Guide,J.R. Ward,4.32,231,3.9712444416797332
5113,"Locke & Key, Vol. 2: Head Games","Joe Hill, Gabriel Rodríguez",4.36,259,4.019049038103667
5114,"Ramona and Her Father (Ramona, #4)","Beverly Cleary, Alan Tiegreen",4.02,297,3.9346221353432664
5115,The Secret Adversary (Tommy and Tuppence #1),Agatha Christie,3.82,264,3.9054332760109447
5116,Hopscotch,"Julio Cortázar, Gregory Rabassa",4.25,171,3.932966240318662
5117,"Fallen (Will Trent, #5)",Karin Slaughter,4.23,252,3.9597970261415956
5118,"Stars Above (The Lunar Chronicles, #4.5)",Marissa Meyer,4.27,275,3.983108143023849
5119,Clapton: The Autobiography,Eric Clapton,3.81,157,3.8903890529743568
5120,No Logo,Naomi Klein,3.86,194,3.8824254387998307
5121,No Second Chance,Harlan Coben,4.05,286,3.94436150892901
5122,Fear and Loathing on the Campaign Trail '72,Hunter S. Thompson,4.1,249,3.9247304838330703
5123,Shroud for a Nightingale (Adam Dalgliesh #4),P.D. James,4.04,238,3.946003864163158
5124,"First Frost (Waverley Family, #2)",Sarah Addison Allen,3.95,264,3.896432375920936
5125,Stories of Your Life and Others,Ted Chiang,4.27,202,3.971364595632357
5126,Travesuras de la niña mala,Mario Vargas Llosa,4.04,145,3.918069328108811
5127,The Girl Who Fell from the Sky,Heidi W. Durrow,3.6,323,3.851937258393273
5128,Lunar Park,Bret Easton Ellis,3.6,227,3.8588909831184592
5129,"Hide (Detective D.D. Warren, #2)",Lisa Gardner,4.14,258,3.9398020444570725
5130,Ayat-Ayat Cinta,Habiburrahman El-Shirazy,3.81,138,3.8698454680593244
5131,"Broken Prince (The Royals, #2)",Erin Watt,4.11,214,3.9472260493025946
5132,Manuscript Found in Accra,"Paulo Coelho, Margaret Jull Costa",3.8,143,3.8839396059416664
5133,Save Me,Lisa Scottoline,3.63,250,3.8443803961005436
5134,Weaveworld,Clive Barker,4.13,303,3.9625276616615706
5135,"Loves Music, Loves to Dance",Mary Higgins Clark,3.89,257,3.896623725417524
5136,"The Rivers of Zadaa (Pendragon, #6)",D.J. MacHale,4.19,257,3.949500647424064
5137,"Sweet Dreams (Colorado Mountain, #2)",Kristen Ashley,4.42,326,4.025504401873868
5138,Nicholas and Alexandra,Robert K. Massie,4.25,239,3.9657699433119196
5139,"Wicked Business (Lizzy & Diesel, #2)",Janet Evanovich,3.76,271,3.8817730865724576
5140,Escape from Mr. Lemoncello's Library (Mr. Lemoncello's Library #1),Chris Grabenstein,4.13,174,3.922777287560073
5141,Friday,Robert A. Heinlein,3.82,303,3.860727621211223
5142,"Her Mother's Hope (Marta's Legacy, #1)",Francine Rivers,4.28,171,3.949246858982171
5143,Tuesday,David Wiesner,4.17,293,3.9527708413375464
5144,"Red Rabbit (Jack Ryan Universe, #3)",Tom Clancy,3.64,320,3.842309725083388
5145,"Arrows of the Queen (Heralds of Valdemar, #1)",Mercedes Lackey,4.16,236,3.9452215494899434
5146,Slouching Towards Bethlehem,Joan Didion,4.24,238,3.973501572687448
5147,"Rise of a Merchant Prince (The Serpentwar Saga, #2)",Raymond E. Feist,4.02,267,3.917375306116636
5148,"Angelfire (Angelfire, #1)",Courtney Allison Moulton,3.93,214,3.9171034071165516
5149,Mile 81,Stephen King,3.62,290,3.8384120795365617
5150,The Brooklyn Follies,Paul Auster,3.81,214,3.8941528225938518
5151,"The Ironwood Tree (The Spiderwick Chronicles, #4)","Holly Black, Tony DiTerlizzi",3.92,212,3.903337844245211
5152,The Yearling,Marjorie Kinnan Rawlings,3.99,383,3.9465344339171033
5153,"Dare You To (Pushing the Limits, #2)",Katie McGarry,4.18,260,3.944051434105816
5154,I Am Ozzy,"Ozzy Osbourne, Chris Ayres",4.05,103,3.9301934703830805
5155,The Sex Lives of Cannibals: Adrift in the Equatorial Pacific,J. Maarten Troost,3.87,270,3.8878971802679496
5156,"Touch of Power (Healer, #1)",Maria V. Snyder,4.17,232,3.958519635022734
5157,A Virtuous Woman,Kaye Gibbons,3.67,373,3.834170656371987
5158,"Tears of the Moon (Gallaghers of Ardmore / Irish Trilogy, #2)",Nora Roberts,4.19,310,3.9486125481732586
5159,"The Vampire Prince (Cirque Du Freak, #6)",Darren Shan,4.23,221,3.93821257442561
5160,"The Sapphire Rose (The Elenium, #3)",David Eddings,3.98,344,3.905804159642201
5161,Did You Ever Have a Family,Bill Clegg,3.81,286,3.912308041016577
5162,The Gold Coast,Nelson DeMille,4.06,306,3.9390548883419276
5163,On Death and Dying,Elisabeth Kübler-Ross,4.15,302,3.946985954626329
5164,"14th Deadly Sin (Women’s Murder Club, #14)","James Patterson, Maxine Paetro",3.99,220,3.8931780907966917
5165,"It Happened One Autumn (Wallflowers, #2)",Lisa Kleypas,4.15,240,3.9453758223914717
5166,"Scarpetta (Kay Scarpetta, #16)",Patricia Cornwell,3.72,331,3.8758798918431863
5167,"Darkness, Take My Hand (Kenzie & Gennaro, #2)",Dennis Lehane,4.17,282,3.974982753568083
5168,"Siege of Darkness (Forgotten Realms: Legacy of the Drow, #3; Legend of Drizzt, #9)",R.A. Salvatore,4.15,266,3.9339122454142346
5169,"Perfect (Impulse, #2)",Ellen Hopkins,4.35,139,3.9336142503923344
5170,"Play with Me (With Me in Seattle, #3)",Kristen Proby,4.33,228,3.980414173501816
5171,"Portrait in Death (In Death, #16)",J.D. Robb,4.37,287,3.984609337247057
5172,"Second Chance Boyfriend (One Week Girlfriend, #2)",Monica  Murphy,4.06,240,3.913692375232421
5173,"Y: The Last Man, Vol. 4: Safeword (Y: The Last Man, #4)","Brian K. Vaughan, Pia Guerra, Goran Parlov, José Marzán Jr.",4.25,300,3.9894732692985255
5174,The Collector,Nora Roberts,3.92,203,3.908492214662479
5175,Sunshine,Robin McKinley,3.85,315,3.8845832144336305
5176,"D is for Deadbeat (Kinsey Millhone, #4)",Sue Grafton,3.85,341,3.9108770660241947
5177,Salvage the Bones,Jesmyn Ward,3.81,337,3.887574824057607
5178,"The Hook Up (Game On, #1)",Kristen Callihan,4.04,216,3.922951572400349
5179,"Throne of Jade (Temeraire, #2)",Naomi Novik,3.89,282,3.899074937114551
5180,Mornings on Horseback,David McCullough,4.1,175,3.9287370180348313
5181,"Y: The Last Man, Vol. 7: Paper Dolls (Y: The Last Man, #7)","Brian K. Vaughan, Pia Guerra, Goran Sudžuka, José Marzán Jr.",4.25,302,3.984090454390209
5182,London,Edward Rutherfurd,4.06,288,3.9437562354713664
5183,"Silence (Silence, #1)",Natasha Preston,3.93,106,3.8829334374116513
5184,My True Love Gave to Me: Twelve Holiday Stories,"Stephanie Perkins, Holly Black, Ally Carter, Matt de la Pena, Gayle Forman, Jenny Han, David Levithan, Kelly Link, Myra McEntire, Rainbow Rowell, Laini Taylor, Kiersten White",3.73,238,3.8839577526211713
5185,"Sand Omnibus (Sand, #1-5)",Hugh Howey,3.96,274,3.9129596923211216
5186,"Off to Be the Wizard (Magic 2.0, #1)",Scott  Meyer,3.98,249,3.918433695195276
5187,Nobody's Fool,Richard Russo,4.12,374,3.9597357527778474
5188,Rage,"Richard Bachman, Stephen King",3.8,366,3.867048619635651
5189,"Germinal (Les Rougon-Macquart, #13)","Émile Zola, Roger Pearson",4.09,230,3.925843636490539
5190,"Ceaseless (Existence Trilogy, #3)",Abbi Glines,4.2,271,3.9451645287277666
5191,The Cat's Table,Michael Ondaatje,3.59,280,3.861273218203525
5192,The Demolished Man,Alfred Bester,3.99,262,3.9254089166904302
5193,"Lost in Time (Blue Bloods, #6)",Melissa de la Cruz,4.05,258,3.9265920048269534
5194,"Ninth Key (The Mediator, #2)",Meg Cabot,4.07,340,3.9213426827222304
5195,Twilight Eyes,Dean Koontz,3.86,400,3.8730730117968784
5196,"Find Her (Detective D.D. Warren, #8)",Lisa Gardner,4.12,245,3.9343417389620483
5197,"Frigid (Frigid, #1)","J. Lynn, Jennifer L. Armentrout",3.79,263,3.8721106357254955
5198,Of Love and Shadows,"Isabel Allende, Margaret Sayers Peden",3.96,261,3.9211942555627606
5199,"The Evolution of Calpurnia Tate (Calpurnia Tate, #1)",Jacqueline Kelly,3.97,241,3.9193817494847023
5200,"Bad Girls Don't Die (Bad Girls Don't Die, #1)",Katie Alender,4.07,117,3.8931760429681703
5201,"Atlantis Found (Dirk Pitt, #15)",Clive Cussler,3.96,233,3.894160673984722
5202,Asterios Polyp,David Mazzucchelli,4.19,170,3.967723676621941
5203,"Domes of Fire (The Tamuli, #1)",David Eddings,3.98,311,3.8876264202659474
5204,"The Walking Dead, Vol. 04: The Heart's Desire","Robert Kirkman, Charlie Adlard, Cliff Rathburn",4.23,229,3.9648174842422534
5205,"The Stonekeeper's Curse (Amulet, #2)",Kazu Kibuishi,4.33,145,3.9512693582906566
5206,Sick Puppy,Carl Hiaasen,3.88,310,3.8707758709941675
5207,The Days Are Just Packed: A Calvin and Hobbes Collection,Bill Watterson,4.68,256,4.062951528610045
5208,"An Illustrated Life: Drawing Inspiration From The Private Sketchbooks Of Artists, Illustrators And Designers",Danny Gregory,3.72,102,3.905183873151842
5209,"Odd Apocalypse (Odd Thomas, #5)",Dean Koontz,3.93,317,3.9047734458976873
5210,Discipline and Punish: The Birth of the Prison,"Michel Foucault, Alan Sheridan, Thomas Mathiesen, Walter Seitter, Drago Braco Rotar",4.21,188,3.9549932621081685
5211,Pay It Forward,Catherine Ryan Hyde,4.15,228,3.9442002986172033
5212,The Creative License: Giving Yourself Permission to Be The Artist You Truly Are,Danny Gregory,3.93,73,3.9277246314071705
5213,"Full Moon o Sagashite, Vol. 1","Arina Tanemura, Tomo Kimura",4.06,176,3.918467360128738
5214,"The Archer's Tale (The Grail Quest, #1)",Bernard Cornwell,4.12,212,3.9378131728381867
5215,Plan B: Further Thoughts on Faith,Anne Lamott,4.05,246,3.9301810843038685
5216,In the Company of the Courtesan,Sarah Dunant,3.76,314,3.8657681058305613
5217,"The Skull Throne (Demon Cycle, #4)",Peter V. Brett,4.14,273,3.9328543869418615
5218,"Devil May Cry (Dark-Hunter, #11)",Sherrilyn Kenyon,4.32,285,3.9996023207142612
5219,Two By Two,Nicholas Sparks,3.9,172,3.9056550177790483
5220,Sea Glass,Anita Shreve,3.65,338,3.8415446753227998
5221,"River Secrets (The Books of Bayern, #3)",Shannon Hale,4.03,298,3.905578895043366
5222,"Be Careful What You Wish For (The Clifton Chronicles, #4)",Jeffrey Archer,4.04,227,3.8929988492450844
5223,"Inescapable (The Premonition, #1)",Amy A. Bartol,4.05,298,3.9224902120967378
5224,"Illusions (Wings, #3)",Aprilynne Pike,4.12,215,3.9300632699366496
5225,Fatal Vision,Joe McGinniss,4.1,268,3.9381462960316282
5226,Gang Leader for a Day: A Rogue Sociologist Takes to the Streets,Sudhir Venkatesh,4.01,193,3.9216611669282804
5227,Magician: Apprentice  (Raymond E. Feist's Magician: Apprentice #1),"Raymond E. Feist, Michael Avon Oeming, Bryan J.L. Glass, Ryan Stegman",4.44,283,3.990717747927702
5228,Developing the Leader Within You,John C. Maxwell,4.18,103,3.921621819171361
5229,"That Hideous Strength (Space Trilogy, #3)",C.S. Lewis,3.87,302,3.8963889094937643
5230,The Bees,Laline Paull,3.67,220,3.834619210556743
5231,Ape House,Sara Gruen,3.46,328,3.785465279150439
5232,Polgara the Sorceress (Malloreon),"David Eddings, Leigh Eddings",4.07,350,3.931658681658895
5233,China Rich Girlfriend (Crazy Rich Asians #2),Kevin Kwan,3.74,261,3.8532000836346403
5234,A Woman After God's Own Heart,Elizabeth George,4.29,118,3.9610392671513575
5235,"State of the Union (Scot Harvath, #3)",Brad Thor,4.2,193,3.934768281178626
5236,The Good House,Ann Leary,3.66,280,3.870860289353289
5237,"Bless Me, Ultima",Rudolfo Anaya,3.74,223,3.867040034591753
5238,Glamorama,Bret Easton Ellis,3.47,242,3.8167877947989926
5239,"F is for Fugitive (Kinsey Millhone, #6)",Sue Grafton,3.9,347,3.9177746877120456
5240,"The Redeemer (Harry Hole, #6)",Jo Nesbø,4.07,223,3.9240485146031547
5241,Silk,Alessandro Baricco,3.82,170,3.910699311666005
5242,A Secret Kept,Tatiana de Rosnay,3.33,275,3.796892242522234
5243,"The Remnant (Left Behind, #10)","Tim LaHaye, Jerry B. Jenkins",4.01,247,3.8860907171180603
5244,The Baron in the Trees,"Italo Calvino, Archibald Colquhoun",4.06,184,3.91601354580562
5245,"Twilight: The Graphic Novel, Vol. 2  (Twilight: The Graphic Novel, #2)","Stephenie Meyer, Young Kim",4.26,124,3.9397510392874393
5246,"Raw (RAW Family, #1)",Belle Aurora,4.23,239,3.9129269925615495
5247,"The Great Book of Amber (The Chronicles of Amber, #1-10)",Roger Zelazny,4.31,282,3.9592541069155494
5248,The Darkest Lie (Lords of the Underworld #6),Gena Showalter,4.32,220,3.973160951612231
5249,"Czas pogardy (Saga o Wiedźminie, #4)",Andrzej Sapkowski,4.32,174,3.941237008449093
5250,"That Boy (That Boy, #1)",Jillian Dodd,3.96,250,3.8982152559201615
5251,The Dressmaker,Kate Alcott,3.44,272,3.79922693695697
5252,"Paradise (Second Opportunities, #1)",Judith McNaught,4.32,215,3.963747782227913
5253,Jumanji,Chris Van Allsburg,4.03,276,3.9233793040874874
5254,Replay,Ken Grimwood,4.16,250,3.9639357341415136
5255,Incognito: The Secret Lives of the Brain,David Eagleman,3.98,129,3.9163043462480767
5256,Death by Black Hole - And Other Cosmic Quandaries,Neil deGrasse Tyson,4.11,155,3.9389030783663648
5257,The Edible Woman,Margaret Atwood,3.67,285,3.8467326012028984
5258,The Ancestor's Tale: A Pilgrimage to the Dawn of Evolution,Richard Dawkins,4.13,201,3.9322502573970954
5259,Heartless,Marissa Meyer,4.06,237,3.917037522431812
5260,"The Pigman (The Pigman, #1)",Paul Zindel,3.58,325,3.8375189533930825
5261,"Deep Storm (Jeremy Logan, #1)",Lincoln Child,3.87,270,3.8996188930170357
5262,"Abandon (Abandon, #1)",Meg Cabot,3.71,256,3.866613716175317
5263,"The Full Cupboard of Life (No. 1 Ladies' Detective Agency, #5)",Alexander McCall Smith,4.02,302,3.924048627499566
5264,"How to Marry a Millionaire Vampire (Love at Stake, #1)",Kerrelyn Sparks,3.85,204,3.86449272595724
5265,The Foot Book: Dr. Seuss's Wacky Book of Opposites (Bright and Early Board Books),Dr. Seuss,3.99,264,3.948360645670988
5266,"Beautiful Bitch (Beautiful Bastard, #1.5)",Christina Lauren,3.94,221,3.9068131595965228
5267,"The Recruit (Cherub, #1)",Robert Muchamore,4.22,160,3.9398771025461516
5268,Anatomy for the Artist,Sarah Simblet,3.97,92,3.9295899399061596
5269,Fermat's Enigma: The Epic Quest to Solve the World's Greatest Mathematical Problem,Simon Singh,4.22,190,3.9535994165822137
5270,"The Christmas Box (The Christmas Box, #1)",Richard Paul Evans,3.95,247,3.90220505888223
5271,"My Blood Approves (My Blood Approves, #1)",Amanda Hocking,3.83,279,3.89955271742795
5272,"Until November (Until, #1)",Aurora Rose Reynolds,4.16,215,3.9537140977156215
5273,The Bloody Chamber and Other Stories,Angela Carter,4.02,234,3.928174560236589
5274,A Cook's Tour: Global Adventures in Extreme Cuisines,Anthony Bourdain,3.97,228,3.9420700706828145
5275,The Power of Art,Simon Schama,3.87,75,3.9214668051801223
5276,"Finding Me: A Decade of Darkness, a Life Reclaimed - A Memoir of the Cleveland Kidnappings","Michelle Knight, Michelle Burford",4.12,132,3.9271639720663014
5277,"Born in Shame (Born In Trilogy, #3)",Nora Roberts,4.07,298,3.9353428130573005
5278,"Return to Paradise (Leaving Paradise, #2)",Simone Elkeles,4.05,233,3.9111422065680377
5279,My Heart and Other Black Holes,Jasmine Warga,4.02,201,3.9221148776823336
5280,Girl in a Band,Kim Gordon,3.58,128,3.8818445926336524
5281,"Ninth Grade Slays (The Chronicles of Vladimir Tod, #2)",Heather Brewer,4.14,165,3.918544027757829
5282,"Book of the Dead (Kay Scarpetta, #15)",Patricia Cornwell,3.63,308,3.8826965534788735
5283,The Hero With a Thousand Faces,Joseph Campbell,4.24,292,3.9880576516624378
5284,"Bad Blood (Virgil Flowers, #4)",John Sandford,4.21,272,3.9679248643824327
5285,"Jesus Freaks: Stories of Those Who Stood for Jesus, the Ultimate Jesus Freaks (Jesus Freaks, #1)","D.C. Talk, The Voice of the Martyrs",4.2,175,3.9434938984303156
5286,Cooked: A Natural History of Transformation,Michael Pollan,3.98,184,3.9079508030071155
5287,Daughter of the Blood (The Black Jewels #1),Anne Bishop,4.12,245,3.931535312244866
5288,"The Lost Gate (Mither Mages, #1)",Orson Scott Card,3.82,314,3.8911980730392877
5289,"Police (Harry Hole, #10)","Jo Nesbø, Don Bartlett",4.22,252,3.9479280042886313
5290,"Vittorio, The Vampire (New Tales of the Vampires, #2)",Anne Rice,3.5,318,3.802053848056202
5291,"Fushigi Yûgi: The Mysterious Play, Vol. 1: Priestess","Yuu Watase, Yuji Oniki",4.08,168,3.923175317468373
5292,"The Lace Reader (The Lace Reader, #1)",Brunonia Barry,3.46,335,3.8108739395120486
5293,Anne Rice's The Tale of the Body Thief (A Graphic Novel),"Faye Perozich, Travis Moore, Michael Halbleib, Daerick Gröss, Anne Rice",4.07,291,3.926199470225384
5294,The Lone Ranger and Tonto Fistfight in Heaven,Sherman Alexie,4.09,275,3.9508123964423882
5295,"A Stroke of Midnight (Merry Gentry, #4)",Laurell K. Hamilton,4.06,314,3.9266661851988274
5296,The Chemist,Stephenie Meyer,3.69,261,3.867076445252624
5297,"Empress Orchid (Empress Orchid, #1)",Anchee Min,3.87,235,3.8943102384954473
5298,And Another Thing...,Eoin Colfer,3.53,258,3.8473317670462404
5299,"Monday Mourning (Temperance Brennan, #7)",Kathy Reichs,4.02,240,3.9087638390076798
5300,"Damaged (Damaged, #1)",H.M. Ward,3.93,239,3.87347092266794
5301,"The Princess and the Goblin  (Princess Irene and Curdie, #1)","George MacDonald, Arthur Hughes",4.0,288,3.9151517268559606
5302,"The Preacher (Patrik Hedström, #2)","Camilla Läckberg, Steven T. Murray",3.76,162,3.8811124789857763
5303,There's a Wocket in My Pocket!,Dr. Seuss,4.02,297,3.92988376128248
5304,Midnight,Dean Koontz,3.81,376,3.866617798973596
5305,The Gatecrasher,Madeleine Wickham,3.24,232,3.7822114851962096
5306,"The Confusion (The Baroque Cycle, #2)",Neal Stephenson,4.24,288,3.968955445442081
5307,"Raising Steam (Discworld, #40, Moist von Lipwig #3 )",Terry Pratchett,3.93,305,3.9194891810022265
5308,"Independent Study (The Testing, #2)",Joelle Charbonneau,3.97,258,3.8966955993482637
5309,"X (Kinsey Millhone, #24)",Sue Grafton,3.88,208,3.899457812103009
5310,Lord of Light,"Roger Zelazny, Sönmez Güven",4.1,271,3.9451645287277666
5311,Esio Trot,"Roald Dahl, Quentin Blake",3.74,289,3.8777766831434066
5312,"Hellboy, Vol. 3: The Chained Coffin and Others (Hellboy, #3)",Mike Mignola,4.21,171,3.951466943345377
5313,A Simple Plan,Scott B. Smith,3.91,293,3.905258454179466
5314,"Run for Your Life (Michael Bennett, #2)","James Patterson, Michael Ledwidge",4.0,306,3.931653959861809
5315,Play It as It Lays,"Joan Didion, David Thomson",3.86,238,3.9044047666520534
5316,"Dime Store Magic (Women of the Otherworld, #3)",Kelley Armstrong,4.07,268,3.939527225397091
5317,"Blue Mars (Mars Trilogy, #3)",Kim Stanley Robinson,3.92,252,3.887186539511699
5318,The Valkyries,"Paulo Coelho, Alan R. Clarke",3.3,170,3.846269185027481
5319,"The Long Way Home (Chief Inspector Armand Gamache, #10)",Louise Penny,4.06,266,3.9339122454142346
5320,Please Ignore Vera Dietz,A.S. King,3.91,218,3.8994616895820693
5321,"Curse of the Bane (The Last Apprentice / Wardstone Chronicles, #2)","Joseph Delaney, Patrick  Arrasmith",4.1,215,3.9250464276805035
5322,"The Struggle (The Vampire Diaries, #2)",L.J. Smith,3.5,288,3.8020958118522152
5323,"The Dark Highlander (Highlander, #5)",Karen Marie Moning,4.31,234,3.9812043276126756
5324,"The Immortal Highlander (Highlander, #6)",Karen Marie Moning,4.34,235,3.965673200411649
5325,"No god but God: The Origins, Evolution and Future of Islam",Reza Aslan,4.13,93,3.9249330719725184
5326,"VALIS (VALIS Trilogy, #1)",Philip K. Dick,3.94,247,3.887491964227988
5327,The Second Sex,"Simone de Beauvoir, H.M. Parshley, Deirdre Bair",4.09,266,3.935295084382637
5328,"The Runaway King (The Ascendance Trilogy, #2)",Jennifer A. Nielsen,4.23,249,3.9471190656563406
5329,"Dragon Wing (The Death Gate Cycle, #1)","Margaret Weis, Tracy Hickman",3.93,275,3.8985894870766216
5330,Jailbird,Kurt Vonnegut Jr.,3.81,293,3.884217254152316
5331,"Y: The Last Man, Vol. 9: Motherland (Y: The Last Man, #9)","Brian K. Vaughan, Pia Guerra, Goran Sudžuka, José Marzán Jr.",4.27,299,3.9772982360187976
5332,"Ilium (Ilium, #1)",Dan Simmons,4.01,322,3.9257254080693653
5333,"Lumberjanes, Vol. 1: Beware the Kitten Holy","Noelle Stevenson, Grace Ellis, Shannon Waters, Shannon Watters, Brooke A. Allen, Faith Hicks, Kat Leyh, Brooke Allen, Carolyn Nowak, Various, Carey Pietsch",3.94,129,3.9331072180116147
5334,The Highly Sensitive Person: How to Thrive When the World Overwhelms You,Elaine N. Aron,3.87,138,3.8895678377779013
5335,The Palace of Illusions,Chitra Banerjee Divakaruni,4.11,154,3.9223692427059937
5336,The First American: The Life and Times of Benjamin Franklin,H.W. Brands,4.09,130,3.9369741895311057
5337,"Dance of Death (Pendergast, #6; Diogenes, #2)","Douglas Preston, Lincoln Child",4.16,297,3.959667826807424
5338,"This World We Live In (Last Survivors, #3)",Susan Beth Pfeffer,3.81,262,3.90044878356972
5339,"Hunter x Hunter, Vol. 01 (Hunter x Hunter, #1)","Yoshihiro Togashi, 冨樫 義博",4.43,133,3.955392736269403
5340,"Vengeance in Death (In Death, #6)",J.D. Robb,4.34,295,3.988759764483568
5341,"To Say Nothing of the Dog (Oxford Time Travel, #2)",Connie Willis,4.13,327,3.9385771117512154
5342,"The Gift (Witch & Wizard, #2)","James Patterson, Ned Rust",3.78,266,3.857856102152118
5343,The Terminal Man,Michael Crichton,3.34,365,3.7550102119605304
5344,"A Game of Thrones: Comic Book, Issue 1","Daniel Abraham, George R.R. Martin, Tommy Patterson",4.65,144,3.9889883565223943
5345,"White Cat (Curse Workers, #1)",Holly Black,3.81,300,3.8996266165929927
5346,Where I'm Calling From: New and Selected Stories,Raymond Carver,4.42,241,4.0059222405844
5347,"Something Rotten (Thursday Next, #4)",Jasper Fforde,4.15,330,3.944658200716816
5348,"The Land of Painted Caves (Earth's Children, #6)",Jean M. Auel,3.24,257,3.761648424506093
5349,Autobiography of a Face,Lucy Grealy,3.96,270,3.9223728060005563
5350,Vanishing Girls,Lauren Oliver,3.59,216,3.855630796062886
5351,Snow White and the Seven Dwarfs (Little Golden Book),Walt Disney Company,4.18,241,3.9665216917910415
5352,"Darke (Septimus Heap, #6)","Angie Sage, Mark Zug",4.23,223,3.9418636646067178
5353,The Wimpy Kid Movie Diary (Diary of a Wimpy Kid),Jeff Kinney,4.16,94,3.9194987683768403
5354,The Thin Man,Dashiell Hammett,3.97,329,3.938658504301734
5355,Trading Up,Candace Bushnell,3.2,235,3.7770206179203045
5356,"The Uplift War (The Uplift Saga, #3)",David Brin,4.06,275,3.9301980901137963
5357,"Rage of a Demon King (The Serpentwar Saga, #3)",Raymond E. Feist,4.02,249,3.9135361929214354
5358,Lucky Jim,"Kingsley Amis, David Lodge",3.79,283,3.8950435867850794
5359,"A Faint Cold Fear (Grant County, #3)",Karin Slaughter,4.12,227,3.9335019402704523
5360,"The Rose Society (The Young Elites, #2)",Marie Lu,4.11,263,3.929617737506137
5361,Angel Falls,Kristin Hannah,3.9,205,3.8941870212535963
5362,Waiting For You,Susane Colasanti,3.84,139,3.885103676603204
5363,The Short and Tragic Life of Robert Peace: A Brilliant Young Man Who Left Newark for the Ivy League,Jeff Hobbs,4.13,231,3.952113144294344
5364,Mao's Last Dancer,Li Cunxin,4.12,191,3.9354023777018945
5365,"The Neighbor (Detective D.D. Warren, #3)",Lisa Gardner,4.08,235,3.933171257360706
5366,"Y: The Last Man, Vol. 10: Whys and Wherefores (Y: The Last Man, #10)","Brian K. Vaughan, Pia Guerra, José Marzán Jr.",4.34,292,3.995528955065277
5367,"Eon (The Way, #1)",Greg Bear,3.86,232,3.882048630278699
5368,The Summer Before the War,Helen Simonson,3.79,288,3.8763313223064815
5369,"Memories, Dreams, Reflections","C.G. Jung, Aniela Jaffé, Richard Winston, Clara Winston",4.19,154,3.938857288872523
5370,"Bullet (Anita Blake, Vampire Hunter #19)",Laurell K. Hamilton,3.82,349,3.889764781627285
5371,"The Scottish Prisoner (Lord John Grey, #3)",Diana Gabaldon,4.19,219,3.9245460448385674
5372,"Reunion (The Mediator, #3)",Meg Cabot,4.09,340,3.933182451188981
5373,بيكاسو وستاربكس,ياسر حارب,3.55,114,3.8658867963707078
5374,Laughable Loves,"Milan Kundera, Suzanne Rappaport",3.86,186,3.8985707974402453
5375,"The Secret Diaries of Miss Miranda Cheever (Bevelstoke, #1)",Julia Quinn,3.93,191,3.9295684974422866
5376,The Constitution of the United States of America,Founding Fathers,4.54,309,4.043924850965291
5377,Gustav Klimt: 1862-1918,Gilles Néret,4.12,124,3.950484766190759
5378,Under the Volcano,Malcolm Lowry,3.8,229,3.897408132081606
5379,Sleep Tight,Rachel Abbott,3.98,140,3.914729440689697
5380,"Dinosaurs Before Dark (Magic Tree House, #1)","Mary Pope Osborne, Salvatore Murdocca",3.87,151,3.8936507778431664
5381,Have Space Suit—Will Travel,Robert A. Heinlein,3.89,291,3.8962939444998352
5382,The Sea Wolf,Jack London,4.01,259,3.938454304552635
5383,"Darkest Hour (The Mediator, #4)",Meg Cabot,4.16,342,3.939839243606784
5384,Hark! A Vagrant,Kate Beaton,4.27,206,3.9865954559205132
5385,The Dive From Clausen's Pier,Ann Packer,3.41,328,3.7775093022227724
5386,Death in Venice,"Thomas Mann, Michael Henry Heim, Michael Cunningham",3.73,211,3.888893323181634
5387,The Tibetan Book of Living and Dying,"Sogyal Rinpoche, Andrew Harvey",4.22,208,3.9549213286340184
5388,Enchantment,Orson Scott Card,3.89,309,3.9089621167948754
5389,The Fall of the House of Usher,Edgar Allan Poe,3.92,262,3.9323422870017386
5390,"The Soldiers of Halla (Pendragon, #10)",D.J. MacHale,4.27,237,3.949493600890854
5391,"The Boyfriend List: 15 Guys, 11 Shrink Appointments, 4 Ceramic Frogs and Me, Ruby Oliver (Ruby Oliver, #1)",E. Lockhart,3.49,212,3.8286412989604304
5392,"Regeneration (Regeneration, #1)",Pat Barker,4.03,251,3.9325209813055313
5393,"The Initiate (Divergent, #0.2)",Veronica Roth,4.2,182,3.922496719182711
5394,Lucky Man,Michael J. Fox,4.06,173,3.9463661276454642
5395,The Penelopiad,Margaret Atwood,3.66,282,3.842998892527257
5396,The Improbable Adventures of Sherlock Holmes,"John Joseph Adams, Robert J. Sawyer, Stephen King, Michael Moorcock, Sharyn McCrumb, Stephen Baxter, Anne Perry, Barbara Hambly, Tanith Lee, Neil Gaiman, Rob Rogers, Naomi Novik, Anthony Burgess, Dominic Green, Laurie R. King, Barbara Roden, Peter Tremayne, Tim Lebbon, Bradley H. Sinor, Edward D. Hoch, Vonda N. McIntyre, Darrell Schweitzer, Mary Robinette Kowal, H.Paul Jeffers, Geoffrey A. Landis, Amy Myers, Tony Pi, Chris Roberson, Mark Valentine",4.37,189,3.990080537897179
5397,The Starter Wife,Gigi Levangie Grazer,3.51,208,3.83607093606757
5398,"Fables, Vol. 2: Animal Farm","Bill Willingham, Mark Buckingham, Steve Leialoha, James Jean",4.12,296,3.9684463053191132
5399,The Fire Next Time,"James     Baldwin, Kıvanç Güney",4.45,176,3.981137860755443
5400,Don't Let the Pigeon Stay Up Late!,Mo Willems,4.35,217,3.9802599875063387
5401,We3,"Grant Morrison, Frank Quitely",3.95,192,3.9325346356792297
5402,"Princess in Pink (The Princess Diaries, #5)",Meg Cabot,3.69,339,3.821903034649251
5403,"The Coffin Club (Vampire Kisses, #5)",Ellen Schreiber,4.06,176,3.922153860165603
5404,Main Street,Sinclair Lewis,3.75,307,3.88127296479702
5405,Percy Jackson's Greek Gods (A Percy Jackson and the Olympians Guide),"Rick Riordan, John Rocco",4.51,233,4.008078455064465
5406,"Dairy Queen (Dairy Queen, #1)",Catherine Gilbert Murdock,3.73,229,3.847738083121129
5407,Telegraph Avenue,Michael Chabon,3.36,285,3.7962309974357518
5408,"Undone (Will Trent, #3)",Karin Slaughter,4.24,238,3.961515392048655
5409,The Book of Speculation,Erika Swyler,3.59,233,3.8566597895299
5410,"Flirt (Anita Blake, Vampire Hunter #18)",Laurell K. Hamilton,3.7,342,3.863638757500235
5411,"Inner Harbor (Chesapeake Bay Saga, #3)",Nora Roberts,4.16,288,3.954653191134378
5412,"Bite Me (A Love Story, #3)",Christopher Moore,3.85,288,3.891995696072061
5413,Zen of Seeing: Seeing/Drawing as Meditation,Frederick Franck,3.92,77,3.9215917287382545
5414,"Green Rider (Green Rider, #1)",Kristen Britain,4.09,245,3.9336401322827528
5415,"The Dragonriders of Pern (Dragonriders of Pern, #1-3)",Anne McCaffrey,4.22,297,3.957637095067087
5416,"Boy, Snow, Bird",Helen Oyeyemi,3.34,242,3.8132723620492213
5417,"E is for Evidence (Kinsey Millhone, #5)",Sue Grafton,3.88,333,3.917013996261553
5418,"The Social Animal: The Hidden Sources of Love, Character, and Achievement",David  Brooks,3.83,183,3.880743255734327
5419,Solar,Ian McEwan,3.23,256,3.7767996104870902
5420,The Structure of Scientific Revolutions,Thomas S. Kuhn,3.98,175,3.920620733817315
5421,Small Island,Andrea Levy,3.89,241,3.900385056316476
5422,"A Great Reckoning (Chief Inspector Armand Gamache, #12)",Louise Penny,4.46,230,4.006677501625616
5423,The Sky is Falling,Sidney Sheldon,3.54,220,3.8174800260962702
5424,The Fifth Discipline: The Art & Practice of The Learning Organization,Peter M. Senge,3.93,157,3.915065640127576
5425,Darkness at Noon,"Arthur Koestler, Daphne Hardy",4.06,269,3.9223192441472485
5426,"The Perfect Play (Play by Play, #1)",Jaci Burton,3.93,129,3.9063753765696227
5427,Straight Talking,Jane Green,3.63,221,3.840446214616861
5428,"Dauntless (The Lost Fleet, #1)",Jack Campbell,3.93,202,3.8961276716650564
5429,"The Curse of Chalion (World of the Five Gods, #1)",Lois McMaster Bujold,4.16,251,3.9290276535615223
5430,Me & Emma,Elizabeth Flock,3.9,228,3.899465511995035
5431,"Chesapeake Blue (Chesapeake Bay Saga, #4)",Nora Roberts,4.17,287,3.951896190651269
5432,Ash,Malinda Lo,3.62,149,3.8829589111130725
5433,"The Burning Land (The Saxon Stories, #5)",Bernard Cornwell,4.29,196,3.9465358428704547
5434,"Second Helpings (Jessica Darling, #2)",Megan McCafferty,4.08,221,3.928221851525446
5435,Diane Arbus: Monograph,"Diane Arbus, Stan Grossfeld, Doon Arbus, Marvin Israel",4.0,104,3.9504923153021934
5436,"The Earth, My Butt, and Other Big Round Things",Carolyn Mackler,3.77,209,3.867859555562231
5437,Lord Jim,Joseph Conrad,3.61,390,3.820682213935304
5438,A Color of His Own,Leo Lionni,4.25,233,3.9684548790367282
5439,Don't Panic: The Official Hitchhiker's Guide to the Galaxy Companion,Neil Gaiman,4.31,249,3.9723062202075194
5440,"Things Not Seen (Things, #1)",Andrew Clements,3.88,202,3.9113197428507616
5441,House,"Frank E. Peretti, Ted Dekker",3.6,179,3.8178601342916263
5442,"Vicious (Villains, #1)","V.E. Schwab, Victoria Schwab",4.25,268,3.9602411658790357
5443,"Raise the Titanic! (Dirk Pitt, #4)",Clive Cussler,3.96,225,3.8900001996318276
5444,The Supernaturalist,Eoin Colfer,3.85,286,3.906852131584674
5445,"Queen of Babble in the Big City (Queen of Babble, #2)",Meg Cabot,3.77,231,3.8798393541717617
5446,Yertle the Turtle and Other Stories,Dr. Seuss,4.13,366,3.9744016559158033
5447,The Rent Collector,Camron Wright,4.23,307,3.9713691121781807
5448,Family Matters,Rohinton Mistry,3.99,227,3.945581809523632
5449,The Happiest Baby on the Block: The New Way to Calm Crying and Help Your Newborn Baby Sleep Longer,Harvey Karp,3.92,212,3.9105202043687477
5450,"Until You (Fall Away, #1.5)","Penelope Douglas, Nelson Hobbs",4.36,200,3.9575579805423513
5451,Perahu Kertas,Dee Lestari,3.94,143,3.9066102021783475
5452,Schooled,Gordon Korman,3.82,174,3.9021024001643707
5453,It Starts with Food: Discover the Whole30 and Change Your Life in Unexpected Ways,"Dallas Hartwig, Melissa Hartwig",4.09,129,3.9353985187066427
5454,Merle's Door: Lessons from a Freethinking Dog,Ted Kerasote,4.18,172,3.9448475046532625
5455,"Brian's Winter (Brian's Saga, #3)",Gary Paulsen,3.98,161,3.9041357493048587
5456,How the García Girls Lost Their Accents ,Julia Alvarez,3.62,271,3.8473212158358763
5457,"Be with Me (Wait for You, #2)","J. Lynn, Jennifer L. Armentrout",4.15,303,3.9510667299552398
5458,"Jo's Boys (Little Women, #3)",Louisa May Alcott,3.8,316,3.881318773335967
5459,Home (Myron Bolitar #11),Harlan Coben,4.2,221,3.9503441665186663
5460,Notes of a Dirty Old Man,Charles Bukowski,3.99,173,3.912375142645834
5461,"The Absent One (Department Q, #2)","Jussi Adler-Olsen, K.E. Semmel",3.85,199,3.903151802031906
5462,The Good Lord Bird,James McBride,3.75,280,3.8544253102394084
5463,"Greenwitch (The Dark Is Rising, #3)",Susan Cooper,4.0,332,3.9096854331432964
5464,"The Walking Dead, Vol. 05: The Best Defense","Robert Kirkman, Charlie Adlard, Cliff Rathburn",4.3,222,3.9739123443932165
5465,"Kissed by an Angel/The Power of Love/Soulmates (Kissed by an Angel, #1-3)",Elizabeth Chandler,4.08,155,3.8999605186419584
5466,"Take a Chance (Rosemary Beach, #7; Chance, #1)",Abbi Glines,4.15,285,3.92794463969331
5467,"Portrait of a Spy (Gabriel Allon, #11)",Daniel Silva,4.24,241,3.9784825726747397
5468,"One Good Turn (Jackson Brodie, #2)",Kate Atkinson,3.79,279,3.874198095348871
5469,"Abarat (Abarat, #1)",Clive Barker,4.08,242,3.9215476907421833
5470,"2061: Odyssey Three (Space Odyssey, #3)",Arthur C. Clarke,3.52,239,3.8255599806542717
5471,What Got You Here Won't Get You There: How Successful People Become Even More Successful,"Marshall Goldsmith, Mark Reiter",3.94,127,3.900877595458278
5472,"The Walk (The Walk, #1)",Richard Paul Evans,4.12,175,3.913980137639347
5473,"Afterlife (Evernight, #4)",Claudia Gray,3.8,208,3.859120709171366
5474,Slam,Nick Hornby,3.27,230,3.816647011658943
5475,"Dark Triumph (His Fair Assassin, #2)",Robin LaFevers,4.15,261,3.9357644352616434
5476,The Crossover,Kwame Alexander,4.22,149,3.9484068912529957
5477,"Edensor (Tetralogi Laskar Pelangi, #3)",Andrea Hirata,4.06,156,3.915750415731952
5478,The Line of Beauty,Alan Hollinghurst,3.7,218,3.87014037083788
5479,The Rose Garden,Susanna Kearsley,4.01,253,3.914475183522366
5480,Monster,Frank E. Peretti,3.8,180,3.8606316845862
5481,"The English Assassin (Gabriel Allon, #2)",Daniel Silva,4.12,252,3.941644404484121
5482,Chuck Klosterman IV: A Decade of Curious People and Dangerous Ideas,Chuck Klosterman,3.85,188,3.9001807209987627
5483,The Effective Executive: The Definitive Guide to Getting the Right Things Done (Harperbusiness Essentials),Peter F. Drucker,4.11,120,3.9395657006403195
5484,"The Wicked + The Divine, Vol. 1: The Faust Act","Kieron Gillen, Jamie McKelvie, Matt Wilson, Clayton Cowles",3.9,142,3.908052091463819
5485,Innocence,Dean Koontz,3.69,201,3.8917087385380493
5486,"Dark of the Moon (Virgil Flowers, #1)",John Sandford,4.0,226,3.9291881394742285
5487,The Law of Attraction: The Basics of the Teachings of Abraham,"Esther Hicks, Jerry Hicks",4.15,149,3.92960000040819
5488,"In The Afterlight (The Darkest Minds, #3)",Alexandra Bracken,4.36,270,3.989255519921814
5489,"Goddess Interrupted (Goddess Test, #2)",Aimee Carter,4.02,206,3.907968896012845
5490,"Lucinda's Secret (The Spiderwick Chronicles, #3)","Holly Black, Tony DiTerlizzi",3.87,210,3.886655599901178
5491,"Henry Huggins (Henry Huggins, #1)","Beverly Cleary, Tracy Dockray",3.97,311,3.912436988226787
5492,Bedtime for Frances,"Russell Hoban, Garth Williams",4.14,330,3.960549083322921
5493,Totto-chan: The Little Girl at the Window,"Tetsuko Kuroyanagi, Chihiro Iwasaki, Dorothy Britton",4.3,168,3.966192450153977
5494,"Half the World (Shattered Sea, #2)",Joe Abercrombie,4.2,250,3.952749269763411
5495,When Genius Failed: The Rise and Fall of Long-Term Capital Management,Roger Lowenstein,4.16,122,3.935819151149971
5496,Writing Down the Bones: Freeing the Writer Within,Natalie Goldberg,4.17,249,3.9660094315697245
5497,"Hunters of the Dusk (Cirque Du Freak, #7)",Darren Shan,4.17,205,3.930280286250348
5498,"City of Golden Shadow (Otherland, #1)",Tad Williams,3.9,343,3.887361176749562
5499,"An Ice Cold Grave (Harper Connelly, #3)",Charlaine Harris,3.95,313,3.9138935783450126
5500,Jacob Have I Loved,Katherine Paterson,3.64,403,3.844891859118681
5501,The Postcard Killers,"James Patterson, Liza Marklund",3.78,277,3.8925528583974525
5502,"Kamisama Kiss, Vol. 1","Julietta Suzuki, Tomo Kimura",4.38,108,3.9521984635120755
5503,"Maybe Not (Maybe, #1.5)",Colleen Hoover,4.14,276,3.949472828773335
5504,"Black Water (Pendragon, #5)",D.J. MacHale,4.16,249,3.9387233474726147
5505,"Five Little Pigs (Hercule Poirot, #24)",Agatha Christie,3.95,275,3.9088966402409175
5506,Embassytown,China Miéville,3.86,297,3.9055149803984346
5507,By the Light of the Moon,Dean Koontz,3.84,351,3.904928675336386
5508,"Sherlock Holmes: The Complete Novels and Stories, Volume I",Arthur Conan Doyle,4.45,207,3.9765135735187833
5509,"Strong Poison (Lord Peter Wimsey, #6)",Dorothy L. Sayers,4.14,201,3.942385637111857
5510,The Far Side Gallery,Gary Larson,4.42,306,4.028538841783359
5511,"The Eternity Cure (Blood of Eden, #2)",Julie Kagawa,4.26,200,3.9611803814696858
5512,"Holiday in Death (In Death, #7)",J.D. Robb,4.31,277,3.968721114761962
5513,"Thief (Love Me with Lies, #3)",Tarryn Fisher,4.4,265,4.003748204900441
5514,Between a Rock and a Hard Place,Aron Ralston,3.82,176,3.89929755993704
5515,"Legend (The Drenai Saga, #1)",David Gemmell,4.25,211,3.9507060163462997
5516,"Three Times Lucky (Tupelo Landing, #1)",Sheila Turnage,4.01,127,3.920000979532324
5517,"Every Boy's Got One (Boy, #3)",Meg Cabot,3.77,230,3.870536255082328
5518,Small Sacrifices: A True Story of Passion and Murder,Ann Rule,4.2,185,3.9314562957171373
5519,The Guest Room,Chris Bohjalian,3.68,282,3.8614629559889266
5520,All My Friends Are Dead,"Avery Monsen, Jory John",4.24,198,3.956770863050575
5521,"The Six Sacred Stones (Jack West Jr, #2)",Matthew Reilly,4.16,149,3.931856827309567
5522,"Rising Tides (Chesapeake Bay Saga, #2)",Nora Roberts,4.16,289,3.955364650202551
5523,"Bleach, Volume 15",Tite Kubo,4.41,128,3.9628657651476016
5524,Cash,"Johnny Cash, Patrick   Carr",4.08,146,3.932456669337712
5525,A Stranger In The Mirror,Sidney Sheldon,3.61,235,3.835665428207876
5526,Flush,Carl Hiaasen,3.86,214,3.90204208602353
5527,Out of Africa,"Isak Dinesen, Karen Blixen",3.96,384,3.9229158604760004
5528,"The Watchman (Elvis Cole, #11; Joe Pike, #1)",Robert Crais,4.1,235,3.937410641236916
5529,Antifragile: Things That Gain from Disorder,Nassim Nicholas Taleb,4.04,137,3.916053503790031
5530,"From Ashes (From Ashes, #1)",Molly McAdams,4.13,209,3.9312008065519377
5531,Free Will,Sam Harris,3.83,120,3.8980368226890776
5532,This Is Where It Ends,Marieke Nijkamp,3.63,194,3.836583919480905
5533,"Stray (Shifters, #1)",Rachel Vincent,3.79,250,3.875842327163957
5534,A Summer Affair,Elin Hilderbrand,3.66,217,3.840705131713023
5535,Liar & Spy,Rebecca Stead,3.81,138,3.9009461280001574
5536,"Mariel of Redwall (Redwall, #4)","Brian Jacques, Gary Chalk",3.96,323,3.9011622966424584
5537,The Blank Slate: The Modern Denial of Human Nature,Steven Pinker,4.07,182,3.9305712989375374
5538,The Dreaming Void,Peter F. Hamilton,4.18,214,3.947943255068929
5539,"Being Nikki (Airhead, #2)",Meg Cabot,3.87,226,3.8765677881978293
5540,Antony and Cleopatra,"William Shakespeare, Cynthia Marshall, Barbara A. Mowat, Paul Werstine",3.67,351,3.8696645206965377
5541,"Among the Impostors (Shadow Children, #2)",Margaret Peterson Haddix,4.05,222,3.931125494218503
5542,"Thirst No. 3: The Eternal Dawn (Thirst, #3)",Christopher Pike,4.14,154,3.9171230461984616
5543,Addicted,Zane,4.26,75,3.895974890896684
5544,"Article 5 (Article 5, #1)",Kristen Simmons,3.78,222,3.8833468448567405
5545,"And the Band Played On: Politics, People, and the AIDS Epidemic","Randy Shilts, William Greider",4.37,244,3.9981866745366896
5546,"Found in You (Fixed, #2)",Laurelin Paige,4.27,170,3.9499498485837274
5547,"Midnight Rising (Midnight Breed, #4)",Lara Adrian,4.23,212,3.9715702654188085
5548,"Kisscut (Grant County, #2)",Karin Slaughter,4.12,223,3.92547372660344
5549,It Chooses You,"Miranda July, Brigitte Sire",3.88,92,3.8989367920636697
5550,Last Exit to Brooklyn,"Hubert Selby Jr., Gilbert Sorrentino",3.94,220,3.902461815712781
5551,The Feast of the Goat,"Mario Vargas Llosa, Edith Grossman",4.22,196,3.9472624286439055
5552,"Drums, Girls & Dangerous Pie (Drums, Girls & Dangerous Pie, #1)",Jordan Sonnenblick,4.25,179,3.959109306659757
5553,The First Bad Man,Miranda July,3.58,182,3.860836291964037
5554,"To Green Angel Tower, Part 2 (Memory, Sorrow, and Thorn, #3; Part 2)",Tad Williams,4.19,238,3.946708933612499
5555,"Jet (Marked Men, #2)",Jay Crownover,4.09,246,3.9273766252139155
5556,The Sea,John Banville,3.49,260,3.8176888707509598
5557,Invisible,"James Patterson, David Ellis",4.05,202,3.900468263432401
5558,Mr. Murder,Dean Koontz,3.72,366,3.847647468500684
5559,"Changeless (Parasol Protectorate, #2)",Gail Carriger,4.0,262,3.914315524192337
5560,The Magic of Recluce (The Saga of Recluce #1),L.E. Modesitt Jr.,3.84,245,3.872600351184037
5561,"The Bastard (Kent Family Chronicles, #1)",John Jakes,4.09,269,3.929909115119442
5562,"The Last Policeman (The Last Policeman, #1)",Ben H. Winters,3.76,222,3.89333044323084
5563,Earth Abides,George R. Stewart,3.96,259,3.9044099774491814
5564,Thunderhead,"Douglas Preston, Lincoln Child",4.09,273,3.9500566163507926
5565,"Allies of the Night (Cirque du Freak, #8)",Darren Shan,4.19,203,3.9243962123491705
5566,"Dragon Bound (Elder Races, #1)",Thea Harrison,4.13,214,3.9414884031719195
5567,"Rainbow Valley (Anne of Green Gables, #7)",L.M. Montgomery,4.0,306,3.93232677154182
5568,The Colorado Kid (Hard Case Crime #13),Stephen King,3.28,326,3.7712389832985513
5569,The Monkey's Paw (Oxford Bookworms),"Diane Mowat, W.W. Jacobs",3.85,326,3.9159644695894626
5570,Darkness,John Saul,3.92,226,3.889367333102899
5571,The Pursuit of Holiness,"Jerry Bridges, Foster W. Cline, Jim Fay",4.28,114,3.9361950711138123
5572,"Again the Magic (Wallflowers, #0)",Lisa Kleypas,4.05,128,3.9154760227337824
5573,Low Country,Anne Rivers Siddons,3.96,264,3.9082027837309474
5574,Revolution,Jennifer Donnelly,4.02,246,3.9259743956689386
5575,Halo: The Fall of Reach,Eric S. Nylund,4.25,155,3.9381541829870494
5576,"Ever After (The Hollows, #11)",Kim Harrison,4.45,304,4.02722985955845
5577,Audrey Rose,Frank De Felitta,3.86,248,3.8882708678447155
5578,The Nix,Nathan  Hill,4.12,284,3.955895158466576
5579,"Vanish (Firelight, #2)",Sophie Jordan,3.95,202,3.919277494424226
5580,The Calvin and Hobbes Lazy Sunday Book,Bill Watterson,4.66,267,4.061782132621161
5581,Carmilla,J. Sheridan Le Fanu,3.83,182,3.891666505573374
5582,"Drowned Wednesday (The Keys to the Kingdom, #3)",Garth Nix,3.85,260,3.913502242965082
5583,Saving Francesca,Melina Marchetta,3.97,217,3.91728138591756
5584,"Avoiding Commitment (Avoiding, #1)",K.A. Linde,3.85,254,3.878977397017784
5585,"Confessions of a Murder Suspect (Confessions, #1)","James Patterson, Maxine Paetro",3.89,190,3.9098133843265033
5586,"Y: The Last Man, Vol. 6: Girl on Girl (Y: The Last Man, #6)","Brian K. Vaughan, Pia Guerra, Goran Sudžuka, José Marzán Jr.",4.21,288,3.982576640020845
5587,Skeletons at the Feast,Chris Bohjalian,3.99,279,3.9475209213613427
5588,"L is for Lawless (Kinsey Millhone, #12)",Sue Grafton,3.91,329,3.927395004666141
5589,Milkweed,Jerry Spinelli,4.0,204,3.915782186334326
5590,If You Give a Pig a Party,"Laura Joffe Numeroff, Felicia Bond",4.22,247,3.954751825504524
5591,"Virtual Light (Bridge, #1)",William Gibson,3.84,248,3.881269537591968
5592,American on Purpose: The Improbable Adventures of an Unlikely Patriot,Craig Ferguson,3.96,151,3.9267011797060074
5593,Always Looking Up: The Adventures of an Incurable Optimist,Michael J. Fox,3.82,163,3.903534043432299
5594,"Nine Rules to Break When Romancing a Rake (Love By Numbers, #1)",Sarah MacLean,4.08,184,3.933604984638721
5595,The Lifeboat,Charlotte Rogan,3.2,276,3.7565180804385143
5596,Quo Vadis,"Henryk Sienkiewicz, W.S. Kuniczak",4.13,218,3.9523830941447526
5597,"The Jewel (The Lone City, #1)",Amy Ewing,3.86,169,3.898034003218415
5598,"The Fire Within (The Last Dragon Chronicles, #1)",Chris d'Lacey,3.76,205,3.8660342745561302
5599,"Servant of the Empire (The Empire Trilogy, #2)","Raymond E. Feist, Janny Wurts",4.27,240,3.970018503515178
5600,"The Hollow (Sign of Seven, #2)",Nora Roberts,4.11,275,3.923326654670932
5601,Is Your Mama a Llama?,"Deborah Guarino, Steven Kellogg",4.16,287,3.9525777145386813
5602,"After We Collided (After, #2)",Anna Todd,3.73,160,3.8637747374040194
5603,"Heads in Beds: A Reckless Memoir of Hotels, Hustles, and So-Called Hospitality",Jacob Tomsky,3.54,184,3.85371053327172
5604,Confederates in the Attic: Dispatches from the Unfinished Civil War,Tony Horwitz,4.08,249,3.9296279861069108
5605,"This Book Is Full of Spiders: Seriously, Dude, Don't Touch It (John Dies at the End, #2)",David Wong,4.26,212,3.9651061413076256
5606,Dali: The Paintings,"Robert Descharnes, Gilles Néret",4.17,114,3.9416033999402047
5607,"Seven Deadly Wonders (Jack West Jr, #1)",Matthew Reilly,4.08,166,3.914890648846919
5608,"Unleashed (Ross Siblings, #1)",Cherrie Lynn,3.89,195,3.8912362979296207
5609,"Mistral's Kiss (Merry Gentry, #5)",Laurell K. Hamilton,4.03,288,3.9240055033321575
5610,The 8th Habit: From Effectiveness to Greatness,Stephen R. Covey,3.99,112,3.8927627335313835
5611,Desire Unchained (Demonica #2),Larissa Ione,4.25,198,3.9553198001469982
5612,Cold Fire / Hideaway / The Key to Midnight,"Dean Koontz, Leigh Nichols",4.16,235,3.9515419208242824
5613,"I Am Not A Serial Killer (John Cleaver, #1)",Dan Wells,3.77,194,3.8773319366532832
5614,Eight Hundred Grapes,Laura Dave,3.58,210,3.83055260054852
5615,"Welcome to the World, Baby Girl! (Elmwood Springs, #1)",Fannie Flagg,3.84,291,3.8772631554017587
5616,Filth,Irvine Welsh,3.76,196,3.860798721603289
5617,The Girls,Lori Lansens,3.79,257,3.8785342520994974
5618,"Turbo Twenty-Three (Stephanie Plum, #23)",Janet Evanovich,3.75,163,3.878223241675432
5619,The Alibi,Sandra Brown,4.03,190,3.914191987552074
5620,A Land More Kind Than Home,Wiley Cash,3.84,236,3.8922666670497827
5621,"Kristy's Great Idea (The Baby-Sitters Club, #1)",Ann M. Martin,3.94,240,3.9024271495758693
5622,"Shatterproof (The 39 Clues: Cahills vs. Vespers, #4)",Roland Smith,4.17,137,3.925163046035533
5623,Five Days at Memorial: Life and Death in a Storm-Ravaged Hospital,Sheri  Fink,3.87,230,3.8967718078016076
5624,"The Fifth Woman (Kurt Wallander, #6)","Henning Mankell, Steven T. Murray",4.02,195,3.9232293176344126
5625,The Wordy Shipmates,Sarah Vowell,3.66,290,3.873779011455218
5626,Bel-Ami,"Guy de Maupassant, Douglas Parmée",3.81,159,3.906232569657737
5627,A River Runs Through It and Other Stories,Norman Maclean,4.17,297,3.946806525785289
5628,The Time in Between,"María Dueñas, Daniel Hahn",4.04,179,3.9134975947492148
5629,Paradise,Toni Morrison,3.77,295,3.8586167427252813
5630,Idoru (Bridge #2),William Gibson,3.78,246,3.8649774104624606
5631,"The Best Man (Blue Heron, #1)",Kristan Higgins,3.93,115,3.8960991897958834
5632,"Castle in the Air (Howl's Moving Castle, #2)",Diana Wynne Jones,3.93,259,3.9162212746075222
5633,"A King's Ransom (The 39 Clues: Cahills vs. Vespers, #2)",Jude Watson,4.14,158,3.9240957039098916
5634,The Poisoner's Handbook: Murder and the Birth of Forensic Medicine in Jazz Age New York,Deborah Blum,4.0,164,3.9445192892528507
5635,RoomHate,Penelope Ward,4.07,190,3.905434781100932
5636,Living Dead Girl,Elizabeth Scott,3.83,169,3.9076686285797133
5637,The Dhammapada,"Anonymous, Ananda Maitreya, Thich Nhat Hanh, Balangoda Ananda Maitreya Maitreya",4.29,146,3.949798145625128
5638,"Law Man (Dream Man, #3)",Kristen Ashley,4.33,287,3.985972385021882
5639,"Deadly Decisions (Temperance Brennan, #3)",Kathy Reichs,3.93,230,3.908116911680215
5640,Rising Strong,Brené Brown,4.19,157,3.9457244302270302
5641,"Speaking from Among the Bones (Flavia de Luce, #5)",Alan Bradley,4.17,228,3.966212653939223
5642,Swimsuit,"James Patterson, Maxine Paetro",3.63,290,3.8690180783123216
5643,Through Gates of Splendor,Elisabeth Elliot,4.38,181,3.980472548698015
5644,"Dirty Red (Love Me with Lies, #2)",Tarryn Fisher,4.22,270,3.943747693954773
5645,The Darkest Part of the Forest,Holly Black,3.91,217,3.902968067374656
5646,"Dream a Little Dream (Chicago Stars, #4)",Susan Elizabeth Phillips,4.18,235,3.9367040772575472
5647,تاكسي: حواديت المشاوير,"خالد الخميسي, Khaled Al Khamissi",3.68,176,3.883814259782207
5648,The Samurai's Garden,Gail Tsukiyama,4.12,268,3.9291702551561194
5649,The Hating Game,Sally   Thorne,4.24,190,3.9543291837864754
5650,Black-Eyed Susans,Julia Heaberlin,3.78,190,3.8850012993816003
5651,"Neanderthal Seeks Human (Knitting in the City, #1)",Penny Reid,3.96,169,3.8928461280238698
5652,"Goliath (Leviathan, #3)","Scott Westerfeld, Keith Thompson",4.25,267,3.981632889202382
5653,"Reborn! Vol. 01: Reborn Arrives! (Reborn!, #1)","Akira Amano, JN Productions, Frances E. Wall",4.22,128,3.9131829706815004
5654,"Criminal (Will Trent, #6)",Karin Slaughter,4.21,251,3.9674542587456205
5655,"The Bear and the Dragon (Jack Ryan Universe, #11)",Tom Clancy,3.79,280,3.8825017328922877
5656,"W is for Wasted (Kinsey Millhone, #23)",Sue Grafton,3.86,247,3.903606305992158
5657,I'm Just Here for the Food: Food + Heat = Cooking,Alton Brown,4.21,209,3.9527944148438836
5658,All Things Wise and Wonderful,James Herriot,4.39,299,4.009070019970666
5659,Sins of the Night (Dark-Hunter #7),Sherrilyn Kenyon,4.18,277,3.964603911715232
5660,"Shades of Earth (Across the Universe, #3)",Beth Revis,4.11,250,3.94226195940894
5661,"Tehanu (Earthsea Cycle, #4)",Ursula K. Le Guin,3.89,286,3.917081961769493
5662,"Reboot (Reboot, #1)",Amy Tintera,3.92,166,3.891121800893268
5663,Hunger Makes Me a Modern Girl,Carrie Brownstein,3.88,194,3.9100758790239447
5664,Thomas Jefferson: The Art of Power,Jon Meacham,3.99,166,3.9282606258208475
5665,"Murder in Mesopotamia (Hercule Poirot, #14)",Agatha Christie,3.86,290,3.8935028773329297
5666,"Excession (Culture, #5)",Iain M. Banks,4.19,198,3.9495155485326907
5667,"What Looks Like Crazy on an Ordinary Day (Idlewild, #1)",Pearl Cleage,3.7,269,3.821580956698135
5668,"G is for Gumshoe (Kinsey Millhone, #7)",Sue Grafton,3.9,319,3.918907010299878
5669,"King and Maxwell (Sean King & Michelle Maxwell, #6)",David Baldacci,4.03,262,3.894208750289543
5670,Love's Executioner and Other Tales of Psychotherapy,Irvin D. Yalom,4.18,157,3.9427333287539126
5671,"The Magician's Apprentice (Black Magician, #0.5)",Trudi Canavan,3.94,201,3.9069118081101917
5672,"Reaper's Gale (The Malazan Book of the Fallen, #7)",Steven Erikson,4.34,262,3.972555834807327
5673,The Visitation,Frank E. Peretti,3.91,184,3.9035529432988403
5674,"Locke & Key, Vol. 3: Crown of Shadows","Joe Hill, Gabriel Rodríguez",4.41,232,4.001003526547198
5675,Leadership and Self-Deception: Getting Out of the Box,The Arbinger Institute,4.11,126,3.9314225526621813
5676,"The Garden of Rama (Rama, #3)","Arthur C. Clarke, Gentry Lee",3.76,231,3.8762965213226157
5677,"Blue-Eyed Devil (Travises, #2)",Lisa Kleypas,4.21,197,3.940040136892912
5678,Our Man in Havana,Graham Greene,3.94,236,3.9296881173074962
5679,Batman: The Black Mirror,"Scott Snyder, Jock, Francesco Francavilla, Jared K. Fletcher, Sal Cipriano, David   Baron",4.29,118,3.941013079059237
5680,Kill Me If You Can,"James Patterson, Marshall Karp",4.0,255,3.933405755272492
5681,"Killers of the Dawn (Cirque Du Freak, #9)",Darren Shan,4.22,194,3.931905173937719
5682,Tramp for the Lord,Corrie ten Boom,4.47,175,3.97743472333993
5683,If You Take a Mouse to the Movies,"Laura Joffe Numeroff, Felicia Bond",4.16,242,3.936312508291224
5684,"A Lick of Frost (Merry Gentry, #6)","Laurell K. Hamilton, Laural Merlington",4.12,290,3.931590342476098
5685,The Abyss,"Orson Scott Card, James Cameron",4.06,286,3.9279937806332996
5686,"The Witch's Daughter (The Witch's Daughter, #1)",Paula Brackston,3.54,242,3.8357711316477587
5687,The Readers of Broken Wheel Recommend,"Katarina Bivald, Alice Menzies",3.56,234,3.8348421696546753
5688,"Live by Night (Coughlin, #2)",Dennis Lehane,3.89,254,3.9005907275623004
5689,"Until I Die (Revenants, #2)",Amy Plum,4.17,168,3.920950293363945
5690,The Magic of Reality: How We Know What's Really True,"Richard Dawkins, Dave McKean",4.04,120,3.938027594049533
5691,"Remember (Redemption, #2)","Karen Kingsbury, Gary Smalley",4.41,133,3.9645300240178227
5692,"Alex Cross, Run (Alex Cross, #20)",James Patterson,4.03,270,3.914788168339383
5693,Stuff White People Like: A Definitive Guide to the Unique Taste of Millions,Christian Lander,3.76,217,3.900105403666075
5694,"Blood Magick (The Cousins O'Dwyer Trilogy, #3)",Nora Roberts,4.06,178,3.909016624120303
5695,"The Power That Preserves (The Chronicles of Thomas Covenant the Unbeliever, #3)",Stephen R. Donaldson,3.99,293,3.9072946993433835
5696,The Brightest Star in the Sky,Marian Keyes,3.65,212,3.8552160314175157
5697,Entwined,Heather Dixon,3.87,212,3.8875366519734307
5698,"Girl Walks into a Bar . . .: Comedy Calamities, Dating Disasters, and a Midlife Miracle",Rachel Dratch,3.57,133,3.8739185871793245
5699,El coronel no tiene quien le escriba,Gabriel García Márquez,3.71,155,3.8737491803659156
5700,Waiting for the Barbarians,J.M. Coetzee,3.94,218,3.9151950801277318
5701,The Last Seven Months of Anne Frank,Willy Lindwer,4.34,145,3.9746602886460476
5702,"The Innovators: How a Group of  Hackers, Geniuses and Geeks Created the Digital Revolution",Walter Isaacson,4.03,139,3.9086009857823143
5703,Kabul Beauty School: An American Woman Goes Behind the Veil,Deborah Rodriguez,3.63,207,3.8655065815199365
5704,To Have and Have Not,Ernest Hemingway,3.57,249,3.8330772269940585
5705,Jackdaws,Ken Follett,3.91,250,3.8863296375184277
5706,حبيبتي بكماء,محمد السالم,3.3,81,3.8370072786352236
5707,"The System of the World (The Baroque Cycle, #3)",Neal Stephenson,4.3,267,3.982323830955992
5708,"Touching Spirit Bear (Spirit Bear, #1)",Ben Mikaelsen,3.85,161,3.897425841006939
5709,The Flamethrowers,Rachel Kushner,3.46,235,3.815881636785563
5710,"Twice Tempted (Night Prince, #2)",Jeaniene Frost,4.3,241,3.993257778472249
5711,Unorthodox: The Scandalous Rejection of My Hasidic Roots,Deborah Feldman,3.67,173,3.869516944168039
5712,"The Selection Stories: The Prince & The Guard (The Selection, #0.5, 2.5)",Kiera Cass,4.03,149,3.9062794557606315
5713,Crush It!: Why Now Is the Time to Cash In on Your Passion,Gary Vaynerchuk,3.85,110,3.893371526422233
5714,Redemption Ark,Alastair Reynolds,4.13,200,3.9430683768330126
5715,"The Venetian Betrayal (Cotton Malone, #3)",Steve Berry,3.94,207,3.899385338818286
5716,"Collected Poems, 1909-1962",T.S. Eliot,4.29,260,3.975294925045204
5717,The Robe,Lloyd C. Douglas,4.2,335,3.9593593879381026
5718,Beauty and the Beast,"Walt Disney Company, Ellen Titlebaum",4.39,202,4.0017487380037675
5719,The Yonahlossee Riding Camp for Girls,Anton DiSclafani,3.34,256,3.796990378432506
5720,"Lead (Stage Dive, #3)",Kylie Scott,4.32,234,3.974133691962531
5721,"No Humans Involved (Women of the Otherworld, #7)",Kelley Armstrong,4.2,254,3.9493950223402408
5722,"Night of the Soul Stealer (The Last Apprentice / Wardstone Chronicles, #3)","Joseph Delaney, Patrick  Arrasmith",4.12,180,3.923117900862021
5723,The Gift of Fear: Survival Signals That Protect Us from Violence,Gavin de Becker,4.19,174,3.9294227870801204
5724,"Endless Summer (The Boys Next Door, #1-2)",Jennifer Echols,4.02,114,3.916879611019553
5725,"Big Nate Strikes Again (Big Nate Novels, #2)",Lincoln Peirce,4.23,99,3.9487354651314055
5726,Don't You Cry,Mary Kubica,3.57,243,3.8309683696638848
5727,"His Needs, Her Needs: Building an Affair-Proof Marriage",Willard F. Harley Jr.,4.11,122,3.9189259621766164
5728,"Dance of the Gods (Circle Trilogy, #2)",Nora Roberts,4.13,282,3.957202544308697
5729,"Nevermore (Nevermore, #1)",Kelly Creagh,3.87,213,3.8739806793530516
5730,The Blind Owl,"Sadegh Hedayat, D.P. Costello",3.99,102,3.9200009986294995
5731,Pete the Cat: I Love My White Shoes,"Eric Litwin, James Dean",4.41,136,3.9562541066190136
5732,"The Ring of Solomon (Bartimaeus, #0.5)","Jonathan Stroud, Simon  Jones",4.19,232,3.963476089033921
5733,"Welcome to Dead House (Goosebumps, #1)",R.L. Stine,3.82,175,3.874136560571539
5734,The Master Butchers Singing Club,Louise Erdrich,4.02,322,3.923728470041009
5735,"Chronicles of the Black Company (The Chronicles of the Black Company, #1-3)",Glen Cook,4.2,200,3.9575579805423513
5736,"Until Friday Night (The Field Party, #1)",Abbi Glines,4.01,170,3.906255854656452
5737,Mother of Pearl,Melinda Haynes,3.67,305,3.8521627149684288
5738,Everyone Brave is Forgiven,Chris Cleave,3.8,265,3.88958505538131
5739,The Great Train Robbery,Michael Crichton,3.84,333,3.891242503497395
5740,Safe Harbour,Danielle Steel,4.04,145,3.909014774422853
5741,The Things We Do for Love,Kristin Hannah,4.05,212,3.9105202043687477
5742,"Son of the Shadows (Sevenwaters, #2)",Juliet Marillier,4.32,236,3.9784066091524446
5743,The Key to Rebecca,Ken Follett,3.86,233,3.9061892595645706
5744,"Hard Bitten (Chicagoland Vampires, #4)",Chloe Neill,4.17,225,3.9625825663862573
5745,Barefoot Contessa Family Style: Easy Ideas and Recipes That Make Everyone Feel Like Family,"Ina Garten, Maura McEvoy",4.26,158,3.971917567468137
5746,"Vain (The Seven Deadly, #1)",Fisher Amelie,4.25,247,3.9771717792633696
5747,At the Mountains of Madness,"H.P. Lovecraft, China Miéville, S.T. Joshi",3.93,226,3.919232937881396
5748,"Heart of the Sea (Gallaghers of Ardmore / Irish Trilogy, #3)",Nora Roberts,4.14,278,3.9303416858963227
5749,"Veil of Midnight (Midnight Breed, #5)",Lara Adrian,4.26,199,3.9698523022856578
5750,Subterranean,James Rollins,4.01,244,3.9223599526382134
5751,I Don't Know How She Does It,Allison Pearson,3.3,235,3.803870049136301
5752,"Preacher, Volume 9: Alamo","Garth Ennis, Steve Dillon",4.33,220,3.991014268758557
5753,"The Long Way to a Small, Angry Planet (Wayfarers, #1)",Becky  Chambers,4.18,165,3.9334106002695366
5754,Collected Fictions,"Jorge Luis Borges, Andrew Hurley",4.58,215,4.019649738796392
5755,Valiant (Modern Faerie Tales #2),Holly Black,3.92,240,3.910876068818283
5756,The Russia House,John le Carré,3.9,262,3.912928850130075
5757,"Raised by Wolves (Raised by Wolves, #1)",Jennifer Lynn Barnes,3.94,199,3.903151802031906
5758,Promise Me (Myron Bolitar #8),Harlan Coben,3.96,281,3.929116047726413
5759,"Midnight (The Vampire Diaries: The Return, #3)",L.J. Smith,3.78,230,3.87337253105198
5760,"Dark Side of the Moon (Dark-Hunter #9, Were-Hunter #3)",Sherrilyn Kenyon,4.15,268,3.9616220952444987
5761,"Mistakes Were Made (But Not by Me): Why We Justify Foolish Beliefs, Bad Decisions, and Hurtful Acts","Carol Tavris, Elliot Aronson",3.99,72,3.92447279449222
5762,Abducted (Lizzy Gardner #1),T.R. Ragan,3.94,149,3.8927384943523715
5763,Roadwork,"Richard Bachman, Stephen King",3.59,336,3.8354001718278754
5764,"Valhalla Rising (Dirk Pitt, #16)",Clive Cussler,3.92,222,3.882633730687162
5765,The Third Chimpanzee: The Evolution and Future of the Human Animal,Jared Diamond,4.04,188,3.9242982390869012
5766,The Given Day (Coughlin #1),Dennis Lehane,4.03,285,3.9026938378097364
5767,Just Me in the Tub (Mercer Mayer's Little Critter),"Gina Mayer, Mercer Mayer",4.24,240,3.9672021971010403
5768,"Crush (Crash, #3)",Nicole  Williams,4.24,242,3.9595143644397153
5769,"Deadline (Newsflesh Trilogy, #2)",Mira Grant,4.1,201,3.9308023460092723
5770,Long Lost  (Myron Bolitar #9),Harlan Coben,3.94,297,3.931914493022817
5771,"Faithless (Grant County, #5)",Karin Slaughter,4.11,190,3.92440872841174
5772,My Stroke of Insight: A Brain Scientist's Personal Journey,Jill Bolte Taylor,3.86,200,3.888732362922993
5773,"The Walking Dead, Vol. 06: This Sorrowful Life","Robert Kirkman, Charlie Adlard, Cliff Rathburn",4.32,214,3.9866723664509847
5774,Inés of My Soul,"Isabel Allende, Margaret Sayers Peden",3.9,199,3.909676850969773
5775,Cold Fire,Dean Koontz,3.75,340,3.87529913868487
5776,Frog Music,Emma Donoghue,3.13,262,3.7638613884369465
5777,An Instance of the Fingerpost,Iain Pears,3.93,297,3.9048380698183225
5778,5 cm,Donny Dhirgantoro,3.84,144,3.8659044631447608
5779,Crossing the Chasm: Marketing and Selling High-Tech Products to Mainstream Customers,"Geoffrey A. Moore, Regis McKenna",4.0,122,3.939658512280279
5780,"Shugo Chara!, Vol. 1: Who Do You Want to Be? (Shugo Chara!, #1)",Peach-Pit,4.11,137,3.9069439615445285
5781,The Innocent,Harlan Coben,3.95,284,3.928578351801275
5782,Robots and Empire (Robot #4),Isaac Asimov,4.17,255,3.9508237166742894
5783,Island,Aldous Huxley,3.87,198,3.8733347460949052
5784,Your Inner Fish: A Journey into the 3.5-Billion-Year History of the Human Body,Neil Shubin,3.97,132,3.93402215998065
5785,No Exit,Jean-Paul Sartre,4.13,192,3.9471087084038525
5786,The Dip: A Little Book That Teaches You When to Quit (and When to Stick),Seth Godin,3.83,132,3.8913489907358128
5787,Are You My Mother?,Alison Bechdel,3.66,171,3.8745040187542426
5788,ABNKKBSNPLAKo?! (Mga Kwentong Chalk ni Bob Ong),Bob Ong,4.2,64,3.923987206093874
5789,The Farseer Trilogy (Farseer Trilogy #1-3),Robin Hobb,4.33,236,3.977700544053242
5790,The Blue Bistro,Elin Hilderbrand,4.0,209,3.9196842154629
5791,"Third Grave Dead Ahead (Charley Davidson, #3)",Darynda Jones,4.39,234,3.9819113911776904
5792,Identity,"Milan Kundera, Linda Asher",3.68,190,3.8842715321773387
5793,"The Heart of Betrayal (The Remnant Chronicles, #2)",Mary E. Pearson,4.32,224,3.9661164142580696
5794,First They Killed My Father: A Daughter of Cambodia Remembers,Loung Ung,4.29,160,3.963006252736408
5795,The Funhouse,"Owen  West, Dean Koontz",3.6,271,3.838363729444365
5796,The Speed of Trust: The One Thing that Changes Everything,Stephen M.R. Covey,3.97,107,3.8985607710266503
5797,You Belong To Me,Mary Higgins Clark,3.85,221,3.8903998291176816
5798,Not Without My Daughter,Betty Mahmoody,4.04,162,3.9004822174943063
5799,"The Killing Hour (Quincy & Rainie, #4)",Lisa Gardner,4.16,230,3.926552705482952
5800,"Castle Roogna (Xanth, #3)",Piers Anthony,3.87,274,3.877203658490413
5801,While My Pretty One Sleeps,Mary Higgins Clark,3.88,235,3.895016802474816
5802,Arsenic and Old Lace,Joseph Kesselring,4.14,282,3.94762858547672
5803,"Dance with a Vampire (Vampire Kisses, #4)",Ellen Schreiber,4.01,185,3.903623584957597
5804,Sometimes a Great Notion,Ken Kesey,4.24,290,3.987361273578594
5805,"Tris's Book (Circle of Magic, #2)",Tamora Pierce,4.07,326,3.952477780350931
5806,The Moral Landscape: How Science Can Determine Human Values,Sam Harris,3.9,153,3.8953103431655345
5807,The Mill River Recluse,Darcie Chan,3.55,216,3.8413072266293833
5808,Hey Nostradamus!,Douglas Coupland,3.72,176,3.880865059752715
5809,Che Guevara: A Revolutionary Life,Jon Lee Anderson,4.1,116,3.9177792799063544
5810,"The Secret Hour (Midnighters, #1)",Scott Westerfeld,3.8,272,3.874968863556157
5811,"Chosen at Nightfall (Shadow Falls, #5)",C.C. Hunter,4.37,208,3.96716652059541
5812,Like the Flowing River ,Paulo Coelho,3.93,152,3.9162480526477577
5813,"The Candy Shop War (The Candy Shop War, #1)",Brandon Mull,4.03,205,3.9172867108515175
5814,"Broken (Women of the Otherworld, #6)",Kelley Armstrong,4.19,248,3.9596844364227453
5815,"Lament: The Faerie Queen's Deception (Books of Faerie, #1)",Maggie Stiefvater,3.69,252,3.8753175176587353
5816,Why Mosquitoes Buzz in People's Ears,"Verna Aardema, Leo Dillon, Diane Dillon",4.01,270,3.935473543778947
5817,"Shopaholic to the Stars (Shopaholic, #7)",Sophie Kinsella,3.24,250,3.762579375335669
5818,High Noon,Nora Roberts,3.94,253,3.9047075145068075
5819,The Farm,Tom Rob Smith,3.53,187,3.8679275071620034
5820,Men Explain Things to Me,Rebecca Solnit,3.93,149,3.9280954491406055
5821,"Rock with Me (With Me in Seattle, #4)",Kristen Proby,4.3,212,3.975161445480577
5822,"The Prince of Mist (Niebla, #1)","Carlos Ruiz Zafón, Lucia Graves",3.66,177,3.8706382380775124
5823,Driving Miss Daisy,Alfred Uhry,4.24,219,3.9760003434164277
5824,"Hardpressed (Hacker, #2)",Meredith Wild,4.27,139,3.9343722281077897
5825,"Conspiracy in Death (In Death, #8)",J.D. Robb,4.35,266,3.98922580415032
5826,"In the Company of Cheerful Ladies (No. 1 Ladies' Detective Agency, #6)",Alexander McCall Smith,4.07,259,3.9322012648805718
5827,"The First Four Years  (Little House, #9)","Laura Ingalls Wilder, Garth Williams",3.88,326,3.8960481182650253
5828,The Elephant Tree,R.D. Ronald,3.52,70,3.906756202945379
5829,"Bones to Ashes (Temperance Brennan, #10)",Kathy Reichs,3.92,223,3.9062333645995917
5830,Grimm's Fairy Tales,"Jacob Grimm, Wilhelm Grimm, منى الخميسي",4.14,157,3.9322644735980012
5831,The Definitive Book of Body Language,"Allan Pease, Barbara Pease",3.97,139,3.907843008066859
5832,"Between the Lines (Between the Lines, #1)",Tammara Webber,3.71,282,3.8587275391797906
5833,Never Cry Wolf,Farley Mowat,4.19,233,3.963501932033261
5834,"Tick Tock (Michael Bennett, #4)","James Patterson, Michael Ledwidge",4.03,283,3.9298963169156065
5835,Cleopatra's Daughter,Michelle Moran,4.11,211,3.924830935486672
5836,"Grave Secrets (Temperance Brennan, #5)",Kathy Reichs,3.98,232,3.9054147706171545
5837,"Shattered (The Iron Druid Chronicles, #7)",Kevin Hearne,4.28,258,3.9669173889610008
5838,"Zoe's Tale (Old Man's War, #4)",John Scalzi,3.73,237,3.867647837820227
5839,"The First Commandment (Scot Harvath, #6)",Brad Thor,4.22,194,3.948640966704946
5840,Complete Works of Oscar Wilde,"Oscar Wilde, Merlin Holland",4.45,246,4.002395905870159
5841,The New Best Recipe,"Cook's Illustrated Magazine, John Burgoyne, Carl Tremblay",4.2,134,3.96303528915971
5842,"The Rose & the Dagger (The Wrath & the Dawn, #2)",Renee Ahdieh,4.2,251,3.954878278867189
5843,The Fold,Peter Clines,3.82,219,3.8845260348335646
5844,The Nature of the Beast (Chief Inspector Armand Gamache #11),Louise Penny,4.21,250,3.957643347928831
5845,The Proper Care and Feeding of Husbands,Laura C. Schlessinger,3.71,151,3.857595793992795
5846,"Green: The Beginning and the End (The Circle, #0)",Ted Dekker,4.03,159,3.9032459348485085
5847,"Black Butler, Vol. 3 (Black Butler, #3)",Yana Toboso,4.53,146,3.97166348529187
5848,"The Crown Tower (The Riyria Chronicles, #1)",Michael J. Sullivan,4.31,255,3.9793891733732374
5849,Daytripper,"Fábio Moon, Gabriel Bá, Craig Thompson, Dave Stewart, Sean Konot",4.31,157,3.9576888361195
5850,"Club Shadowlands (Masters of the Shadowlands, #1)",Cherise Sinclair,3.99,143,3.8816725463179984
5851,The Museum of Innocence,"Orhan Pamuk, Maureen Freely",3.69,139,3.8653962560013695
5852,The Mothers,Brit Bennett,3.87,190,3.9134622203478124
5853,Faust,"Johann Wolfgang von Goethe, Walter Kaufmann",3.97,176,3.916992760113992
5854,"Faking It (Losing It, #2)",Cora Carmack,3.96,228,3.9228980192733136
5855,"Charlie Bone and the Castle of Mirrors (The Children of the Red King, #4)",Jenny Nimmo,3.89,228,3.903015891885683
5856,"Accordance (Significance, #2)",Shelly Crane,4.28,229,3.9598504793462057
5857,Bloodrose (Nightshade #3; Nightshade World #6),Andrea Cremer,4.06,210,3.9204612533572663
5858,"Cards on the Table (Hercule Poirot, #15)",Agatha Christie,3.9,260,3.900310546790674
5859,"Tales from a Not-So-Smart Miss Know-It-All (Dork Diaries, #5)",Rachel Renée Russell,4.42,96,3.9540995694919747
5860,"Ramona and Her Mother (Ramona, #5)",Beverly Cleary,4.08,293,3.9398746219660676
5861,"Appointment with Death (Hercule Poirot, #19)",Agatha Christie,3.84,274,3.8964569074761792
5862,"Natural Born Charmer (Chicago Stars, #7)",Susan Elizabeth Phillips,4.15,241,3.93626769896757
5863,The Woman Warrior,Maxine Hong Kingston,3.72,245,3.8648826777117855
5864,Three Little Kittens,"Masha, Marie Simchow Stern",4.28,279,3.983154444283292
5865,Tales of Ordinary Madness,Charles Bukowski,4.0,163,3.933311457263908
5866,"Before Jamaica Lane (On Dublin Street, #3)",Samantha Young,4.35,270,3.9899450324364665
5867,"The Sword of Shannara Trilogy (Shannara, #1-3)",Terry Brooks,3.94,264,3.8749686910909142
5868,Maybe in Another Life,Taylor Jenkins Reid,3.74,206,3.878393767974181
5869,"Carry On, Warrior: Thoughts on Life Unarmed",Glennon Doyle Melton,4.18,156,3.943438809056804
5870,The Valley of Fear,"Arthur Conan Doyle, David Timson",3.98,226,3.933454654442585
5871,"The Pagan Stone (Sign of Seven, #3)",Nora Roberts,4.14,276,3.92131928898071
5872,A Tale of Two Cities / Great Expectations,Charles Dickens,3.98,214,3.9257098763125637
5873,Principle-Centered Leadership,Stephen R. Covey,4.07,145,3.9203329665303004
5874,"Monster Hunter International (Monster Hunter International, #1)",Larry Correia,4.04,227,3.913605685029921
5875,"The Bitter Kingdom (Fire and Thorns, #3)",Rae Carson,4.23,258,3.971784245666834
5876,"The Teeth of the Tiger (Jack Ryan Universe, #12)",Tom Clancy,3.61,262,3.8713286282622255
5877,"Moreta: Dragonlady of Pern (Pern, #7)",Anne McCaffrey,3.97,278,3.9001695676764774
5878,Frosty the Snowman (Frosty the Snowman),Diane Muldrow,4.34,227,3.9704521285742964
5879,"Preacher, Volume 6: War in the Sun","Garth Ennis, Steve Dillon, Peter Snejbjerg",4.34,227,3.9860849005489998
5880,"The Queen of Attolia (The Queen's Thief, #2)",Megan Whalen Turner,4.23,226,3.9512318001440714
5881,A Single Man,Christopher Isherwood,4.11,148,3.941592471988713
5882,Mortality,Christopher Hitchens,4.12,149,3.946150064351619
5883,"Icefire (The Last Dragon Chronicles, #2)",Chris d'Lacey,3.9,181,3.8835064133861805
5884,Norse Mythology,Neil Gaiman,4.12,203,3.937408574092827
5885,Citizen Soldiers: The U. S. Army from the Normandy Beaches to the Bulge to the Surrender of Germany,Stephen E. Ambrose,4.19,197,3.950931010340962
5886,Honor's Splendour,Julie Garwood,4.22,217,3.9459080230033687
5887,Shut Out,Kody Keplinger,3.76,187,3.858419718088647
5888,"Bad Rep (Bad Rep, #1)",A. Meredith Walters,3.91,199,3.902426796594365
5889,"Valley of Silence (Circle Trilogy, #3)",Nora Roberts,4.2,267,3.966432170622958
5890,"The Prophet of Yonwood (Book of Ember, #3)",Jeanne DuPrau,3.25,280,3.726369431310421
5891,"Hope to Die (Alex Cross, #22)",James Patterson,4.14,187,3.918391926089817
5892,"Deep Kiss of Winter (Includes: Immortals After Dark, #8; Alien Huntress, #3.5)","Kresley Cole, Gena Showalter",4.23,211,3.9607685477917105
5893,Doll Bones,"Holly Black, Eliza Wheeler",3.7,146,3.8796782632455757
5894,"Red Mist (Kay Scarpetta, #19)",Patricia Cornwell,3.75,245,3.8789148112976974
5895,"I Am Half-Sick of Shadows (Flavia de Luce, #4)",Alan Bradley,4.09,256,3.9355408205407003
5896,"Wild Man (Dream Man, #2)",Kristen Ashley,4.21,287,3.960074477300216
5897,Welcome to Night Vale,"Joseph Fink, Jeffrey Cranor",3.87,164,3.9028619211058597
5898,Sleeping Beauty: a Little Golden Book (Disney Princess),"Michael Teitelbaum, Walt Disney Company",4.32,231,3.98329007336683
5899,"An Offer From a Gentleman (Bridgertons, #3)",Julia Quinn,4.08,195,3.93268180072901
5900,"Dumplin' (Dumplin', #1)",Julie   Murphy,3.87,197,3.9015590507097997
5901,Ancillary Mercy (Imperial Radch #3),Ann Leckie,4.2,201,3.9358700358666527
5902,The Darkest Surrender  (Lords of the Underworld #8),Gena Showalter,4.42,185,3.9805297594247473
5903,Danse Macabre,Stephen King,3.62,429,3.829998931549498
5904,"Seducing Cinderella (Fighting for Love, #1)",Gina L. Maxwell,3.94,220,3.8981770195976626
5905,"Blue Shoes and Happiness (No. 1 Ladies' Detective Agency, #7)",Alexander McCall Smith,4.06,259,3.9294221361374326
5906,The Vagina Monologues,"Eve Ensler, Gloria Steinem",3.86,239,3.9009492570581323
5907,Our Mutual Friend,Charles Dickens,4.07,233,3.927416175293715
5908,A Handful of Dust,Evelyn Waugh,3.92,215,3.9142960514173346
5909,Leota's Garden,Francine Rivers,4.07,153,3.9178109056795973
5910,Not My Daughter,Barbara Delinsky,3.77,179,3.875242610566179
5911,The Book of Illusions,Paul Auster,3.89,195,3.9123226063714154
5912,"To Tame a Highland Warrior (Highlander, #2)",Karen Marie Moning,4.14,231,3.9485703114451978
5913,A Mango-Shaped Space,Wendy Mass,4.22,182,3.943050194922269
5914,Quentins,Maeve Binchy,3.88,236,3.904975838835421
5915,Daniel Deronda,"George Eliot, Edmund White",3.82,206,3.8928206597003587
5916,Here's to Us,Elin Hilderbrand,3.73,221,3.881122729281815
5917,"Chasing Perfect (Fool's Gold, #1)",Susan Mallery,3.89,102,3.889586898964834
5918,The Debutante Divorcee,Plum Sykes,3.46,155,3.840797783676033
5919,Life Application Study Bible: NIV,"Anonymous, Ronald A. Beers, Ronald A. Beers",4.67,139,3.995768423059658
5920,"The Wheel of Darkness (Pendergast, #8)","Douglas Preston, Lincoln Child",3.92,271,3.9017551715996746
5921,"Sleeping Giants (Themis Files, #1)",Sylvain Neuvel,3.84,203,3.8983714888618577
5922,Blackmoore,Julianne Donaldson,4.17,173,3.9264148973195945
5923,The Sandman: Endless Nights,"Neil Gaiman, Barron Storey, Bill Sienkiewicz, Glenn Fabry, Dave McKean, P. Craig Russell, Milo Manara, Miguelanxo Prado, Frank Quitely, Todd Klein",4.34,297,4.010436120315852
5924,The First Wives Club,Olivia Goldsmith,3.87,241,3.8982743126311177
5925,The Vanishing Act of Esme Lennox,Maggie O'Farrell,3.82,246,3.8993320343143854
5926,The Night Watch,Sarah Waters,3.67,209,3.8700189163914254
5927,"Mightier Than the Sword (The Clifton Chronicles, #5)",Jeffrey Archer,4.09,184,3.909416756243207
5928,"Blood Canticle (The Vampire Chronicles, #10)",Anne Rice,3.71,292,3.857649446812883
5929,Nature Girl,Carl Hiaasen,3.61,246,3.8523573445576718
5930,Boy's Life,Robert McCammon,4.32,263,3.9711891363837095
5931,Adam Bede,"George Eliot, Joanna Trollope, Hugh Osborne",3.77,218,3.9066132307391888
5932,Sister of My Heart,Chitra Banerjee Divakaruni,3.97,213,3.89838317702046
5933,The Housekeeper and the Professor,"Yōko Ogawa, Stephen Snyder",3.94,225,3.8949813424483084
5934,"H is for Homicide (Kinsey Millhone, #8)",Sue Grafton,3.89,309,3.919705419017396
5935,JPod,Douglas Coupland,3.7,195,3.8825109289192232
5936,The Face,Dean Koontz,3.69,324,3.8540299677874144
5937,The Ascent of Money: A Financial History of the World,Niall Ferguson,3.88,156,3.8977903768185342
5938,Food: A Love Story,Jim Gaffigan,3.69,218,3.8644191379121846
5939,The Impossible Knife of Memory,Laurie Halse Anderson,3.93,205,3.9050150007526216
5940,"Purgatorio (The Divine Comedy, #2)","Dante Alighieri, Robert M. Durling",4.01,235,3.9148005938971293
5941,"Deliver Us from Evil (A. Shaw, #2)",David Baldacci,3.98,265,3.910341991657516
5942,One Last Thing Before I Go,Jonathan Tropper,3.75,255,3.8720945311381647
5943,"By the Time You Read This, I'll Be Dead","Julie Anne Peters, C.J. Bott",3.89,121,3.888125167557525
5944,The Girls of Atomic City: The Untold Story of the Women Who Helped Win World War II,Denise Kiernan,3.66,166,3.866610176441066
5945,"City of Night (Dean Koontz's Frankenstein, #2)","Dean Koontz, Ed Gorman, John Bedford Lloyd",3.97,242,3.925063123491955
5946,"The Quillan Games (Pendragon, #7)",D.J. MacHale,4.19,224,3.9497381475059514
5947,number9dream,David Mitchell,3.92,253,3.9047075145068075
5948,Girlfriend in a Coma,Douglas Coupland,3.61,223,3.839248400586195
5949,"The Green Mile, Part 1: The Two Dead Girls",Stephen King,4.49,313,4.033092667610398
5950,Ella Minnow Pea: A Novel in Letters,Mark Dunn,3.84,249,3.8778543906405987
5951,"Toll the Hounds (The Malazan Book of the Fallen, #8)",Steven Erikson,4.33,248,3.9687861657513177
5952,The Bone Garden ,Tess Gerritsen,4.02,208,3.9210669743878177
5953,"Supernova: Ksatria, Puteri, dan Bintang Jatuh",Dee Lestari,3.83,162,3.878877509157869
5954,A Head Full of Ghosts,Paul Tremblay,3.82,187,3.8993763479431047
5955,Better Than Before: Mastering the Habits of Our Everyday Lives,Gretchen Rubin,3.81,129,3.9147768124513918
5956,"Broken Homes (Peter Grant, #4)",Ben Aaronovitch,4.16,181,3.9371316245813617
5957,"The King's Buccaneer (Krondor's Sons, #2)",Raymond E. Feist,3.99,244,3.907615867824621
5958,Maya's Notebook,"Isabel Allende, Anne McLean",3.8,224,3.886361376160797
5959,"One Crazy Summer (Gaither Sisters, #1)",Rita Williams-Garcia,3.95,166,3.916376201844022
5960,"Dragon Haven (Rain Wild Chronicles, #2)",Robin Hobb,4.06,310,3.9003001278552016
5961,"Right Ho, Jeeves (Jeeves, #6)",P.G. Wodehouse,4.31,229,3.9570121908341784
5962,"If You're Reading This, It's Too Late (Secret, #2)","Pseudonymous Bosch, Gilbert Ford",4.23,144,3.9232932723269704
5963,"Moonrise (Warriors: The New Prophecy, #2)",Erin Hunter,4.31,140,3.939723760162544
5964,The Wednesday Letters,Jason F. Wright,3.61,186,3.8539246728702388
5965,"Betrayals (Strange Angels, #2)","Lili St. Crow, Lilith Saintcrow",4.08,177,3.933999322583517
5966,You've Been Warned,"James Patterson, Howard Roughan",3.52,278,3.8350252215199943
5967,"Chasing Vermeer (Chasing Vermeer, #1)","Blue Balliett, Brett Helquist",3.71,230,3.8648637031430244
5968,The Jesus I Never Knew,Philip Yancey,4.18,158,3.9442705525985264
5969,Turning Angel,Greg Iles,4.11,271,3.9499877906308876
5970,"The Unidentified Redhead (Redhead, #1)",Alice Clayton,4.04,247,3.956153072614452
5971,"The Adventures of Ook and Gluk, Kung-Fu Cavemen from the Future","Dav Pilkey, George Beard, Harold Hutchins",4.13,87,3.907217928306326
5972,A Child's Garden of Verses,"Robert Louis Stevenson, Tasha Tudor",4.3,307,4.015072467251131
5973,The Informers,Bret Easton Ellis,3.39,190,3.828079457449177
5974,"The Queen (The Selection, #0.4)",Kiera Cass,3.93,180,3.8966531504393203
5975,"The Devil Colony (Sigma Force, #7)",James Rollins,4.17,217,3.947339354857659
5976,"The Walking Dead, Vol. 12: Life Among Them","Robert Kirkman, Charlie Adlard",4.34,208,3.978691407147308
5977,"Some Luck (Last Hundred Years: A Family Saga, #1)",Jane Smiley,3.61,258,3.8473317670462404
5978,Pedagogy of the Oppressed,"Paulo Freire, Myra Bergman Ramos, Donaldo Macedo, Richard Shaull",4.25,162,3.952631513478811
5979,"William Shakespeare's Star Wars: Verily, A New Hope (William Shakespeare's Star Wars, #4)",Ian Doescher,3.94,127,3.950598394050797
5980,Identity Crisis,"Brad Meltzer, Rags Morales, Michael Bair, Joss Whedon",4.03,201,3.9163232321310417
5981,"Unspoken (The Lynburn Legacy, #1)",Sarah Rees Brennan,3.85,179,3.9031981759307053
5982,"Rama II (Rama, #2)","Arthur C. Clarke, Gentry Lee",3.66,229,3.88321668952147
5983,The Gospel According to Jesus Christ,José Saramago,4.26,169,3.938054754719193
5984,"Who Could That Be at This Hour? (All the Wrong Questions, #1)","Lemony Snicket, Seth",3.83,161,3.8899703873425837
5985,"The Calling (Darkness Rising, #2)",Kelley Armstrong,4.1,230,3.93080711943743
5986,Avatar: The Last Airbender: The Lost Adventures,"Bryan Konietzko, Michael Dante DiMartino, Aaron Ehasz, Alison Wilgus, Amy Kim Ganter, Brian Ralph, Corey Lewis, Dave Roman, Elsa Garagarza, Ethan Spaulding, Frank Pittarese, Gurihiru, J. Torres, Joaquim Dos Santos, Johane Matte, John O'Bryan, Joshua Hamilton, Justin Ridge, Kaite Mattila, May Chan, Rawles Marie Lumumba, Reagan Lodge, Tim Hedrick, Tom McWeeney",4.41,117,3.9533009177080145
5987,Hidden,Catherine McKenzie,3.44,175,3.8512633959585383
5988,Five Little Peppers and How They Grew,Margaret Sidney,4.03,320,3.9476219959625456
5989,"Princess of the Midnight Ball (The Princesses of Westfalin Trilogy, #1)",Jessica Day George,3.92,248,3.8994729962491124
5990,الطنطورية,"Radwa Ashour, رضوى عاشور",4.32,172,3.9803425871053815
5991,Miss Rumphius,Barbara Cooney,4.45,248,4.009393881217257
5992,Ball Four,Jim Bouton,3.99,150,3.931156341082919
5993,"Fables, Vol. 3: Storybook Love","Bill Willingham, Mark Buckingham, Steve Leialoha, James Jean",4.15,245,3.977139746399079
5994,Aura,Carlos Fuentes,3.8,122,3.908943623237816
5995,The Dance Of Anger: A Woman's Guide to Changing the Patterns of Intimate Relationships,Harriet Lerner,4.02,186,3.9168683894771332
5996,A Random Walk Down Wall Street,Burton G. Malkiel,4.05,137,3.913016989708197
5997,Forget You,Jennifer Echols,3.79,195,3.878875358498224
5998,"Wanted (Wanted, #1)",Kelly Elliott,3.98,170,3.9181050733485945
5999,Marathon Man,William Goldman,4.11,287,3.968252763949163
6000,The Apothecary's Daughter,Julie Klassen,3.79,186,3.8605118060035184
6001,"Rock the Heart (Black Falcon, #1)",Michelle A. Valentine,4.01,206,3.9173463756348608
6002,"Bearing an Hourglass (Incarnations of Immortality, #2)",Piers Anthony,3.94,263,3.904674898179594
6003,The Five Chinese Brothers,"Claire Huchet Bishop, Kurt Wiese",4.18,356,3.9859514942020486
6004,"Providence (Providence, #1)",Jamie McGuire,4.0,247,3.9092112944318695
6005,"The Source of Magic (Xanth, #2)",Piers Anthony,3.86,265,3.874363302112093
6006,"Days with Frog and Toad (Frog and Toad, #4)",Arnold Lobel,4.24,201,3.9843750673587257
6007,"Cities of the Plain (The Border Trilogy, #3)",Cormac McCarthy,4.07,230,3.9350615333919077
6008,"Captive Prince (Captive Prince, #1)",C.S. Pacat,3.98,148,3.9144901607638394
6009,"The King of Attolia (The Queen's Thief, #3)",Megan Whalen Turner,4.37,220,3.972446818926378
6010,"Disney after Dark (Kingdom Keepers, #1)","Ridley Pearson, David Frankland",3.91,181,3.879833453715278
6011,What Do You Care What Other People Think?,Richard Feynman,4.28,187,3.972513186968922
6012,Skippy Dies,Paul Murray,3.72,262,3.9073821538810285
6013,"The Honor of the Queen (Honor Harrington, #2)",David Weber,4.21,161,3.9227743834657476
6014,"My Sweet Audrina (Audrina, #1)",V.C. Andrews,3.92,210,3.880182176898948
6015,"The Atlantis World (The Origin Mystery, #3)",A.G. Riddle,3.93,153,3.8893101931617844
6016,"Embrace (The Violet Eden Chapters, #1)",Jessica Shirvington,4.01,200,3.912640209043402
6017,"Unnatural Death (Lord Peter Wimsey, #3)",Dorothy L. Sayers,4.11,205,3.962764224747424
6018,"Angels in America, Part One: Millennium Approaches",Tony Kushner,4.27,201,3.9829271559709025
6019,My Best Friend's Girl,Dorothy Koomson,4.02,114,3.9099260453856193
6020,"Dreaming of You (The Gamblers, #2)",Lisa Kleypas,4.22,209,3.9520746279008185
6021,Comfort Me with Apples: More Adventures at the Table,Ruth Reichl,4.02,250,3.915694106510947
6022,The Complete Poems,John Keats,4.24,206,3.96279108457232
6023,"Almost Heaven (Sequels, #3)",Judith McNaught,4.33,201,3.966276175010937
6024,Three Day Road,Joseph Boyden,4.31,174,3.950836063311384
6025,Red Harvest,Dashiell Hammett,4.0,198,3.913238975943269
6026,"Trust in Me (Wait for You, #1.5)","J. Lynn, Jennifer L. Armentrout",4.27,212,3.9636696692829183
6027,"Naruto, Vol. 11: Impassioned Efforts (Naruto, #11)","Masashi Kishimoto, Frances Wall",4.5,103,3.959025388095229
6028,One Summer,David Baldacci,3.72,205,3.8681998704559355
6029,"Whitney, My Love (Westmoreland, #2)",Judith McNaught,4.19,192,3.934720746587923
6030,Train to Pakistan,Khushwant Singh,3.85,125,3.901491826049649
6031,Jasper Jones,Craig Silvey,4.06,139,3.9108749189286796
6032,The Untethered Soul: The Journey Beyond Yourself,Michael A. Singer,4.27,109,3.9452550070135786
6033,A Brief History of Seven Killings,Marlon James,3.86,218,3.9101890013177485
6034,Hold Still,Nina LaCour,3.99,120,3.9141869418923383
6035,The Prize,Julie Garwood,4.22,218,3.9459467071033454
6036,The Middlesteins,Jami Attenberg,3.42,252,3.8250487192226537
6037,Capital in the Twenty-First Century,"Thomas Piketty, Arthur Goldhammer",4.01,120,3.9326442209817793
6038,Flyboys: A True Story of Courage,James D. Bradley,4.15,166,3.93420283780926
6039,Eloise ,"Kay Thompson, Hilary Knight",4.2,341,4.0015889571699255
6040,"The Screaming Staircase (Lockwood & Co., #1)",Jonathan Stroud,4.19,141,3.939769379052908
6041,Summer House with Swimming Pool,Herman Koch,3.39,201,3.8337922830251268
6042,True History of the Kelly Gang,Peter Carey,3.8,240,3.903131226179404
6043,"Get Shorty (Chili Palmer, #1)",Elmore Leonard,3.95,274,3.9143349243915337
6044,"One Tiny Lie (Ten Tiny Breaths, #2)",K.A. Tucker,4.3,225,3.9718332601882924
6045,The Day of the Locust,"Nathanael West, Alfred Kazin",3.78,234,3.897063763375951
6046,Genius: The Life and Science of Richard Feynman,James Gleick,4.16,161,3.935448654695152
6047,Honolulu,Alan Brennert,4.02,232,3.913911548922047
6048,Full Moon Rising (Riley Jenson Guardian #1),Keri Arthur,3.89,213,3.8976654565008304
6049,Bridge of Sighs,Richard Russo,3.79,270,3.8830705926653843
6050,Winter Solstice,Rosamunde Pilcher,4.15,221,3.9325035899112306
6051,"United We Spy (Gallagher Girls, #6)",Ally Carter,4.44,206,3.9844314221615864
6052,"The Morganville Vampires, Volume 1 (The Morganville Vampires, #1-2)",Rachel Caine,4.36,143,3.9542184542753778
6053,"Raven's Gate (The Gatekeepers, #1)",Anthony Horowitz,3.9,208,3.8893735363700985
6054,Wolf in White Van,John Darnielle,3.72,196,3.8811431232599047
6055,Three Comrades,Erich Maria Remarque,4.48,116,3.958664877376076
6056,"Bloody Valentine (Blue Bloods, #5.5)",Melissa de la Cruz,3.98,193,3.9231175129560962
6057,The Heart of a Woman,Maya Angelou,4.19,211,3.9521435208385016
6058,"Chrzest ognia (Saga o Wiedźminie, #5)",Andrzej Sapkowski,4.36,147,3.9498359681628927
6059,"Alex Cross's Trial (Alex Cross, #15)","James Patterson, Richard DiLallo",3.92,288,3.900849472548258
6060,Sway: The Irresistible Pull of Irrational Behavior,"Ori Brafman, Rom Brafman",3.75,137,3.8803744633284807
6061,King of the Wind: The Story of the Godolphin Arabian,"Marguerite Henry, Wesley Dennis",4.19,250,3.959740809999725
6062,Waking Up: A Guide to Spirituality Without Religion,Sam Harris,3.87,105,3.9030710966642865
6063,"The Call of the Wild, White Fang and Other Stories",Jack London,3.97,313,3.9125542627352887
6064,The Rape of Nanking,Iris Chang,4.08,207,3.9195684282726218
6065,Why Evolution Is True,Jerry A. Coyne,4.15,105,3.9497528052148194
6066,Brokeback Mountain,Annie Proulx,3.93,258,3.905038782272549
6067,"Nobody's Baby But Mine (Chicago Stars, #3)",Susan Elizabeth Phillips,4.06,239,3.9164498559449075
6068,Keep Quiet,Lisa Scottoline,3.76,197,3.881955478503309
6069,Sons of Fortune,Jeffrey Archer,3.83,199,3.87922662259306
6070,The Solitaire Mystery: A Novel About Family and Destiny,"Jostein Gaarder, Sarah Jane Hails",4.16,144,3.9368853587122308
6071,You Are a Badass: How to Stop Doubting Your Greatness and Start Living an Awesome Life,Jen Sincero,4.04,123,3.911315338404517
6072,Rumour Has It,Jill Mansell,3.83,127,3.888638629650889
6073,Dragon Tears,Dean Koontz,3.72,316,3.8719623608518394
6074,Surface Detail (Culture #9),Iain M. Banks,4.22,190,3.960897088624832
6075,"The Mating  (Law of the Lycans, #2)",Nicky Charles,4.02,152,3.9305091049633023
6076,"The Gates of Rome (Emperor, #1)",Conn Iggulden,4.16,173,3.949321865471519
6077,"Rat Queens, Vol. 1: Sass & Sorcery","Kurtis J. Wiebe, Roc Upchurch",4.2,146,3.9580918951538924
6078,"Curtain (Hercule Poirot, #39)",Agatha Christie,4.05,284,3.92721251146801
6079,"Grass for His Pillow (Tales of the Otori, #2)",Lian Hearn,4.01,223,3.9333123926050075
6080,"Swallowing Darkness (Merry Gentry, #7)",Laurell K. Hamilton,4.13,273,3.929413941060075
6081,"The Fixed Trilogy (Fixed, #1-3)",Laurelin Paige,4.35,101,3.9160362760810172
6082,California,Edan Lepucki,3.22,225,3.817417832877398
6083,Guards! Guards!: The Play,"Stephen Briggs, Terry Pratchett",4.35,249,3.9793026520272914
6084,The Pigeon Finds a Hot Dog!,Mo Willems,4.35,166,3.969113333241185
6085,"Aftermath (Star Wars: Aftermath, #1)",Chuck Wendig,3.15,155,3.8078463869861507
6086,"Vampireville (Vampire Kisses, #3)",Ellen Schreiber,3.92,167,3.8949137389910247
6087,"Hercule Poirot's Christmas (Hercule Poirot, #20)",Agatha Christie,3.9,242,3.8913149690941484
6088,Mrs. Lincoln's Dressmaker,Jennifer Chiaverini,3.41,199,3.809626100589145
6089,الرحيق المختوم,Safiy al-Rahman al-Mubarakfuri,4.57,90,3.9656910025526306
6090,The Baker's Daughter,Sarah McCoy,3.94,206,3.8942633488729763
6091,"The Shadows (Black Dagger Brotherhood, #13)",J.R. Ward,4.29,200,3.9459662975748806
6092,Little Red Riding Hood,"Trina Schart Hyman, Johann Grimm, Wilhelm Grimm",4.11,240,3.9693144269116436
6093,"Captain Underpants and the Attack of the Talking Toilets (Captain Underpants, #2)",Dav Pilkey,3.99,114,3.913016519000701
6094,Ghost Boy,"Martin Pistorius, Megan Lloyd Davies",3.96,137,3.9099804756263628
6095,Essentialism: The Disciplined Pursuit of Less,Greg McKeown,3.99,130,3.9102627494028908
6096,"Wideacre  (The Wideacre Trilogy, #1)",Philippa Gregory,3.28,232,3.785043744631174
6097,The Magic Finger (Young Puffin Developing Reader),"Roald Dahl, Quentin Blake",3.66,234,3.8588823308651685
6098,"If I Were You (Inside Out, #1)",Lisa Renee Jones,4.14,188,3.9345299134273235
6099,"Beautifully Damaged (Beautifully Damaged, #1)",L.A. Fiore,3.99,217,3.920859715553286
6100,"Wethering the Storm (The Storm, #2)",Samantha Towle,4.33,241,3.9841112225023623
6101,Meditations on First Philosophy,"René Descartes, Donald A. Cress",3.69,195,3.883238043003423
6102,"The Enchanted Wood (The Faraway Tree, #1)",Enid Blyton,4.24,167,3.932767223738297
6103,"Forever Black (Forever, #1)",Sandi Lynn,3.99,218,3.9023223060449173
6104,Daisy Miller,Henry James,3.36,273,3.8117506919029847
6105,Arcadia,Lauren Groff,3.65,263,3.8464749397509927
6106,Pat the Bunny,Dorothy Kunhardt,4.06,345,3.945858047952932
6107,The Swans of Fifth Avenue,Melanie Benjamin,3.58,210,3.8514114080001494
6108,"Cardcaptor Sakura, Vol. 1 (Cardcaptor Sakura, #1)","CLAMP, Maria Simpson",4.3,167,3.9498384031341254
6109,"Size 14 Is Not Fat Either (Heather Wells, #2)",Meg Cabot,3.83,254,3.890132664395599
6110,The Pioneer Woman Cooks: Food from My Frontier ,Ree Drummond,4.31,121,3.931927519052184
6111,"Defiance (Significance, #3)",Shelly Crane,4.31,192,3.9645975956734
6112,Gorillas in the Mist,Dian Fossey,4.16,212,3.950023185048199
6113,A Case of Need,"Jeffery Hudson, Michael Crichton",3.6,288,3.8456836345042613
6114,The Love Affairs of Nathaniel P.,Adelle Waldman,3.3,206,3.8185221673105443
6115,"Revealed (House of Night, #11)","P.C. Cast, Kristin Cast",3.81,222,3.8591009630910698
6116,We're All Damaged,Matthew Norman,3.85,170,3.8921849074595327
6117,"Sworn to Silence (Kate Burkholder, #1)",Linda Castillo,4.0,146,3.914361215820408
6118,"Magic Breaks (Kate Daniels, #7)",Ilona Andrews,4.52,235,4.012306423049958
6119,The Seagull,"Anton Chekhov, Michael Frayn",3.92,187,3.927899715163173
6120,"1Q84 BOOK 3 (1Q84, #3)","Haruki Murakami, 村上 春樹",3.86,169,3.9165621289132195
6121,"Boy Meets Girl (Boy, #2)",Meg Cabot,3.82,238,3.8783171970264454
6122,"Dancing in My Nuddy-Pants (Confessions of Georgia Nicolson, #4)",Louise Rennison,4.01,191,3.9186299719555224
6123,The Door Into Summer,Robert A. Heinlein,4.0,206,3.9187890648074784
6124,Luna,Julie Anne Peters,3.86,122,3.9012649009772
6125,Runaway,Alice Munro,3.98,188,3.9272215746127364
6126,"Matter (Culture, #8)",Iain M. Banks,4.03,207,3.9375890438568497
6127,Leo,Mia Sheridan,4.06,222,3.9161500966573537
6128,Maurice,E.M. Forster,4.02,175,3.909553073520702
6129,"New York to Dallas (In Death, #33)","J.D. Robb, Susan Ericksen",4.42,243,4.004508733606834
6130,The Stepford Wives,Ira Levin,3.71,287,3.8653426569499127
6131,The Longest Day,Cornelius Ryan,4.31,148,3.9491208917734
6132,Motor Mouth (Alex Barnaby #2),Janet Evanovich,3.66,239,3.875584640697955
6133,"The Reality Bug (Pendragon, #4)",D.J. MacHale,4.15,220,3.9395967153771387
6134,True Blue,David Baldacci,3.84,248,3.8994729962491124
6135,"Mistress of the Empire (The Empire Trilogy, #3)","Raymond E. Feist, Janny Wurts",4.29,223,3.9696552986122757
6136,Defiance (Defiance #1),C.J. Redwine,3.69,186,3.874417975951553
6137,"Winter Street (Winter, #1)",Elin Hilderbrand,3.67,207,3.8438818428188624
6138,The Hidden Staircase (Nancy Drew #2),"Carolyn Keene, Mildred Benson",3.94,202,3.9272352459976902
6139,Captains and the Kings,Taylor Caldwell,4.11,267,3.9463948597682634
6140,"The Fallen Angel (Gabriel Allon, #12)",Daniel Silva,4.17,236,3.957930721275582
6141,"Harry Potter and the Order of the Phoenix (Harry Potter, #5, Part 1)",J.K. Rowling,4.56,142,3.9806528628470144
6142,"One Tuesday Morning (9/11, #1)",Karen Kingsbury,4.41,121,3.931927519052184
6143,"Hit List (Anita Blake, Vampire Hunter #20)",Laurell K. Hamilton,3.92,289,3.9165706666729787
6144,Interesting Times: The Play,"Stephen Briggs, Terry Pratchett",4.1,332,3.9328289893160133
6145,The Wall of Winnipeg and Me,Mariana Zapata,4.34,164,3.9727867890668804
6146,Let Me Call You Sweetheart,Mary Higgins Clark,3.84,217,3.877919759924574
6147,The Onion Field,Joseph Wambaugh,4.13,222,3.9403959784230245
6148,"Break No Bones (Temperance Brennan, #9)",Kathy Reichs,3.95,211,3.9183621652717653
6149,"The Willpower Instinct: How Self-Control Works, Why It Matters, and What You Can Do to Get More of It",Kelly McGonigal,4.11,112,3.94383446610122
6150,"Broken Angels (Takeshi Kovacs, #2)",Richard K. Morgan,4.0,220,3.9131738060005765
6151,"Beyond Reach (Grant County, #6)",Karin Slaughter,4.19,187,3.9366761358462714
6152,Fuzzy Nation,John Scalzi,4.1,218,3.938795165946226
6153,"I is for Innocent (Kinsey Millhone, #9)",Sue Grafton,3.9,313,3.9165722095644595
6154,V.,Thomas Pynchon,3.97,239,3.9101087018548633
6155,Heart of Darkness and Selected Short Fiction,"Joseph Conrad, A. Michael Matin",3.75,285,3.865841316141819
6156,Why I Am Not a Christian and Other Essays on Religion and Related Subjects,"Bertrand Russell, Paul  Edwards",4.03,174,3.930161175915681
6157,The Art of Travel,Alain de Botton,3.81,137,3.9046665759831534
6158,"The Summer Garden (The Bronze Horseman, #3)",Paullina Simons,4.13,180,3.940761067810488
6159,"Cross Justice (Alex Cross, #23)",James Patterson,4.22,145,3.9452329891666844
6160,عقاید یک دلقک,"Heinrich Böll, محمد اسماعیل‌زاده",4.05,117,3.921696816883225
6161,The Weight of Blood,Laura McHugh,3.73,194,3.875149007161906
6162,"When He was Wicked (Bridgertons, #6)",Julia Quinn,4.03,189,3.925083824247869
6163,"V is for Vengeance (Kinsey Millhone, #22)",Sue Grafton,3.93,266,3.9214666946986156
6164,"Among the Betrayed (Shadow Children, #3)",Margaret Peterson Haddix,4.06,211,3.934893466932083
6165,"Spook Country (Blue Ant, #2)",William Gibson,3.66,199,3.8625514975296222
6166,The I Ching or Book of Changes,"Anonymous, Richard Wilhelm, Cary F. Baynes, C.G. Jung",4.18,229,3.9662366284982666
6167,"The 39 Steps (Richard Hannay, #1)",John Buchan,3.6,194,3.866417289196396
6168,Blue Nights,Joan Didion,3.75,204,3.89700013042159
6169,"Blindsight (Firefall, #1)",Peter Watts,3.99,171,3.89152466553882
6170,Paddle Your Own Canoe: One Man's Fundamentals for Delicious Living,Nick Offerman,3.64,173,3.8599107962333608
6171,"American Vampire, Vol. 1","Scott Snyder, Stephen King, Rafael Albuquerque",3.98,178,3.925213340604143
6172,"Heat Lightning (Virgil Flowers, #2)",John Sandford,4.16,218,3.9545285564918884
6173,Democracy in America ,"Alexis de Tocqueville, Isaac Kramnick, Gerald Bevan",3.99,237,3.9212709239699484
6174,Drop Shot (Myron Bolitar #2),Harlan Coben,3.92,267,3.93326696644967
6175,"The Lake of Souls (Cirque Du Freak, #10)",Darren Shan,4.19,184,3.9306730781665378
6176,"Find You in the Dark (Find You in the Dark, #1)",A. Meredith Walters,3.98,194,3.9224458128084168
6177,The School of Essential Ingredients,Erica Bauermeister,3.78,234,3.8800942378156034
6178,"Intuition (The Premonition, #2)",Amy A. Bartol,4.29,202,3.9322992697262587
6179,Azincourt,Bernard Cornwell,4.11,174,3.934591508929046
6180,Paddy Clarke Ha Ha Ha,Roddy Doyle,3.75,270,3.894102792899819
6181,Dinner at the Homesick Restaurant,Anne Tyler,3.82,248,3.879869271541418
6182,"Heaven (Casteel, #1)",V.C. Andrews,4.01,194,3.8773319366532832
6183,"Charlie Bone and the Hidden King (The Children of the Red King, #5)",Jenny Nimmo,3.98,214,3.9156689955838826
6184,Money,Martin Amis,3.71,218,3.8758616037635756
6185,"Secret Prey (Lucas Davenport, #9)",John Sandford,4.25,237,3.9628993724282844
6186,The Complete Clive Barker's The Great And Secret Show,"Chris Ryall, Gabriel Rodríguez, Clive Barker",4.21,223,3.948989724608143
6187,His Last Bow: 8 Stories,Arthur Conan Doyle,4.27,209,3.9758275970219588
6188,House Atreides (Prelude to Dune #1),"Brian Herbert, Kevin J. Anderson",3.69,258,3.8508080932646926
6189,"Charmed Life (Chrestomanci, #1)",Diana Wynne Jones,3.95,237,3.9226820578159938
6190,The Pickwick Papers,Charles Dickens,3.82,249,3.910737620193527
6191,Netherland,Joseph O'Neill,3.4,223,3.819295432582204
6192,The Romanov Prophecy,Steve Berry,3.9,257,3.9001024702863756
6193,Ecstasy Unveiled (Demonica #4),Larissa Ione,4.36,148,3.9641777313427746
6194,The Uncommon Reader,Alan Bennett,3.82,214,3.8970216456591893
6195,Amerika,"Franz Kafka, بهرام مقدادی",3.73,163,3.893111948591236
6196,"30 Days of Night, Vol. 1","Steve Niles, Ben Templesmith",3.81,190,3.8725952569091495
6197,"Sunset (Warriors: The New Prophecy, #6)",Erin Hunter,4.35,147,3.931754147926322
6198,النبطي,"يوسف زيدان, Youssef Ziedan",3.43,185,3.8582123200341374
6199,When She Woke,Hillary Jordan,3.67,219,3.864516029831064
6200,The Naked Face,Sidney Sheldon,3.51,198,3.8174688243071957
6201,"Princess in Training (The Princess Diaries, #6)",Meg Cabot,3.7,283,3.842422798156637
6202,The Portable Atheist: Essential Readings for the Nonbeliever,"Christopher Hitchens, Titus Lucretius Carus, Omar Khayyám, Thomas Hobbes, Baruch Spinoza, David Hume, James Boswell, Percy Bysshe Shelley, George Eliot, Charles Darwin, Leslie Stephen, Anatole France, Mark Twain, Joseph Conrad, Thomas Hardy, Emma Goldman, H.P. Lovecraft, Carl Van Doren, H.L. Mencken, Sigmund Freud, Albert Einstein, George Orwell, John Betjeman, Chapman Cohen, Bertrand Russell, Philip Larkin, Martin Gardner, Carl Sagan, John Updike, John Leslie Mackie, Michael Shermer, A.J. Ayer, Daniel C. Dennett, Charles Templeton, Richard Dawkins, Victor J. Stenger, Elizabeth S.  Anderson, Penn Jillette, Ian McEwan, Steven Weinberg, Salman Rushdie, Ibn Warraq, Sam Harris, A.C. Grayling, Ayaan Hirsi Ali, John Stuart Mill, Karl Marx",4.02,172,3.920444635467431
6203,Sin Undone (Demonica #5),Larissa Ione,4.35,164,3.9750184337890406
6204,The Tao of Physics: An Exploration of the Parallels between Modern Physics and Eastern Mysticism,Fritjof Capra,3.96,186,3.9154045821141823
6205,"Unbeautifully (Undeniable, #2)",Madeline Sheehan,4.38,199,3.97202731859828
6206,The Girl With No Past,Kathryn Croft,3.59,136,3.86964770990094
6207,"Acceptance (Southern Reach, #3)",Jeff VanderMeer,3.58,215,3.8426268763295397
6208,"Lady Luck (Colorado Mountain, #3)",Kristen Ashley,4.44,270,3.9940821075243793
6209,"The Lonely Hearts Club (The Lonely Hearts Club, #1)",Elizabeth Eulberg,3.83,134,3.9021663855608364
6210,"Ransom (Highlands' Lairds, #2)",Julie Garwood,4.33,194,3.9588279709980405
6211,"The Big Four (Hercule Poirot, #5)",Agatha Christie,3.6,253,3.8809860326118795
6212,"Peril at End House (Hercule Poirot, #8)",Agatha Christie,3.89,265,3.9020392171470335
6213,Disclaimer,Renée Knight,3.58,171,3.864143625059282
6214,"The Divergent Series 2-Book Collection (Divergent, #1-2)",Veronica Roth,4.56,96,3.9493984804063365
6215,The Prague Cemetery,"Umberto Eco, Richard Dixon",3.39,170,3.8470097611957397
6216,Beatrice and Virgil,Yann Martel,3.13,239,3.764966730460514
6217,"Shaman King, Vol. 1: A Shaman in Tokyo",Hiroyuki Takei,4.14,137,3.9244039175150744
6218,"From the Two Rivers: The Eye of the World, Part 1 (Wheel of time, #1-1)",Robert Jordan,4.26,184,3.9651229792146943
6219,Hyperspace,Michio Kaku,4.11,121,3.9326959813591076
6220,How the Mind Works,Steven Pinker,3.97,154,3.917872502842395
6221,"A Castle of Sand (A Shade of Vampire, #3)",Bella Forrest,4.1,155,3.9059516816764823
6222,"Leaving (Bailey Flanigan, #1)",Karen Kingsbury,4.22,108,3.9242546616025824
6223,"Live and Let Die (James Bond, #2)",Ian Fleming,3.62,194,3.8605961438860565
6224,The World of the Hunger Games (Hunger Games Trilogy),Kate Egan,4.48,73,3.9532572253591374
6225,Utilitarianism,"John Stuart Mill, George Sher",3.65,195,3.8672415331510273
6226,"Winger (Winger, #1)",Andrew  Smith,4.08,156,3.9314654497811925
6227,The Magic Strings of Frankie Presto,Mitch Albom,4.32,220,3.991014268758557
6228,"Fool's Quest  (The Fitz and The Fool, #2)",Robin Hobb,4.53,250,4.023363826150183
6229,Invasion of the Body Snatchers,Jack Finney,3.88,243,3.897714663488096
6230,Smack,Melvin Burgess,3.87,148,3.9039503730652774
6231,Killing Patton: The Strange Death of World War II's Most Audacious General,"Bill O'Reilly, Martin Dugard",4.08,160,3.90779473292741
6232,The Devotion of Suspect X,"Keigo Higashino, Alexander O. Smith",4.05,145,3.913542051265832
6233,"Charlie Bone and the Time Twister (The Children of the Red King, #2)",Jenny Nimmo,3.88,204,3.910725478973205
6234,Porno,Irvine Welsh,3.78,164,3.8790577107361504
6235,"Charlie Bone and the Invisible Boy (The Children of the Red King, #3)",Jenny Nimmo,3.89,200,3.9046709270032656
6236,"First Shift: Legacy (Shift, #1)",Hugh Howey,4.21,222,3.9532320334754383
6237,"Worst Case (Michael Bennett, #3)","James Patterson, Michael Ledwidge",4.0,251,3.9290276535615223
6238,The Unlikely Spy,Daniel Silva,4.22,235,3.976271660102174
6239,"Royal Blood (Vampire Kisses, #6)",Ellen Schreiber,4.09,164,3.919971197309088
6240,"Conversations With God: An Uncommon Dialogue, Book 3",Neale Donald Walsch,4.18,148,3.9408396300102444
6241,M Train,Patti Smith,3.94,123,3.9182208858609737
6242,Love Medicine,Louise Erdrich,3.98,258,3.9189440871463583
6243,"The Inner Circle (Culper Ring, #1)",Brad Meltzer,3.76,213,3.892641412863423
6244,"Dragon Slippers (Dragon Slippers, #1)",Jessica Day George,4.22,184,3.939468797583088
6245,The Princess Diarist,Carrie Fisher,3.66,149,3.8844634623806567
6246,"The Crippled God (The Malazan Book of the Fallen, #10)",Steven Erikson,4.44,217,3.9974359697578237
6247,"Tales from a Not-So-Graceful Ice Princess (Dork Diaries, #4)",Rachel Renée Russell,4.38,101,3.948815484697266
6248,"Gone (Wake, #3)",Lisa McMann,3.72,212,3.872453695714004
6249,Pride of Baghdad,"Brian K. Vaughan, Niko Henrichon",3.88,217,3.923006713334722
6250,Soumission,Michel Houellebecq,3.63,107,3.885354836124141
6251,Eiger Dreams: Ventures Among Men and Mountains,Jon Krakauer,3.97,148,3.9272884743978076
6252,"Woken Furies (Takeshi Kovacs, #3)",Richard K. Morgan,4.1,214,3.9364679628075794
6253,"Scion of Ikshvaku (RamChandra, #1)",Amish Tripathi,3.69,92,3.8777153820188692
6254,"Blameless (Parasol Protectorate, #3)",Gail Carriger,4.01,232,3.915327678639529
6255,Belly Laughs: The Naked Truth About Pregnancy and Childbirth,Jenny McCarthy,3.72,171,3.870063850027831
6256,Imajica,Clive Barker,4.16,255,3.9438565321135703
6257,On Writing Well: The Classic Guide to Writing Nonfiction,William Zinsser,4.23,183,3.9628968536218054
6258,I'm OK - You're OK,Thomas A. Harris,3.7,225,3.8679408528731285
6259,The Sicilian,Mario Puzo,3.94,180,3.9040044700011816
6260,"Fire Touched (Mercy Thompson, #9)",Patricia Briggs,4.35,180,3.9620798945398863
6261,The Copper Beech,Maeve Binchy,3.89,258,3.8966955993482637
6262,Frosty the Snow Man,"Jane Werner Watson, Corinne Malvern",4.25,249,3.9751047929354284
6263,"The Compound (The Compound, #1)",S.A. Bodeen,3.87,173,3.8879903055808818
6264,The Covenant,James A. Michener,4.17,266,3.952580571487663
6265,L'Écume des jours,Boris Vian,4.02,128,3.9147116720496884
6266,"The Pledge (The Pledge, #1)",Kimberly Derting,3.8,208,3.8893735363700985
6267,The Villa,Nora Roberts,3.94,231,3.9095991501045897
6268,"Beautiful Broken Rules (Broken, #1)",Kimberly Lauren,4.15,212,3.9464320049864305
6269,"Dark Desire (Dark, #2)",Christine Feehan,4.2,175,3.9427560544105416
6270,"Fragments (Partials Sequence, #2)",Dan Wells,4.12,201,3.9394898143362105
6271,"A Rogue by Any Other Name (The Rules of Scoundrels, #1)",Sarah MacLean,3.95,128,3.9078325158928435
6272,Being and Time,Martin Heidegger,3.99,154,3.9028833699637318
6273,In Our Time,Ernest Hemingway,3.8,266,3.9000326906883824
6274,Savage Inequalities: Children in America's Schools,Jonathan Kozol,4.23,216,3.967354637644208
6275,"The Enemy (The Enemy, #1)",Charlie Higson,4.08,136,3.919028550134929
6276,As the Crow Flies,Jeffrey Archer,4.05,189,3.9126687216406975
6277,"The Empty Chair (Lincoln Rhyme, #3)",Jeffery Deaver,4.06,256,3.940414454182697
6278,Jamaica Inn,Daphne du Maurier,3.85,214,3.9092141436868735
6279,"Airborn (Matt Cruse, #1)",Kenneth Oppel,4.16,188,3.9403765844789937
6280,The Other,Thomas Tryon,3.99,237,3.913509687816699
6281,"The English Spy (Gabriel Allon, #15)",Daniel Silva,4.16,167,3.9439006016051414
6282,"Wildwood (Wildwood Chronicles, #1)","Colin Meloy, Carson Ellis",3.63,191,3.850081878905132
6283,The Cement Garden,Ian McEwan,3.57,192,3.8698661229633515
6284,"Serpent Mage (The Death Gate Cycle, #4)","Margaret Weis, Tracy Hickman",4.06,228,3.9243181712295727
6285,Born on a Blue Day: Inside the Extraordinary Mind of an Autistic Savant,Daniel Tammet,3.84,181,3.911420906885042
6286,"The Bet (The Bet, #1)",Rachel Van Dyken,3.85,216,3.8699543654963886
6287,Little Princes: One Man's Promise to Bring Home the Lost Children of Nepal,Conor Grennan,4.25,155,3.9621188351251457
6288,The Descendants,Kaui Hart Hemmings,3.82,236,3.8965030576449955
6289,Too Late,Colleen Hoover,4.03,180,3.9267935606429516
6290,"Kitchen Princess, Vol. 01 (Kitchen Princess, #1)","Natsumi Ando, Miyuki Kobayashi",4.16,115,3.9339282641415947
6291,Lust for Life,Irving Stone,4.19,198,3.9342793880451334
6292,"Skinwalker (Jane Yellowrock, #1)",Faith Hunter,3.89,215,3.9013955999015315
6293,Hissy Fit,Mary Kay Andrews,3.96,175,3.8955340371449916
6294,Private Games (Private #3),"James Patterson, Mark T. Sullivan",3.83,214,3.9063453206215364
6295,"The Cold Dish (Walt Longmire, #1)",Craig Johnson,4.14,174,3.9264692317378773
6296,Crown Duel (Crown & Court #1-2),Sherwood Smith,4.19,191,3.943423963058855
6297,Pinkalicious,"Victoria Kann, Elizabeth Kann",4.05,199,3.92562697059567
6298,The Poetry of Pablo Neruda,"Pablo Neruda, Ilan Stavans",4.44,193,3.992293949277366
6299,Falling Angels,Tracy Chevalier,3.55,266,3.8336564202050805
6300,Sleeping Arrangements,Madeleine Wickham,3.24,198,3.7993305380124847
6301,"Ashes (Ashes Trilogy, #1)",Ilsa J. Bick,3.94,166,3.9156334253454705
6302,Lady Susan,"Jane Austen, Robert William Chapman",3.56,202,3.860679505565078
6303,"Sweet Home (Sweet Home, #1)",Tillie Cole,4.05,187,3.9257056099923986
6304,Remember Me,Mary Higgins Clark,3.91,209,3.9038489027154735
6305,The Silver Palate Cookbook,"Julee Rosso, Sheila Lukins, Michael McLaughlin",4.06,199,3.9198269270953436
6306,Memories of Midnight,Sidney Sheldon,3.68,210,3.854288484890029
6307,The Bone People,Keri Hulme,4.06,252,3.9123209387297404
6308,"Wolf Brother (Chronicles of Ancient Darkness, #1)","Michelle Paver, Geoff Taylor",4.15,151,3.928203470699773
6309,"The Crimson Campaign (Powder Mage, #2)",Brian  McClellan,4.35,222,3.9781910294106875
6310,The Universe Versus Alex Woods,Gavin Extence,4.08,176,3.947959360423658
6311,"Stormy, Misty's Foal (Misty, #3)",Marguerite Henry,4.06,270,3.936163056293599
6312,"Bakuman, Band 1: Traum und Realität","Tsugumi Ohba, Takeshi Obata, Diana Hammermeister",4.18,123,3.9235918672159955
6313,"Heaven, Texas (Chicago Stars, #2)",Susan Elizabeth Phillips,4.08,232,3.913911548922047
6314,"The Murder on the Links (Hercule Poirot, #2)",Agatha Christie,3.8,240,3.9010189963688005
6315,High-Rise,J.G. Ballard,3.68,141,3.8867912514513034
6316,The Anti-Christ,"Friedrich Nietzsche, H.L. Mencken",3.91,121,3.917326735220631
6317,The Looming Tower: Al-Qaeda and the Road to 9/11,Lawrence Wright,4.38,158,3.957720451724283
6318,The Cat Who Walks Through Walls (The World As Myth),Robert A. Heinlein,3.7,245,3.8697939244668547
6319,Shattered,"K.R. Dwyer, Dean Koontz",3.87,251,3.8752304063037846
6320,Hollywood,Charles Bukowski,3.78,144,3.8998846791079114
6321,"Dexter By Design (Dexter, #4)",Jeff Lindsay,3.72,216,3.8699543654963886
6322,A Son of the Circus,John Irving,3.61,267,3.836535120944246
6323,Apt Pupil,Stephen King,3.83,336,3.8848626792472514
6324,"Morning, Noon & Night",Sidney Sheldon,3.62,185,3.834041808058747
6325,"Memory in Death (In Death, #22)",J.D. Robb,4.31,261,3.983637882843688
6326,The Waves,Virginia Woolf,4.14,212,3.9291943406899428
6327,The Nine: Inside the Secret World of the Supreme Court,Jeffrey Toobin,4.06,223,3.9390132406061475
6328,The Violets of March,Sarah Jio,3.8,203,3.874515492331821
6329,Please Look After Mom,"Kyung-Sook Shin, 신경숙, Chi-Young Kim",3.76,214,3.8697678265384834
6330,"The Shining Ones (The Tamuli, #2)",David Eddings,3.95,260,3.888507450213572
6331,House of M,"Brian Michael Bendis, Olivier Coipel, Tim Townsend, Rick Magyar, John Dell, Scott Hanna, Frank D'Armata, Chris Eliopoulos, James Taveras, Omar Otieku, Tom Valente, Esad Ribic",3.97,167,3.8926870634176556
6332,"Tenth Grade Bleeds (The Chronicles of Vladimir Tod, #3)",Heather Brewer,4.24,140,3.929120109477094
6333,Trinity,Leon Uris,4.23,258,3.96552685847362
6334,The Cat in the Hat Comes Back,Dr. Seuss,3.83,332,3.886541876970579
6335,Oscar and Lucinda,Peter Carey,3.72,234,3.887164873465748
6336,"The Good Husband of Zebra Drive (No. 1 Ladies' Detective Agency, #8)",Alexander McCall Smith,4.06,245,3.9245192454519104
6337,Up from Slavery,"Booker T. Washington, Ishmael Reed",4.09,149,3.932609102943359
6338,"The Secret Servant (Gabriel Allon, #7)",Daniel Silva,4.25,201,3.9706199091744065
6339,"Hearts in Darkness (Hearts in Darkness, #1)",Laura Kaye,3.86,229,3.8966985599535993
6340,"Shards of Honour  (Vorkosigan Saga, #1)",Lois McMaster Bujold,4.13,207,3.933984920740004
6341,"Asterix the Gaul (Asterix, #1)","René Goscinny, Albert Uderzo, Anthea Bell, Derek Hockridge",4.18,172,3.9426290620000053
6342,"A Light in the Window (Mitford Years, #2)",Jan Karon,4.23,211,3.9528622730846026
6343,"The Forever of Ella and Micha (The Secret, #2)",Jessica Sorensen,4.1,250,3.933172957101732
6344,"Say Goodbye (Quincy & Rainie, #6)",Lisa Gardner,4.12,179,3.928946722976979
6345,Scuffy the Tugboat (Big Little Golden Book),Gertrude Crampton,4.11,276,3.958399560902704
6346,"Dawn (Warriors: The New Prophecy, #3)",Erin Hunter,4.31,138,3.9365981040298923
6347,Just Me and My Dad (Little Critter),Mercer Mayer,4.19,231,3.96486734255127
6348,All I Really Need to Know I Learned in Kindergarten,Robert Fulghum,4.03,237,3.9240931916620387
6349,Temple,Matthew Reilly,4.04,149,3.9168113146337222
6350,"Peter and the Secret of Rundoon (Peter and the Starcatchers, #3)","Dave Barry, Ridley Pearson, Greg Call",4.16,213,3.934269203001943
6351,Holy Cow: An Indian Adventure,Sarah Macdonald,3.51,163,3.8700344528717396
6352,"Last to Die (Rizzoli & Isles, #10)",Tess Gerritsen,4.1,211,3.934893466932083
6353,Kraken,China Miéville,3.6,229,3.8697348190893406
6354,The Wall,Jean-Paul Sartre,4.07,163,3.9310781512265374
6355,The House We Grew Up In,Lisa Jewell,3.88,190,3.9134622203478124
6356,"A Dance with Dragons: Dreams and Dust (A Song of Ice and Fire #5, Part 1 of 2)",George R.R. Martin,4.32,170,3.9714265574632357
6357,"Full Black (Scot Harvath, #10)",Brad Thor,4.26,162,3.9392216945113665
6358,The Sisterhood,Helen Bryan,3.75,192,3.854563346602497
6359,"Five on a Treasure Island (Famous Five, #1)",Enid Blyton,4.06,181,3.915093866555945
6360,Summer People,Elin Hilderbrand,3.93,178,3.9082804097346737
6361,There's Treasure Everywhere: A Calvin and Hobbes Collection,Bill Watterson,4.74,263,4.073039063633761
6362,"Boys Over Flowers: Hana Yori Dango, Vol. 1 (Boys Over Flowers, #1)","Yoko Kamio, 神尾葉子",4.12,133,3.946255448520983
6363,"In the Plex: How Google Thinks, Works, and Shapes Our Lives",Steven Levy,3.83,120,3.917263155073912
6364,When We Were Orphans,Kazuo Ishiguro,3.45,242,3.8231155737485816
6365,"Price of a Kiss (Forbidden Men, #1)",Linda Kage,4.1,189,3.928735325014684
6366,Stitches,David Small,4.03,191,3.9317562025396393
6367,The Last Nude,Ellis Avery,3.77,71,3.9076298893491628
6368,"Daja's Book (Circle of Magic, #3)",Tamora Pierce,4.06,309,3.9317916340177317
6369,"All the Weyrs of Pern (Pern, #11)",Anne McCaffrey,4.15,254,3.9347537339068586
6370,"Beautiful Sacrifice (The Maddox Brothers, #3)",Jamie McGuire,4.08,205,3.932445882150153
6371,"Black Powder War (Temeraire, #3)",Naomi Novik,3.9,228,3.895205056126257
6372,"Heartbreaker (Buchanan-Renard, #1)",Julie Garwood,4.02,161,3.9220288380993122
6373,David Goes To School,David Shannon,4.16,200,3.9553845399859506
6374,"Briar's Book (Circle of Magic, #4)",Tamora Pierce,4.14,320,3.9582865297224603
6375,"The First Man in Rome (Masters of Rome, #1)",Colleen McCullough,4.08,235,3.9155071578764975
6376,"Every Dead Thing (Charlie Parker, #1)",John Connolly,4.01,171,3.934446296560799
6377,"The Confessor (Gabriel Allon, #3)",Daniel Silva,4.14,206,3.9433147807419804
6378,"The Wallflower, Vol. 1 (The Wallflower, #1)","Tomoko Hayakawa, David Ury",4.15,159,3.926392354620031
6379,Rise of the Governor (The Walking Dead #1),"Robert Kirkman, Jay Bonansinga",3.9,129,3.895682639992826
6380,"The Thousand Orcs (Forgotten Realms: Hunter's Blades, #1; Legend of Drizzt, #14)",R.A. Salvatore,4.08,195,3.9188666331292135
6381,Miller's Valley,Anna Quindlen,3.89,247,3.920421271311292
6382,The Painted Bird,Jerzy Kosiński,3.94,221,3.9046722904036306
6383,The Glass Lake,Maeve Binchy,3.89,231,3.9060563172554437
6384,The Happiness Hypothesis: Finding Modern Truth in Ancient Wisdom,Jonathan Haidt,4.12,127,3.954423070865606
6385,The Masque of the Red Death,Edgar Allan Poe,4.08,232,3.9394018838367253
6386,The Evolutionary Void,Peter F. Hamilton,4.25,179,3.949545560613998
6387,"The Forbidden Game (The Forbidden Game, #1-3)",L.J. Smith,4.19,162,3.9451816140524527
6388,Perfect You,Elizabeth Scott,3.7,159,3.892792713016208
6389,Jazz,Toni Morrison,3.78,219,3.878808890547136
6390,The Te of Piglet,Benjamin Hoff,3.81,251,3.894094376121433
6391,"You're the One That I Want (Gossip Girl, #6)",Cecily von Ziegesar,3.71,138,3.8751553368297103
6392,The Twelve Chairs,"Ilya Ilf, Eugene Petrov, Maurice Friedberg, John H.C. Richardson",4.42,148,3.976976044976743
6393,"Chicken Soup for the Teenage Soul: 101 Stories of Life, Love and Learning (Chicken Soup for the Soul)","Jack Canfield, Mark Victor Hansen, Kimberly Kirberger",3.91,137,3.8902431340944412
6394,The Fever,Megan Abbott,3.12,203,3.7718624163540864
6395,The Very Quiet Cricket,Eric Carle,4.07,234,3.9472652764919802
6396,"The Naming (The Books of Pellinor, #1)",Alison Croggon,4.0,235,3.9190399777733393
6397,"Something from the Nightside (Nightside, #1)",Simon R. Green,3.77,218,3.8730009873007276
6398,The Millionaire Mind,Thomas J. Stanley,4.15,112,3.922941484595378
6399,The Stars Shine Down,Sidney Sheldon,3.65,190,3.8390259655131045
6400,The Beatles Anthology,"The Beatles, Paul McCartney, Ringo Starr, John Lennon, George Harrison",4.38,123,3.974999831614062
6401,Sex at Dawn: The Prehistoric Origins of Modern Sexuality,"Christopher  Ryan, Cacilda Jethá",4.02,141,3.935985227081365
6402,"You Know You Love Me (Gossip Girl, #2)",Cecily von Ziegesar,3.53,172,3.8487149896787747
6403,Night World: The Ultimate Fan Guide,"Annette Pollert, L.J. Smith",4.36,115,3.947824658799203
6404,A Chair for My Mother,Vera B. Williams,4.2,231,3.949987444584856
6405,The Crow Road,Iain Banks,4.07,195,3.9348631429816097
6406,The Book of Joe,Jonathan Tropper,3.95,211,3.921955926502269
6407,Dragonlance Chronicles (Dragonlance #1-3),"Margaret Weis, Tracy Hickman",4.21,216,3.925100107815375
6408,"Beauty Pop, Vol. 1 (Beauty Pop, #1)",Kiyoko Arai,4.15,160,3.916747952355896
6409,From Head to Toe,Eric Carle,4.18,186,3.945412633054678
6410,Boy Meets Girl: Say Hello to Courtship,Joshua Harris,3.78,109,3.873898456947652
6411,"Fables, Vol. 6: Homelands","Bill Willingham, Mark Buckingham, David Hahn, Steve Leialoha",4.3,237,3.995355450887326
6412,"Reasonable Doubt: Volume 1 (Reasonable Doubt, #1)",Whitney G.,4.13,190,3.9324361676586204
6413,"Home (Gilead, #2)",Marilynne Robinson,3.97,225,3.944081178782187
6414,For the Love: Fighting for Grace in a World of Impossible Standards,Jen Hatmaker,4.1,132,3.9424043896537433
6415,"The Game Changer (The Perfect Game, #2)",J. Sterling,4.11,209,3.932640380438068
6416,"Sweet Filthy Boy (Wild Seasons, #1)",Christina Lauren,4.16,199,3.938677068471404
6417,The Winter's Tale,William Shakespeare,3.69,271,3.8486992906653397
6418,The Temporal Void,Peter F. Hamilton,4.24,172,3.9492843899597774
6419,"Sex Criminals, Vol. 1: One Weird Trick","Matt Fraction, Chip Zdarsky",3.99,167,3.929798322973805
6420,"The Rising: Antichrist is Born  (Before They Were Left Behind, #1)","Tim LaHaye, Jerry B. Jenkins",4.18,135,3.91592585763142
6421,"Teardrop (Teardrop, #1)",Lauren Kate,3.65,124,3.8730485935310948
6422,"The Scarpetta Factor (Kay Scarpetta, #17)",Patricia Cornwell,3.67,240,3.883417081280439
6423,"The Winner's Kiss (The Winner's Trilogy, #3)",Marie Rutkoski,4.29,219,3.971712485201606
6424,"Bad Things (Tristan & Danika, #1)",R.K. Lilley,4.33,190,3.9535994165822137
6425,"Here be Dragons (Welsh Princes, #1)",Sharon Kay Penman,4.3,228,3.963372350026704
6426,Loving What Is: Four Questions That Can Change Your Life,"Byron Katie, Stephen Mitchell",4.15,132,3.9271639720663014
6427,The Whipping Boy,"Sid Fleischman, Peter Sís",3.54,280,3.8366207495327043
6428,"Short Stories from Hogwarts of Heroism, Hardship and Dangerous Hobbies (Pottermore Presents, #1)","J.K. Rowling, MinaLima",4.22,164,3.9698112627706665
6429,Nancy Drew: #1-64,Carolyn Keene,4.19,179,3.945131523977494
6430,Pygmalion and Three Other Plays,"George Bernard Shaw, John A. Bertolini",4.01,296,3.938642064988557
6431,"Path of Destruction (Star Wars: Darth Bane, #1)",Drew Karpyshyn,4.25,140,3.9329071275790404
6432,Miramont's Ghost,Elizabeth  Hall,3.34,127,3.8404477017842935
6433,"Storm (Elemental, #1)",Brigid Kemmerer,3.96,190,3.9134622203478124
6434,"The Last Little Blue Envelope (Little Blue Envelope, #2)",Maureen Johnson,3.86,143,3.8990533367661206
6435,The Making of the Atomic Bomb,Richard Rhodes,4.32,151,3.9672630365376755
6436,Minding Frankie,Maeve Binchy,3.78,206,3.8863285584235787
6437,Unveiled: Tamar (Lineage of Grace #1),Francine Rivers,4.26,131,3.9393100591341472
6438,"Angels in America, Part Two: Perestroika",Tony Kushner,4.26,201,3.9829271559709025
6439,The Third Twin,Ken Follett,3.64,189,3.8425599069178467
6440,"The Butlerian Jihad (Legends of Dune, #1)","Brian Herbert, Kevin J. Anderson",3.57,263,3.8409320865673164
6441,The 80/20 Principle: The Secret to Achieving More with Less,Richard Koch,3.99,90,3.916883634214443
6442,The Complete Poetry and Prose,"William Blake, David V. Erdman, Harold Bloom",4.23,247,3.9610574374991994
6443,Nutshell,Ian McEwan,3.71,210,3.898163907460697
6444,"Death Note, Vol. 2: Confluence (Death Note, #2)","Tsugumi Ohba, Takeshi Obata",4.42,173,3.982573916014636
6445,"Akira, Vol. 1","Katsuhiro Otomo, Yoko Umezawa, Linda M. York, Jo Duffy",4.36,164,3.959396920733919
6446,"Imperium: A Novel of Ancient Rome (Cicero, #1)",Robert   Harris,4.05,152,3.912495144143667
6447,The Sportswriter,Richard Ford,3.7,205,3.8746966581553504
6448,"Grim Tuesday (The Keys to the Kingdom, #2)",Garth Nix,3.86,228,3.913667031557628
6449,Le bleu est une couleur chaude,Julie Maroh,3.92,107,3.9117667059291596
6450,The Road to Little Dribbling: Adventures of an American in Britain,Bill Bryson,3.71,165,3.869484338469195
6451,"The Firebird (Slains, #2)",Susanna Kearsley,4.08,206,3.9252811660842584
6452,"Gakuen Alice, Vol. 01 (Gakuen Alice, #1)","Tachibana Higuchi, 樋口 橘",4.23,99,3.9385736578930723
6453,Blue Highways,William Least Heat-Moon,4.0,196,3.908753382651026
6454,Breathing Lessons,Anne Tyler,3.66,282,3.8505212887523816
6455,Selected Poems,Emily Dickinson,4.16,279,3.9728755434404217
6456,The Strange Case of Dr. Jekyll and Mr. Hyde and Other Stories ,"Robert Louis Stevenson, Jenny Davidson",3.96,200,3.907568847745133
6457,The Miracle of Forgiveness,Spencer W. Kimball,4.37,193,3.9871967381800095
6458,Juliet,Anne Fortier,3.9,228,3.8774531566730155
6459,The Darkest Secret (Lords of the Underworld #7),Gena Showalter,4.32,179,3.9708800710237675
6460,God Help the Child,Toni Morrison,3.7,189,3.879805214739361
6461,"The Umbrella Academy, Vol. 1: The Apocalypse Suite","Gerard Way, Gabriel Bá, Dave Stewart, Nate Piekos, Tony Ong",3.97,156,3.912757075913049
6462,"Sentinel (Covenant, #5)",Jennifer L. Armentrout,4.49,261,4.017634968807748
6463,Founders at Work: Stories of Startups' Early Days,Jessica Livingston,3.94,61,3.9213866756969367
6464,"Crush (Crush, #1)",Lacey Weatherford,3.97,162,3.904207167207485
6465,"Infected (Infected, #1)",Scott Sigler,3.85,171,3.8959648342652318
6466,This Song Will Save Your Life,Leila Sales,3.95,143,3.917945500296688
6467,The Women of Brewster Place,Gloria Naylor,4.13,190,3.9317064004543583
6468,"Ms. Marvel, Vol. 2: Generation Why","G. Willow Wilson, Adrian Alphona, Jacob Wyatt",4.14,101,3.9441327406092306
6469,Passion and Purity: Learning to Bring Your Love Life Under Christ's Control,Elisabeth Elliot,4.15,136,3.9235867815411436
6470,"Burn for Burn (Burn for Burn, #1)","Jenny Han, Siobhan Vivian",3.87,167,3.8926870634176556
6471,The Greater Journey: Americans in Paris,David McCullough,3.9,171,3.907065256081261
6472,"The Hidden City (The Tamuli, #3)",David Eddings,3.97,258,3.895305068860883
6473,The Glassblower,"Petra Durst-Benning, Samuel Willcocks",3.87,137,3.8803744633284807
6474,Seating Arrangements,Maggie Shipstead,3.02,243,3.7529805947745434
6475,The Broom of the System,David Foster Wallace,3.84,192,3.8960994538676728
6476,Practice Makes Perfect (Berkley Sensation),Julie James,3.99,192,3.910673526592295
6477,"The Dark Hills Divide (The Land of Elyon, #1)",Patrick Carman,3.71,201,3.8808494031293765
6478,"Fracture Me (Shatter Me, #2.5)",Tahereh Mafi,3.77,203,3.8839133091466835
6479,You Will Know Me,Megan Abbott,3.45,188,3.8490223492966504
6480,The Sunne in Splendour,Sharon Kay Penman,4.4,189,3.9776654352900076
6481,Arcadia,Tom Stoppard,4.19,237,3.9551381362750355
6482,An Innocent Client,Scott Pratt,4.16,94,3.9100818335891137
6483,West Side Story,Irving Shulman,4.12,218,3.959534635301872
6484,"The Masterharper of Pern (Pern, #15)",Anne McCaffrey,4.22,261,3.9433964341515346
6485,The Drunkard's Walk: How Randomness Rules Our Lives,Leonard Mlodinow,3.88,160,3.8973493102608425
6486,"Merry Christmas, Alex Cross (Alex Cross, #19)",James Patterson,3.85,239,3.8917898122614014
6487,Don't Make Me Think: A Common Sense Approach to Web Usability,Steve Krug,4.24,110,3.939872340186474
6488,"Shakespeare's Landlord (Lily Bard, #1)",Charlaine Harris,3.76,245,3.8831244513734706
6489,"Shadows (Lux, #0.5)",Jennifer L. Armentrout,4.16,234,3.9649418656173427
6490,"Pathfinder (Pathfinder, #1)",Orson Scott Card,3.98,242,3.923656950392046
6491,Shrill: Notes from a Loud Woman,Lindy West,4.23,178,3.9517170584867904
6492,"Queen of the Darkness (The Black Jewels, #3)",Anne Bishop,4.37,198,3.970555960634555
6493,"Axel (Corps Security, #1)",Harper Sloan,4.13,170,3.9181050733485945
6494,"A Lot like Love (FBI/US Attorney, #2)",Julie James,4.09,166,3.923061190330986
6495,"Big Red (Big Red, #1)","Jim Kjelgaard, Carl Pfeuffer",4.11,245,3.961704399454576
6496,"The Angel of Darkness (Dr. Laszlo Kreizler, #2)",Caleb Carr,3.94,268,3.893956556336814
6497,"A Dance with Dragons: After the Feast (A Song of Ice and Fire #5, Part 2 of 2)",George R.R. Martin,4.41,169,3.9840045064423086
6498,I Was So Mad,Mercer Mayer,4.21,217,3.948770686711949
6499,"Silver Blaze (The Memoirs of Sherlock Holmes, #1)",Arthur Conan Doyle,4.18,112,3.926810555244608
6500,Sellevision,Augusten Burroughs,3.54,166,3.851754646470034
6501,Crooked House,Agatha Christie,3.98,208,3.924668501435286
6502,"The Sword in the Stone (The Once and Future King, #1)",T.H. White,3.92,266,3.9325294064458323
6503,"The Year of Secret Assignments (Ashbury/Brookfield, #2)",Jaclyn Moriarty,3.9,157,3.915065640127576
6504,"Prince Lestat (The Vampire Chronicles, #11)",Anne Rice,3.76,186,3.868562746499749
6505,The Blue Castle ,L.M. Montgomery,4.23,183,3.9445589969504935
6506,The Gift,Cecelia Ahern,3.68,158,3.863571157843987
6507,"Deeply Odd (Odd Thomas, #6)",Dean Koontz,4.01,230,3.9074078426878023
6508,"Swamp Thing, Vol. 1: Saga of the Swamp Thing","Alan Moore, Stephen R. Bissette, John Totleben, Rick Veitch, Ramsey Campbell",4.2,207,3.9512847117008634
6509,"3001: The Final Odyssey (Space Odyssey, #4)",Arthur C. Clarke,3.49,197,3.840570159400717
6510,"Prayers for Rain (Kenzie & Gennaro, #5)",Dennis Lehane,4.08,240,3.9327024435278513
6511,"The Immortals Boxed Set (The Immortals, #1-3)",Alyson Noel,4.28,111,3.937595663705264
6512,"The Mirror Crack'd from Side to Side (Miss Marple, #9)",Agatha Christie,3.89,249,3.903741188373755
6513,"Shades of Midnight (Midnight Breed, #7)",Lara Adrian,4.28,178,3.9664413461993724
6514,The Hat,Jan Brett,4.25,223,3.966804874611706
6515,"Pivot Point (Pivot Point, #1)",Kasie West,4.08,193,3.947875395428972
6516,"The Dogs of Riga (Kurt Wallander, #2)","Henning Mankell, Laurie Thompson",3.72,199,3.8879266878435494
6517,The Water Knife,Paolo Bacigalupi,3.83,219,3.8909578221557974
6518,"Food Inc.: A Participant Guide: How Industrial Food is Making Us Sicker, Fatter, and Poorer-And What You Can Do About It",Karl Weber,4.19,164,3.9549336312895984
6519,The Cove  (FBI Thriller #1),Catherine Coulter,3.86,144,3.8908232881844045
6520,"The Monkey's Raincoat (Elvis Cole, #1)",Robert Crais,3.98,181,3.919501418161028
6521,The Caine Mutiny,Herman Wouk,4.23,270,3.969259656996902
6522,Black Ice,Becca Fitzpatrick,3.88,140,3.907912808106193
6523,"The Neon Rain (Dave Robicheaux, #1)",James Lee Burke,3.98,170,3.9373600537233258
6524,The Imitation of Christ,"Thomas à Kempis, William Benham",4.19,130,3.943079661560412
6525,"Avoiding Responsibility (Avoiding, #2)",K.A. Linde,4.07,185,3.9182723800941974
6526,Kitten's First Full Moon,Kevin Henkes,4.07,164,3.921458960457195
6527,"Saga, Vol. 6 (Saga, #6)","Brian K. Vaughan, Fiona Staples",4.49,159,3.9965782726369055
6528,"A Good Yarn (Blossom Street, #2)",Debbie Macomber,4.11,142,3.9186397039572016
6529,"Naked Heat (Nikki Heat, #2)",Richard Castle,3.75,174,3.875520402084182
6530,Titus Andronicus,William Shakespeare,3.71,262,3.8657819320131788
6531,"The Initiation / The Captive Part I (The Secret Circle, #1-2)",L.J. Smith,3.96,184,3.924076288604125
6532,"Night of the Living Dummy (Goosebumps, #7)",R.L. Stine,3.8,150,3.8710195298373353
6533,"Shall We Tell the President? (Kane & Abel, #3)",Jeffrey Archer,3.69,190,3.8755143257261966
6534,"Grave Secret (Harper Connelly, #4)",Charlaine Harris,3.94,259,3.9162212746075222
6535,Equus,Peter Shaffer,3.94,211,3.9233934309944707
6536,"Shards of a Broken Crown (The Serpentwar Saga, #4)",Raymond E. Feist,3.99,212,3.9069290243069794
6537,"The Enchantress Returns (The Land of Stories, #2)","Chris Colfer, Brandon Dorman",4.49,124,3.9382176497298222
6538,"The Master Magician (The Paper Magician Trilogy, #3)",Charlie N. Holmberg,3.82,186,3.903694123210574
6539,One Door Away from Heaven,Dean Koontz,3.95,278,3.9029124875146453
6540,"Love in the Afternoon (The Hathaways, #5)",Lisa Kleypas,4.2,185,3.9358509342581174
6541,"Attack of the Fiend (The Last Apprentice / Wardstone Chronicles, #4)","Joseph Delaney, Patrick  Arrasmith",4.19,160,3.9309238831176656
6542,"The Marriage Trap (Marriage to a Billionaire, #2)",Jennifer Probst,3.9,170,3.9003312453103804
6543,The Jordan Rules,"Sam Smith, Doug Grud",4.23,64,3.927201864938204
6544,The Heretic Queen,Michelle Moran,4.21,176,3.936899860313063
6545,"If You Want to Walk on Water, You've Got to Get Out of the Boat",John Ortberg,4.13,133,3.922650788504231
6546,The Piano Teacher,Janice Y.K. Lee,3.32,259,3.793939609909405
6547,I Have Lived a Thousand Years,Livia E. Bitton-Jackson,4.17,154,3.9463518553118546
6548,Willpower: Rediscovering the Greatest Human Strength,"Roy F. Baumeister, John Tierney",3.95,105,3.9256339224637107
6549,"Secrets to the Grave (Oak Knoll, #2)",Tami Hoag,4.09,193,3.9282147240534533
6550,"Prized (Birthmarked, #2)",Caragh M. O'Brien,3.99,206,3.9245598214979496
6551,"With a Tangled Skein (Incarnations of Immortality, #3)",Piers Anthony,3.98,247,3.906408800212014
6552,Body Surfing,Anita Shreve,3.31,224,3.800909549628005
6553,The Good Soldier,"Ford Madox Ford, Kenneth Womack, William Baker",3.72,211,3.8838620574589284
6554,"Into the Labyrinth (The Death Gate Cycle, #6)","Margaret Weis, Tracy Hickman",4.09,220,3.9131738060005765
6555,"Day by Day Armageddon (Day by Day Armageddon,#1)",J.L. Bourne,4.01,158,3.9091513715479396
6556,The Berenstain Bears' Trouble at School,"Stan Berenstain, Jan Berenstain",4.19,226,3.934876826098704
6557,The Talisman (Volume 1): The Road of Trials,"Robin Furth, Stephen King, Peter Straub, Tony Shasteen, Nei Ruffino",4.34,197,3.969808524317583
6558,"Sundiver (The Uplift Saga, #1)",David Brin,3.65,233,3.8736413221132158
6559,Moab Is My Washpot (Memoir #1),Stephen Fry,3.98,145,3.9256147895137756
6560,"Hardline (Hacker, #3)",Meredith Wild,4.26,119,3.9218173482202783
6561,"Eyes of Prey (Lucas Davenport, #3)",John Sandford,4.18,254,3.9542754518180345
6562,"The Dead of Night (The 39 Clues: Cahills vs. Vespers, #3)",Peter Lerangis,4.16,137,3.925163046035533
6563,"Kissing Coffins (Vampire Kisses, #2)",Ellen Schreiber,3.87,164,3.890215934346952
6564,War,Sebastian Junger,4.22,155,3.9359074968491026
6565,Where Things Come Back,John Corey Whaley,3.81,178,3.8825129062376553
6566,A Wedding in December,Anita Shreve,3.08,242,3.765462476652329
6567,Big Bang: The Origin of the Universe,Simon Singh,4.14,91,3.9263881700169962
6568,"The League of Extraordinary Gentlemen, Vol. 2","Alan Moore, Kevin O'Neill",3.94,209,3.9297612326658085
6569,"Birds of a Feather (Maisie Dobbs, #2)",Jacqueline Winspear,3.95,186,3.9058898342550004
6570,You Can Win: A Step by Step Tool for Top Achievers,Shiv Khera,3.83,70,3.893959274208276
6571,"The Outcasts (Brotherband Chronicles, #1)",John Flanagan,4.37,189,3.9645200325294727
6572,On Ugliness,Umberto Eco,3.88,89,3.9191816596097118
6573,How to Talk to Anyone: 92 Little Tricks for Big Success in Relationships,Leil Lowndes,3.8,82,3.9020971881031508
6574,"Case Closed, Vol. 1",Gosho Aoyama,4.36,119,3.941828123252988
6575,The Abolition of Man,C.S. Lewis,4.07,169,3.92693787930231
6576,"Yu Yu Hakusho, Volume 1: Goodbye, Material World! (Yu Yu Hakusho, #1)",Yoshihiro Togashi,4.29,153,3.9650620869591293
6577,"The King's Curse (The Plantagenet and Tudor Novels, #7)",Philippa Gregory,3.98,191,3.9069622114363067
6578,"Shaman's Crossing (Soldier Son, #1)",Robin Hobb,3.42,260,3.818383170549613
6579,Gods in Alabama,Joshilyn Jackson,3.86,227,3.877366077270381
6580,"U Is for Undertow (Kinsey Millhone, #21)",Sue Grafton,3.93,267,3.9318850829424496
6581,"Passage to Dawn (Forgotten Realms: Legacy of the Drow, #4; Legend of Drizzt, #10)",R.A. Salvatore,4.07,222,3.9154369824877753
6582,"Bloody Jack (Bloody Jack, #1)",L.A. Meyer,4.11,185,3.929258976446647
6583,Shoe Dog: A Memoir by the Creator of NIKE,Phil Knight,4.46,111,3.9561815848699817
6584,"The One You Love (Emma Holden Suspense Mystery, #1)",Paul Pilkington,3.39,85,3.869135604633373
6585,"Survivor In Death (In Death, #20)",J.D. Robb,4.38,245,3.9883654532678086
6586,Figure Drawing for All It's Worth (How to draw and paint),Andrew Loomis,3.99,85,3.924458452969736
6587,Affinity,Sarah Waters,3.73,159,3.880099515076986
6588,The Water is Wide: A Memoir,Pat Conroy,4.09,259,3.9363699579952804
6589,"Iceberg (Dirk Pitt, #3)",Clive Cussler,3.83,197,3.863077964526688
6590,The Authoritative Calvin and Hobbes: A Calvin and Hobbes Treasury,Bill Watterson,4.73,243,4.0628239166321976
6591,Cloudstreet,Tim Winton,3.97,150,3.9153704281309536
6592,The Girl Next Door,Jack Ketchum,3.95,154,3.9058811965394646
6593,A Separate Reality,Carlos Castaneda,4.06,189,3.9207020233276912
6594,Out,"Natsuo Kirino, Stephen Snyder",3.93,161,3.901153567839117
6595,Tom's Midnight Garden,"Philippa Pearce, Susan Einzig",4.05,186,3.9205279078845106
6596,"Murder of Crows (The Others, #2)",Anne Bishop,4.31,222,3.971059887714902
6597,"What Really Happened in Peru (The Bane Chronicles, #1)","Cassandra Clare, Sarah Rees Brennan",3.74,171,3.8730239625121055
6598,"Brothers Majere (Dragonlance: Preludes, #3)",Kevin Stein,4.08,124,3.9198169750384166
6599,"Grain Brain: The Surprising Truth about Wheat, Carbs,  and Sugar--Your Brain's Silent Killers","David  Perlmutter, Kristin Loberg",3.88,115,3.9030473871246874
6600,Pilgrim at Tinker Creek,Annie Dillard,4.1,218,3.938795165946226
6601,"Prince of the Blood (Krondor's Sons, #1)",Raymond E. Feist,3.94,226,3.90145579217991
6602,The Courts of Chaos (The Chronicles of Amber #5),Roger Zelazny,4.19,215,3.9408136461998184
6603,"Why Nations Fail: The Origins of Power, Prosperity, and Poverty","Daron Acemoğlu, James A. Robinson",3.99,105,3.924077865512026
6604,Zorro,"Isabel Allende, Margaret Sayers Peden",3.75,210,3.8916904844584677
6605,The Introvert Advantage: How to Thrive in an Extrovert World,Marti Olsen Laney,3.88,84,3.9077887214605767
6606,"Preacher, Volume 5: Dixie Fried","Garth Ennis, Steve Dillon",4.29,218,3.973122563500399
6607,The Rainbow,"D.H. Lawrence, Daphne Merkin",3.67,219,3.858084242508831
6608,"The Capture (Guardians of Ga'Hoole, #1)",Kathryn Lasky,3.88,167,3.8845225863153026
6609,Why We Get Fat: And What to Do About It,Gary Taubes,4.04,138,3.932805340622474
6610,"T is for Trespass (Kinsey Millhone, #20)",Sue Grafton,3.91,276,3.907585854935527
6611,"Preacher, Volume 4: Ancient History","Garth Ennis, Steve Dillon, Steve Pugh, Matt Hollingsworth, Carlos Ezquerra, Richard Case",4.25,217,3.9623683393277083
6612,The Great Influenza: The Story of the Deadliest Pandemic in History,John M. Barry,3.95,202,3.917830630501778
6613,The Heavenly Man: The Remarkable True Story of Chinese Christian Brother Yun,"Paul Hattaway, Brother Yun",4.33,104,3.9504923153021934
6614,"Prince of Fools (The Red Queen's War, #1)",Mark  Lawrence,4.07,184,3.9284741483124
6615,Herzog,"Saul Bellow, Philip Roth",3.79,241,3.8849062692905143
6616,"UnSouled (Unwind, #3)",Neal Shusterman,4.23,228,3.965502577961093
6617,The Miracle of Mindfulness: An Introduction to the Practice of Meditation,Thich Nhat Hanh,4.26,140,3.952599621709162
6618,David Gets In Trouble,David Shannon,4.22,162,3.937731714626095
6619,"The Face Of Deception (Eve Duncan, #1)",Iris Johansen,4.07,161,3.936939745428023
6620,The Language Instinct: How the Mind Creates Language,Steven Pinker,4.05,183,3.924754111745476
6621,Descent,Tim Johnston,3.59,233,3.870103502825025
6622,"Black Cat, Volume 01",Kentaro Yabuki,4.08,144,3.9202728086858016
6623,Dare Me,Megan Abbott,3.23,199,3.7951259918383293
6624,"Last Breath (The Morganville Vampires, #11)",Rachel Caine,4.32,183,3.9614298250881004
6625,The Yacoubian Building,"Alaa Al Aswany, علاء الأسواني",3.65,181,3.8952598843330697
6626,Martha Stewart's Cookies: The Very Best Treats to Bake and to Share,"Martha Stewart, Victor Schrager",4.04,100,3.9214381633543756
6627,"Pardonable Lies (Maisie Dobbs, #3)",Jacqueline Winspear,4.09,191,3.9324854375720903
6628,"The Frog Princess (Tales of the Frog Princess, #1)",E.D. Baker,3.81,176,3.877915859723223
6629,Twelve Angry Men,"Reginald Rose, David Mamet",4.07,207,3.9404723423503265
6630,Batman: Whatever Happened to the Caped Crusader?,"Neil Gaiman, Andy Kubert, Matt Wagner, Simon Bisley, Bernie Mireault, Mark Buckingham",3.97,152,3.9200009611518483
6631,The Pioneer Woman: Black Heels to Tractor Wheels,Ree Drummond,3.81,166,3.8918645773918197
6632,Swimmy,Leo Lionni,4.13,248,3.953383239195272
6633,Babbitt,Sinclair Lewis,3.64,318,3.846771194382038
6634,Suttree,Cormac McCarthy,4.18,165,3.944560529653317
6635,"Love Bites (Vampire Kisses, #7)",Ellen Schreiber,4.13,150,3.917625558552663
6636,The Gathering,Anne Enright,3.04,211,3.795455531188534
6637,sTORI Telling,Tori Spelling,3.62,130,3.8659980771904205
6638,"Cross My Heart (Alex Cross, #21)",James Patterson,4.03,191,3.9113376216310125
6639,The Righteous Mind: Why Good People are Divided by Politics and Religion,Jonathan Haidt,4.16,119,3.9302834453495015
6640,"Lady Friday (The Keys to the Kingdom, #5)",Garth Nix,3.91,222,3.9346910650663958
6641,"Rock Chick Rescue (Rock Chick, #2)",Kristen Ashley,4.31,231,3.985415773076318
6642,"Locke & Key, Vol. 5: Clockworks","Joe Hill, Gabriel Rodríguez",4.5,173,4.013609163188212
6643,Every Soul a Star,Wendy Mass,4.1,138,3.935080998666925
6644,Jesus Land,Julia Scheeres,3.97,199,3.918376916220262
6645,Flotsam,David Wiesner,4.28,195,3.9712188471916
6646,"Silent Scream (D.I. Kim Stone, #1)",Angela Marsons,4.02,103,3.906816239805663
6647,The Lion and the Mouse,Jerry Pinkney,4.23,160,3.958529643022165
6648,The Collected Poems,Langston Hughes,4.32,208,3.9758101855093333
6649,"Girl of Nightmares (Anna, #2)",Kendare Blake,3.9,142,3.9141021557457516
6650,"Barrayar (Vorkosigan Saga, #7)",Lois McMaster Bujold,4.31,208,3.964285298957435
6651,"Alice in the Country of Hearts, Vol. 01 (Alice in the Country of Hearts, #1)","QuinRose, Soumei Hoshino",4.21,127,3.933004880702675
6652,"Lord of the Shadows (Cirque Du Freak, #11)",Darren Shan,4.22,186,3.9461445367361536
6653,"Elric of Melniboné (Elric, #1)",Michael Moorcock,3.89,190,3.8791631617475058
6654,The Endurance: Shackleton's Legendary Antarctic Expedition,Caroline Alexander,4.31,194,3.9675596889635503
6655,"The Candymakers (The Candymakers, #1)",Wendy Mass,4.31,120,3.9411038072311064
6656,Winnie the Pooh and Tigger Too (Disney's Wonderful World of Reading),Walt Disney Company,4.39,215,3.9838151512524953
6657,"More Than This (More Than, #1)",Jay McLean,4.15,183,3.9518941396190184
6658,"The Fury (The Vampire Diaries, #3)",L.J. Smith,3.55,249,3.8218829360824236
6659,Hamilton: The Revolution,"Lin-Manuel Miranda, Jeremy McCarter",4.47,194,4.005397133480759
6660,"Shelter (Mickey Bolitar, #1)",Harlan Coben,3.92,200,3.899599565704997
6661,"Out of Oz (The Wicked Years, #4)","Gregory Maguire, Douglas Smith",3.84,212,3.8853819439363697
6662,Selected Stories,"O. Henry, Victoria Blake",4.16,266,3.957420507877071
6663,The Taste of Home Cookbook,"Janet Briggs, Beth Wittlinger",4.25,95,3.941517510031057
6664,"The Metamorphosis, In the Penal Colony, and Other Stories: The Great Short Works of Franz Kafka",Franz Kafka,4.02,215,3.9157294349190903
6665,Cry to Heaven,Anne Rice,3.83,290,3.88330087774101
6666,"Goddess (Starcrossed, #3)",Josephine Angelini,4.24,193,3.9449627033733394
6667,"Crave (Fallen Angels, #2)",J.R. Ward,4.09,235,3.934584385319442
6668,The Dogs of War,Frederick Forsyth,3.96,208,3.9138639202928815
6669,"Necroscope (Necroscope, #1)",Brian Lumley,3.99,188,3.9096815614577265
6670,When Rabbit Howls,"Truddi Chase, Robert A. Phillips Jr.",4.03,206,3.9180677202211696
6671,"Variant (Variant, #1)",Robison Wells,3.92,176,3.909619760040262
6672,"Path of the Assassin (Scot Harvath, #2)",Brad Thor,4.17,168,3.931333739184608
6673,"Waylander (The Drenai Saga, #3)",David Gemmell,4.26,149,3.946902339985411
6674,After,Amy Efaw,3.73,145,3.8818511133649793
6675,Surfacing,Margaret Atwood,3.45,216,3.8327130849692814
6676,You Had Me At Hello,Mhairi McFarlane,3.79,108,3.883891392177759
6677,Ghost in the Wires: My Adventures as the World's Most Wanted Hacker,"Kevin D. Mitnick, William L. Simon, Steve Wozniak",3.95,119,3.8941101212519103
6678,"The Wheel of Time: Boxed Set #1 (Wheel of Time, #1-3)",Robert Jordan,4.43,225,3.983930321314031
6679,"Pure (Pure, #1)",Julianna Baggott,3.74,202,3.8621263694875263
6680,Something Like Fate,Susane Colasanti,3.72,120,3.8788104903042435
6681,"Excalibur (The Warlord Chronicles, #3)",Bernard Cornwell,4.38,170,3.9595773387710933
6682,My Name is Mary Sutter,Robin Oliveira,3.81,222,3.8968960140787328
6683,"So You Want to Be a Wizard (Young Wizards, #1)",Diane Duane,3.8,241,3.8799812006913443
6684,"Death in the Clouds (Hercule Poirot, #12)",Agatha Christie,3.78,230,3.8847176349305874
6685,"Foreign Influence (Scot Harvath, #9)",Brad Thor,4.24,154,3.944852942023988
6686,"Cemetery Dance (Pendergast, #9)","Douglas Preston, Lincoln Child",4.0,259,3.919695185536446
6687,Hitch-22: A Memoir,Christopher Hitchens,4.03,136,3.919028550134929
6688,Baudolino,"Umberto Eco, William Weaver, R.C.S. Libri",3.71,196,3.8804165374864543
6689,"Dark Magic (Dark, #4)",Christine Feehan,4.24,164,3.9333610656420497
6690,The Amber Room,Steve Berry,3.83,219,3.8923871082274046
6691,"The Omen Machine (Sword of Truth, #12; Richard and Kahlan, #1)",Terry Goodkind,3.66,204,3.881830008338227
6692,The Comedy of Errors,William Shakespeare,3.74,296,3.8776788461306015
6693,Zodiac,Robert Graysmith,3.89,168,3.911308522244758
6694,15th Affair (Women's Murder Club #15),"James Patterson, Maxine Paetro",4.04,165,3.9118540701275606
6695,The Constant Gardener,John le Carré,3.78,226,3.88865624727484
6696,Wish You Well,David Baldacci,3.94,234,3.891407254855835
6697,Barnyard Dance,Sandra Boynton,4.25,217,3.9731033282348864
6698,"Field of Prey (Lucas Davenport, #24)",John Sandford,4.22,203,3.9547583897510354
6699,The Passenger,Lisa Lutz,3.71,192,3.8589355684198843
6700,"Rush Too Far (Rosemary Beach, #4; Too Far, #4)",Abbi Glines,4.25,213,3.9514944954730544
6701,"Red Prophet (Tales of Alvin Maker, #2)",Orson Scott Card,3.78,301,3.899019294229803
6702,Animalia,Graeme Base,4.28,249,3.988398013392995
6703,"A Hidden Fire (Elemental Mysteries, #1)",Elizabeth   Hunter,4.05,139,3.9472578492705273
6704,Stone Butch Blues,Leslie Feinberg,4.27,125,3.9543532372194954
6705,Don't Look Back,Jennifer L. Armentrout,4.11,186,3.9446807293732027
6706,"Girl Waits with Gun (Kopp Sisters, #1)",Amy  Stewart,3.78,176,3.882339659767461
6707,Astonish Me,Maggie Shipstead,3.57,210,3.854288484890029
6708,A Fish Out of Water,"Helen Marion Palmer, P.D. Eastman",4.21,137,3.942623002006079
6709,"Look to Windward (Culture, #7)",Iain M. Banks,4.16,183,3.9540946824195755
6710,The Running Dream,Wendelin Van Draanen,4.3,132,3.9485005566887197
6711,"Epilogue (The Dark Duet, #3)",C.J. Roberts,4.29,182,3.9636036706618274
6712,Ultramarathon Man: Confessions of an All-Night Runner,Dean Karnazes,3.94,114,3.900654624540375
6713,An Officer and a Spy,Robert   Harris,4.14,150,3.9409285729103267
6714,In the Kingdom of Ice: The Grand and Terrible Polar Voyage of the USS Jeannette,Hampton Sides,4.18,147,3.9468223314567976
6715,A Stranger Is Watching,Mary Higgins Clark,3.91,185,3.8992289464166174
6716,"Double Fudge (Fudge, #5)",Judy Blume,3.96,241,3.9137530996570797
6717,"The Morganville Vampires, Volume 3 (The Morganville Vampires, #5-6)",Rachel Caine,4.39,132,3.9545967237236965
6718,Be Careful What You Wish For,Alexandra Potter,3.75,79,3.8859821174800344
6719,Storm Born (Dark Swan #1),Richelle Mead,3.9,247,3.9225231419761837
6720,"Locke & Key, Vol. 4: Keys to the Kingdom","Joe Hill, Gabriel Rodríguez",4.44,208,4.013266066803002
6721,"Envy (Luxe, #3)",Anna Godbersen,3.91,222,3.8819206165175832
6722,"Horde (Razorland, #3)",Ann Aguirre,4.28,189,3.960138231609295
6723,Girls of Riyadh,Rajaa Alsanea,3.17,157,3.8230892698292136
6724,The Mixed-Up Chameleon,Eric Carle,4.21,226,3.966875688361379
6725,Kitty and the Midnight Hour (Kitty Norville #1),Carrie Vaughn,3.66,218,3.87371614141644
6726,Waiting,Ha Jin,3.49,250,3.8289990075806526
6727,Burmese Days,George Orwell,3.84,174,3.90136401132881
6728,The Jester,"James Patterson, Andrew Gross",3.79,230,3.891808324854717
6729,Ordinary People,Judith Guest,3.9,292,3.926928805639209
6730,In Real Life,"Cory Doctorow, Jen Wang",3.8,98,3.913492357461165
6731,Bad Moon Rising (Dark-Hunter #18; Were-Hunter #4; Hellchaser #2),Sherrilyn Kenyon,4.29,215,3.9723480832384483
6732,"Robin Hood, The Prince of Thieves",Alexandre Dumas,4.0,216,3.936558963362177
6733,"Peeps (Peeps, #1)",Scott Westerfeld,3.77,255,3.870701094226021
6734,"The Riddle (The Books of Pellinor, #2)",Alison Croggon,4.1,157,3.9285255967566046
6735,"Jealousy (Strange Angels, #3)","Lili St. Crow, Lilith Saintcrow",4.15,143,3.9368376638272555
6736,Collected Poems,Dylan Thomas,4.2,245,3.9631076128131677
6737,Vinegar Girl,Anne Tyler,3.42,196,3.8411809057201243
6738,"The Hedge Knight (The Hedge Knight Graphic Novels, #1)","Ben Avery, Mike S. Miller, George R.R. Martin",4.11,186,3.935165981514021
6739,"Breathe (Colorado Mountain, #4)",Kristen Ashley,4.38,255,3.984266202565741
6740,"The Blackhouse (Lewis Trilogy, #1)",Peter  May,4.04,113,3.92841357808908
6741,"Scandal in Spring (Wallflowers, #4)",Lisa Kleypas,4.02,179,3.9311537412952307
6742,On the Street Where You Live,Mary Higgins Clark,3.85,183,3.888811912669704
6743,"Succubus on Top (Georgina Kincaid, #2)",Richelle Mead,4.07,237,3.9509047347368993
6744,"The Silent Blade (Forgotten Realms: Paths of Darkness, #1; Legend of Drizzt, #11)",R.A. Salvatore,4.1,208,3.9311512501207284
6745,Inherit the Wind,"Jerome Lawrence, Robert E.  Lee",3.96,258,3.9300683310454056
6746,Round Ireland with a Fridge,Tony Hawks,3.78,165,3.882864253729731
6747,"The Dark and Hollow Places (The Forest of Hands and Teeth, #3)",Carrie Ryan,4.03,163,3.9228893624228447
6748,Uganda Be Kidding Me,Chelsea Handler,3.63,168,3.8401077509030688
6749,"This Book Is Not Good for You (Secret, #3)","Pseudonymous Bosch, Gilbert Ford",4.29,140,3.9533570253295514
6750,Eating the Dinosaur,Chuck Klosterman,3.75,167,3.875615884021827
6751,The Declaration of Independence and The Constitution of the United States,Founding Fathers,4.44,296,4.011797927618104
6752,"Aztec (Aztec, #1)",Gary Jennings,4.19,193,3.93331193515081
6753,All the Birds in the Sky,Charlie Jane Anders,3.58,182,3.868910871718863
6754,Dodger,Terry Pratchett,3.9,230,3.9187529465664097
6755,"The River (Brian's Saga, #2)",Gary Paulsen,3.77,162,3.86993762984624
6756,"Wildwood Dancing (Wildwood, #1)",Juliet Marillier,4.09,193,3.9420500113177073
6757,Home Again,Kristin Hannah,3.95,184,3.8852285278476932
6758,Books of Blood: Volume One (Books of Blood #1),Clive Barker,4.0,194,3.9129864516791146
6759,"Indebted (The Premonition, #3)",Amy A. Bartol,4.37,181,3.956231014870056
6760,The Man From St. Petersburg,Ken Follett,3.84,216,3.9028985751934453
6761,"Daring to Dream (Dream Trilogy, #1)",Nora Roberts,4.01,243,3.9110639222529384
6762,"Judgment in Death (In Death, #11)","J.D. Robb, Nora Roberts",4.33,253,3.979360413411433
6763,"Innocent in Death (In Death, #24)",J.D. Robb,4.36,253,3.9842442479192126
6764,Waiting to Be Heard: A Memoir,Amanda Knox,3.8,115,3.8999592994229966
6765,"Once Upon a Marigold (Upon a Marigold, #1)",Jean Ferris,3.98,197,3.921888681146161
6766,"The Wedding (Lairds' Fiancées, #2)",Julie Garwood,4.18,200,3.940170456091145
6767,"The Dead in Their Vaulted Arches (Flavia de Luce, #6)",Alan Bradley,4.16,193,3.9449627033733394
6768,Heart of Darkness and The Secret Sharer,Joseph Conrad,3.49,296,3.8444877603079366
6769,S.,"J.J. Abrams, Doug Dorst",3.84,164,3.903605802679913
6770,Lullabies for Little Criminals,Heather O'Neill,3.95,154,3.917872502842395
6771,"Fairest (An Unfortunate Fairy Tale, #2)",Chanda Hahn,4.12,122,3.9227653233069244
6772,رباعيات خيام,"Omar Khayyám, محمدعلی فروغی, قاسم غنی",4.18,133,3.9493012111037897
6773,"Sever (The Chemical Garden, #3)",Lauren DeStefano,3.8,187,3.8825548749671666
6774,"Fourth Grave Beneath My Feet (Charley Davidson, #4)",Darynda Jones,4.4,200,3.979292386106359
6775,"Runaways, Vol. 1: Pride and Joy (Runaways, #1)","Brian K. Vaughan, Adrian Alphona",4.02,182,3.935709667872427
6776,"The Legend of Huma (Dragonlance: Heroes, #1)",Richard A. Knaak,4.03,115,3.909223562528069
6777,The Dogs of Babel,Carolyn  Parkhurst,3.56,205,3.847265776757819
6778,Madeline and the Bad Hat,Ludwig Bemelmans,4.27,261,3.985025519005486
6779,"77 Shadow Street (Pendleton, #1)",Dean Koontz,3.29,205,3.8126162423609378
6780,"Sir Thursday (The Keys to the Kingdom, #4)",Garth Nix,3.94,217,3.9315947044604647
6781,"Parallel Worlds: A Journey Through Creation, Higher Dimensions, and the Future of the Cosmos",Michio Kaku,4.17,115,3.927752088738213
6782,Facing Your Giants: A David and Goliath Story for Everyday People,Max Lucado,4.43,87,3.9498282021167896
6783,"Fate (My Blood Approves, #2)",Amanda Hocking,3.99,227,3.900815235232436
6784,Ina May's Guide to Childbirth,Ina May Gaskin,4.42,142,3.954940089648799
6785,Anne Frank : The Biography,"Melissa Müller, Rita Kimber, Robert Kimber",4.31,128,3.972037973356728
6786,The Krishna Key,Ashwin Sanghi,3.48,106,3.8611655761040247
6787,Tropic of Capricorn,Henry Miller,3.85,211,3.875237030505719
6788,An Occurrence at Owl Creek Bridge,Ambrose Bierce,4.02,240,3.9446717457879372
6789,The Sweet Gum Tree,Katherine Allred,4.3,206,3.97577528712588
6790,"Flight of the Old Dog (Patrick McLanahan, #1)",Dale Brown,4.08,150,3.9183772686932326
6791,A Complicated Kindness,Miriam Toews,3.64,170,3.8707081985800245
6792,"Raven Rise (Pendragon, #9)",D.J. MacHale,4.2,200,3.9532110994295495
6793,Glory over Everything: Beyond The Kitchen House,Kathleen Grissom,4.24,221,3.9717528584475894
6794,"Class A (Cherub, #2)",Robert Muchamore,4.26,131,3.9370222531400954
6795,"A New Song (Mitford Years, #5)",Jan Karon,4.28,199,3.96260224791025
6796,"Deeper Than the Dead (Oak Knoll, #1)",Tami Hoag,4.04,188,3.9177207341537725
6797,"Dust of Dreams (The Malazan Book of the Fallen, #9)",Steven Erikson,4.31,209,3.9722286623066343
6798,Accelerando (Singularity),Charles Stross,3.87,176,3.883076959774834
6799,Girl at War,Sara Nović,3.98,207,3.913801831285668
6800,"Lord Loss (The Demonata, #1)",Darren Shan,4.21,135,3.924288968708741
6801,"Runaway (Airhead, #3)",Meg Cabot,3.93,164,3.905837447402073
6802,"Sidetracked (Kurt Wallander, #5)","Henning Mankell, Steven T. Murray",4.05,161,3.926502110297925
6803,"Sometimes It Lasts (Sea Breeze, #5)",Abbi Glines,4.28,214,3.970176633825294
6804,Drift: The Unmooring of American Military Power,Rachel Maddow,4.07,153,3.9290611869366288
6805,"Graduation Day (The Testing, #3)",Joelle Charbonneau,3.81,205,3.865312409256195
6806,The Honk and Holler Opening Soon,Billie Letts,3.93,253,3.9005213706429966
6807,Strange Highways,Dean Koontz,3.83,286,3.8979862787578305
6808,The Passion,Jeanette Winterson,4.12,175,3.9390668343116704
6809,The Power of the Dog,Don Winslow,4.36,139,3.9662072921569065
6810,America's First Daughter,"Stephanie Dray, Laura Kamoie",4.22,183,3.9482265682847557
6811,"The Undead Pool (The Hollows, #12)",Kim Harrison,4.43,219,3.9902932041325
6812,"On the Edge (The Edge, #1)",Ilona Andrews,4.02,227,3.9342125208147567
6813,Kira-Kira,Cynthia Kadohata,3.9,155,3.9089472631937445
6814,"The Human Division (Old Man's War, #5)",John Scalzi,4.07,187,3.9300938203339477
6815,"The Fate of Ten (Lorien Legacies, #6)",Pittacus Lore,4.32,200,3.9619048616551527
6816,"The Fourth Bear (Nursery Crime, #2)",Jasper Fforde,4.07,215,3.920746277175236
6817,"The Unwritten, Vol. 1: Tommy Taylor and the Bogus Identity","Mike Carey, Bill Willingham, Peter Gross",3.76,166,3.9141478723483676
6818,The Enchantress of Florence,Salman Rushdie,3.57,221,3.8511505605813223
6819,"Life is What You Make It: A Story of Love, Hope and How Determination Can Overcome Even Destiny",Preeti Shenoy,3.54,60,3.883429235300014
6820,"The History of Sexuality, Volume 1: An Introduction","Michel Foucault, Robert Hurley",4.03,146,3.930194737648049
6821,"Takedown (Scot Harvath, #5)",Brad Thor,4.26,146,3.938488487176813
6822,"From the Earth to the Moon (Extraordinary Voyages, #4)",Jules Verne,3.78,190,3.88865013540291
6823,"Armageddon: The Cosmic Battle of the Ages (Left Behind, #11)","Tim LaHaye, Jerry B. Jenkins",4.02,212,3.904056080257565
6824,Van Gogh: The Life,"Steven Naifeh, Gregory White Smith",4.09,101,3.9371086244771774
6825,Care of the Soul: A Guide for Cultivating Depth and Sacredness in Everyday Life,Thomas  Moore,3.99,151,3.9176874337434144
6826,"Moonlight Mile (Kenzie & Gennaro,#6)",Dennis Lehane,3.71,251,3.8752304063037846
6827,Vampires in the Lemon Grove,Karen Russell,3.67,185,3.8882423500641674
6828,"First Among Sequels (Thursday Next, #5)",Jasper Fforde,4.0,265,3.9179528682921245
6829,The Idiot Girls' Action-Adventure Club: True Tales from a Magnificent and Clumsy Life,Laurie Notaro,3.89,203,3.9178900314773424
6830,"City of Dragons (Rain Wild Chronicles, #3)",Robin Hobb,4.05,263,3.906060611475513
6831,"The Heist (Gabriel Allon, #14)",Daniel Silva,4.11,187,3.9191232944800753
6832,The Judgment of Paris: The Revolutionary Decade That Gave the World Impressionism,Ross King,3.81,68,3.9082089886586617
6833,Darkfall,Dean Koontz,3.8,276,3.8842390170587158
6834,"Sweet Reckoning (Sweet, #3)",Wendy Higgins,4.35,215,3.9931321440139085
6835,"Well-Schooled in Murder (Inspector Lynley, #3)",Elizabeth  George,4.11,209,3.9434371845840404
6836,"Perfect (Second Opportunities, #2)",Judith McNaught,4.3,169,3.9617707556085433
6837,Someone,Alice McDermott,3.76,205,3.8689217357558703
6838,"Brilliance of the Moon (Tales of the Otori, #3)",Lian Hearn,4.04,196,3.9385433993624988
6839,Suicide Notes,Michael Thomas Ford,3.92,90,3.9090114780308642
6840,Starter for Ten,David Nicholls,3.58,141,3.8739251347480566
6841,The Three Little Pigs,"Elizabeth Ross, ROFry",4.26,196,3.9588878010191144
6842,"Twenty Years After (The D'Artagnan Romances, #2)","Alexandre Dumas, David Coward, Auguste Maquet",4.01,197,3.91027174946824
6843,Friction,Sandra Brown,3.93,138,3.884257969007515
6844,Moon Palace,Paul Auster,3.99,139,3.9381621166850653
6845,"The Seventh Gate (The Death Gate Cycle, #7)","Margaret Weis, Tracy Hickman",4.09,215,3.922179660676992
6846,"Hellboy, Vol. 2: Wake the Devil (Hellboy, #2)",Mike Mignola,4.2,147,3.948329149809845
6847,"The Unwanteds (Unwanteds, #1)",Lisa McMann,4.07,145,3.8961874900344124
6848,"Ashfall (Ashfall, #1)",Mike Mullin,3.96,163,3.899811866703348
6849,"Bright Side (Bright Side, #1)",Kim Holden,4.42,188,3.992996623944023
6850,The Day Jimmy's Boa Ate the Wash,"Trinka Hakes Noble, Steven Kellogg",4.16,304,3.9537945701964614
6851,"The Panther  (John Corey, #6)",Nelson DeMille,3.93,214,3.905628114855202
6852,Under the Skin,Michel Faber,3.72,161,3.9018991132055523
6853,The Unexpected Mrs. Pollifax  (Mrs. Pollifax #1),Dorothy Gilman,4.14,165,3.9334106002695366
6854,"White Fire (Pendergast, #13)","Douglas Preston, Lincoln Child",4.07,202,3.917107198540554
6855,"The Innocent Mage (Kingmaker, Kingbreaker, #1)",Karen Miller,3.65,169,3.8765413774124413
6856,Wir Kinder vom Bahnhof Zoo,"Christiane F., Kai Hermann, Horst Rieck",4.16,95,3.919561891745164
6857,Dragons of Eden: Speculations on the Evolution of Human Intelligence,Carl Sagan,4.16,142,3.939814928943967
6858,"S is for Silence (Kinsey Millhone, #19)",Sue Grafton,3.9,255,3.9222582599753415
6859,"Maximum Security (Cherub, #3)",Robert Muchamore,4.24,130,3.9308687175017996
6860,Frédéric,Leo Lionni,4.19,263,3.9711891363837095
6861,"Inside Out (Insider, #1)",Maria V. Snyder,3.82,204,3.885441942167599
6862,"March: Book One (March, #1)","John             Lewis, Andrew Aydin, Nate Powell",4.33,124,3.9681187461033556
6863,Everything That Rises Must Converge: Stories,"Flannery O'Connor, Robert Fitzgerald",4.27,240,3.9756511163434536
6864,"Dream Chaser (Dark-Hunter #13, Dream-Hunter #3)",Sherrilyn Kenyon,4.2,218,3.9545285564918884
6865,The Gun Seller,Hugh Laurie,3.69,154,3.8714061909185395
6866,I Remember Nothing: and Other Reflections,Nora Ephron,3.73,186,3.879541301721882
6867,Malgudi Days,"R.K. Narayan, Jhumpa Lahiri",4.2,131,3.9393100591341472
6868,The Subtle Art of Not Giving a F*ck: A Counterintuitive Approach to Living a Good Life,Mark Manson,4.03,110,3.906546756988768
6869,Six Days of the Condor,James Grady,4.08,238,3.9361328918723877
6870,Digging to America,Anne Tyler,3.53,233,3.8361404376583934
6871,"The Dark Monk (The Hangman's Daughter, #2)","Oliver Pötzsch, Lee Chadeayne",3.82,207,3.884968846350903
6872,"Flaskepost fra P (Afdeling Q, #3)",Jussi Adler-Olsen,4.04,150,3.9326597613640586
6873,"The Bellmaker (Redwall, #7)",Brian Jacques,3.95,268,3.9050039912605174
6874,Caressed by Ice (Psy-Changeling #3),Nalini Singh,4.33,173,3.9589280134061973
6875,Artisan Bread in Five Minutes a Day: The Discovery That Revolutionizes Home Baking,"Jeff Hertzberg, Zoë François, Mark Luinenburg",4.11,128,3.9491074528339123
6876,"The Code of the Woosters (Jeeves, #7)",P.G. Wodehouse,4.36,210,3.973687175820044
6877,A House for Mr Biswas,V.S. Naipaul,3.82,179,3.8906917387939437
6878,"The Bone Bed (Kay Scarpetta, #20)",Patricia Cornwell,3.64,202,3.8722544169446627
6879,The Fry Chronicles (Memoir #2),Stephen Fry,3.87,136,3.8894000459945355
6880,Second Treatise of Government,"John Locke, C.B. Macpherson",3.75,178,3.889138835708317
6881,Better off Friends,Elizabeth Eulberg,3.95,116,3.9077507371307627
6882,The Shallows: What the Internet is Doing to Our Brains,Nicholas Carr,3.85,127,3.919236044169362
6883,The House at Tyneford,Natasha Solomons,3.78,181,3.8989328440039723
6884,"The Autobiography of Martin Luther King, Jr.","Martin Luther King Jr., Clayborne Carson",4.31,83,3.946503032171778
6885,"Geisha, a Life","Mineko Iwasaki, Rande Brown",3.92,161,3.9033902039384234
6886,The Knowledge of the Holy,A.W. Tozer,4.37,108,3.960736847428865
6887,Day Watch (Watch #2),"Sergei Lukyanenko, Andrew Bromfield",4.05,195,3.928319116223811
6888,The Codex,Douglas Preston,3.88,185,3.910215542769067
6889,A Home at the End of the World,Michael Cunningham,3.89,148,3.9054560570222145
6890,"Batman, Volume 2: The City of Owls","Scott Snyder, Greg Capullo, Jonathan Glapion, James Tynion IV, Rafael Albuquerque, Jason Fabok, Becky Cloonan, Andy Clarke, Sandu Florea",4.26,122,3.9335155344717863
6891,Magic's Pawn (Valdemar: Last Herald-Mage #1),Mercedes Lackey,4.21,183,3.9342897972145585
6892,CivilWarLand in Bad Decline,George Saunders,4.22,167,3.9535495290897402
6893,SEAL Team Six: Memoirs of an Elite Navy SEAL Sniper,"Howard E. Wasdin, Stephen Templin",4.0,105,3.905405182091813
6894,Sacred Contracts: Awakening Your Divine Potential,Caroline Myss,3.97,145,3.9256147895137756
6895,How We Are Hungry,Dave Eggers,3.75,154,3.872905104206406
6896,"Five Dialogues: Euthyphro, Apology, Crito, Meno, Phaedo","Plato, G.M.A. Grube, John M. Cooper",4.1,172,3.9337552913869755
6897,"Wrong (Wrong, #1)",Jana Aston,3.94,99,3.89870810641961
6898,The Happy Prince,Oscar Wilde,4.22,143,3.940616096533369
6899,"The Line (Witching Savannah, #1)",J.D. Horn,3.78,151,3.8726187039304496
6900,"Twisted Palace (The Royals, #3)",Erin Watt,4.0,152,3.9147468892461212
6901,"The Diamond of Darkhold (Book of Ember, #4)",Jeanne DuPrau,3.79,225,3.8508626489309097
6902,Standing for Something: 10 Neglected Virtues That Will Heal Our Hearts and Homes,Gordon B. Hinckley,4.61,175,4.006210640111124
6903,"A Death in Vienna (Gabriel Allon, #4)",Daniel Silva,4.17,197,3.942218311582522
6904,"Pucked (Pucked, #1)",Helena Hunting,4.05,133,3.9127520601101096
6905,Notorious RBG: The Life and Times of Ruth Bader Ginsburg,"Irin Carmon, Shana Knizhnik",4.22,176,3.955332360497388
6906,"Touch of Frost (Mythos Academy, #1)",Jennifer Estep,3.96,206,3.9050835176676095
6907,Never Knowing,Chevy Stevens,3.85,145,3.8773238365220006
6908,The Aquitaine Progression,Robert Ludlum,3.9,223,3.8998199105983087
6909,"The Forsyte Saga (The Forsyte Chronicles, #1-3)",John Galsworthy,4.15,209,3.9729484492496994
6910,"O is for Outlaw (Kinsey Millhone, #15)",Sue Grafton,3.92,261,3.9385397075852406
6911,"Deadly Little Secret (Touch, #1)",Laurie Faria Stolarz,3.86,136,3.8985165088069644
6912,"The Chase (Fox and O'Hare, #2)","Janet Evanovich, Lee Goldberg",3.93,196,3.8898621525413115
6913,The Orange Girl,"Jostein Gaarder, James Anderson",3.91,122,3.900497028751138
6914,The House of Thunder,"Leigh Nichols, Dean Koontz",3.78,233,3.8814245245472354
6915,"The Dead of Night (Tomorrow, #2)",John Marsden,4.13,168,3.925400341572801
6916,My Cousin Rachel,Daphne du Maurier,3.92,185,3.921202139121517
6917,Absurdistan,Gary Shteyngart,3.29,202,3.8078689723957226
6918,"Invincible (Chronicles of Nick, #2)",Sherrilyn Kenyon,4.27,191,3.960196368805227
6919,Napalm & Silly Putty,George Carlin,4.12,189,3.9491837293088494
6920,The Indispensable Calvin and Hobbes,Bill Watterson,4.73,214,4.049786473888409
6921,Funny in Farsi: A Memoir of Growing Up Iranian in America,Firoozeh Dumas,3.76,154,3.8953888035244004
6922,Leading Change,John P. Kotter,4.01,104,3.912339235803634
6923,"Witness in Death (In Death, #10)","J.D. Robb, Susan Ericksen",4.3,251,3.9716462520384317
6924,The Shadow of the Torturer (The Book of the New Sun #1),Gene Wolfe,3.8,234,3.88433661920569
6925,Ask the Passengers,A.S. King,3.88,134,3.9204270566404986
6926,"Foxglove Summer (Peter Grant, #5)",Ben Aaronovitch,4.18,137,3.944141259046996
6927,The Grand Sophy,Georgette Heyer,4.16,161,3.936939745428023
6928,The Road to Serfdom,Friedrich A. Hayek,4.18,141,3.9405262094472167
6929,Terms of Enlistment (Frontlines #1),Marko Kloos,3.96,127,3.9092918844508584
6930,"Reaper's Legacy (Reapers MC, #2)",Joanna Wylde,4.27,154,3.9515980518193867
6931,"Lord John and the Brotherhood of the Blade  (Lord John Grey, #2)",Diana Gabaldon,3.86,174,3.889549789959837
6932,The Executioner's Song,Norman Mailer,4.07,260,3.937108436119286
6933,"Suspect (Scott James & Maggie, #1)",Robert Crais,4.14,195,3.93195468664481
6934,Tar Baby,Toni Morrison,3.91,210,3.888094138346118
6935,The Twenty-One Balloons,William Pène du Bois,3.96,227,3.9214220710172722
6936,"Stolen Prey (Lucas Davenport, #22)",John Sandford,4.17,214,3.950094872367932
6937,The Design of Everyday Things,Donald A. Norman,4.18,116,3.932436380886066
6938,Running Out of Time,Margaret Peterson Haddix,3.98,222,3.9154369824877753
6939,Damaged: The Heartbreaking True Story of a Forgotten Child,Cathy Glass,4.2,74,3.9253904811788307
6940,"Her Final Breath (Tracy Crosswhite, #2)",Robert Dugoni,4.27,122,3.931979790019663
6941,"Something Wonderful (Sequels, #2)",Judith McNaught,4.33,174,3.945667341462458
6942,Tribute,Nora Roberts,3.92,217,3.8972427399574947
6943,"16 Lighthouse Road (Cedar Cove, #1)",Debbie Macomber,4.08,109,3.92121095210006
6944,A Man in Full,Tom Wolfe,3.8,222,3.9083058407919897
6945,Having a Mary Heart in a Martha World: Finding Intimacy With God in the Busyness of Life,Joanna Weaver,4.16,114,3.9431486367477455
6946,I'd Know You Anywhere,Laura Lippman,3.47,257,3.825657330092957
6947,The Strange and Beautiful Sorrows of Ava Lavender,Leslye Walton,4.12,217,3.925869377043303
6948,"Sense & Sensibility (The Austen Project, #1)",Joanna Trollope,3.55,98,3.8798539314265876
6949,7: An Experimental Mutiny Against Excess,Jen Hatmaker,4.13,110,3.9313471909963633
6950,"Archangel's Consort (Guild Hunter, #3)",Nalini Singh,4.24,199,3.96260224791025
6951,Sacajawea (Lewis & Clark Expedition),Anna Lee Waldo,4.23,219,3.9495585510916937
6952,"The Declaration (The Declaration, #1)",Gemma Malley,3.71,173,3.8665612063419843
6953,"Avatar: The Last Airbender (The Rift, #1)","Gene Luen Yang, Michael Dante DiMartino, Bryan Konietzko, Gurihiru",4.33,67,3.9377994712920765
6954,Independence Day,Richard Ford,3.86,218,3.904467768392053
6955,"The Last Patriot (Scot Harvath, #7)",Brad Thor,4.16,155,3.9299163338145786
6956,"Leven Thumps and the Gateway to Foo (Leven Thumps, #1)",Obert Skye,3.71,192,3.8348883484242564
6957,Bridge to Haven,Francine Rivers,4.07,92,3.924874071007315
6958,The Engagements,J. Courtney Sullivan,3.59,226,3.860212814152462
6959,"Runaway Ralph (Ralph S. Mouse, #2)",Beverly Cleary,3.95,269,3.8954097016094718
6960,"Creed (Unfinished Hero, #2)",Kristen Ashley,4.17,208,3.930430944711235
6961,Blink,Ted Dekker,4.17,136,3.9243464867755127
6962,"The Black Widow (Gabriel Allon, #16)",Daniel Silva,4.34,135,3.956220847367602
6963,Believing Christ: The Parable of the Bicycle and Other Good News,Stephen E. Robinson,4.51,153,3.981562499469442
6964,Wake (Watersong #1),Amanda Hocking,3.7,151,3.8703652674398015
6965,A Dark Lure,Loreth Anne White,4.14,104,3.916232407181038
6966,The Code Book: The Science of Secrecy from Ancient Egypt to Quantum Cryptography,Simon Singh,4.28,124,3.9351508706145877
6967,"Touch the Dark (Cassandra Palmer, #1)",Karen Chance,3.7,250,3.8842321754475337
6968,Carrion Comfort,Dan Simmons,3.89,179,3.900255484839702
6969,"The Mind Readers (Mind Readers, #1)",Lori Brighton,3.76,110,3.8708961331028497
6970,"The Highlander's Touch (Highlander, #3)",Karen Marie Moning,4.15,196,3.9436294997766526
6971,The Smitten Kitchen Cookbook,Deb Perelman,4.14,124,3.952018155748376
6972,"The Cross of Lead (Crispin, #1)",Avi,3.59,194,3.867872575523981
6973,"Wielding a Red Sword (Incarnations of Immortality, #4)",Piers Anthony,3.93,235,3.888657726660501
6974,"Deep (Stage Dive, #4)",Kylie Scott,4.09,185,3.9168075005805374
6975,Honor Among Thieves,Jeffrey Archer,3.82,195,3.8825109289192232
6976,"Superman: Earth One, Volume 1","J. Michael Straczynski, Shane Davis, Sandra Hope, Barbara Ciardo, Rob Leigh",3.9,108,3.9079541104887117
6977,The Mortal Instruments (The Mortal Instruments #1-4),Cassandra Clare,4.59,114,3.970190280879709
6978,Foxe's Book of Martyrs,"John Foxe, W. Grinton Berry",4.25,120,3.9418728605265
6979,"See Jane Score (Chinooks Hockey Team, #2)",Rachel Gibson,4.06,150,3.9221358193960816
6980,A Yellow Raft in Blue Water,Michael Dorris,3.84,266,3.893118495846372
6981,"Rosemary and Rue (October Daye, #1)",Seanan McGuire,3.74,199,3.8973517585315793
6982,"Another Fine Myth (Myth Adventures, #1)",Robert Lynn Asprin,4.03,202,3.9330227016874826
6983,"Forever Mine (The Moreno Brothers, #1)",Elizabeth Reyes,3.88,193,3.8867088622606913
6984,"Soccernomics: Why England Loses, Why Germany and Brazil Win, and Why the U.S., Japan, Australia, Turkey--and Even Iraq--Are Destined to Become the Kings of the World's Most Popular Sport","Simon Kuper, Stefan Szymanski",3.91,101,3.8988662144248867
6985,"Sapphique (Incarceron, #2)",Catherine Fisher,3.7,208,3.88577200932263
6986,"Don't Die, My Love",Lurlene McDaniel,4.12,101,3.930084508345124
6987,Harvest,Tess Gerritsen,4.09,201,3.921390921988422
6988,How to Cook Everything Vegetarian: Simple Meatless Recipes for Great Food,Mark Bittman,4.08,130,3.9438428455640753
6989,A Little Something Different,Sandy   Hall,3.65,117,3.888551052603567
6990,This is the Story of a Happy Marriage,Ann Patchett,4.03,214,3.94650884353626
6991,Diary of a Wimpy Kid: #1-4,Jeff Kinney,4.45,57,3.944570662363701
6992,"Think of a Number (Dave Gurney, #1)",John Verdon,3.83,117,3.89703020160534
6993,Lullabies,Lang Leav,4.05,103,3.931751952421575
6994,Birthright,Nora Roberts,3.99,224,3.908436431348435
6995,The Peacegiver: How Christ Offers to Heal Our Hearts and Homes,James L. Ferrell,4.41,143,3.9647980658524955
6996,Cod: A Biography of the Fish that Changed the World,Mark Kurlansky,3.92,193,3.9143794367891993
6997,The Hidden Reality: Parallel Universes and the Deep Laws of the Cosmos,Brian Greene,4.05,124,3.9328507862781623
6998,The Feminine Mystique,"Betty Friedan, Anna Quindlen",3.85,244,3.916743158423511
6999,Brighton Rock,"Graham Greene, J.M. Coetzee",3.72,209,3.8728980641636848
7000,كخه يا بابا,عبدالله المغلوث,3.71,76,3.9056095522905414
7001,"Stones Into Schools: Promoting Peace With Books, Not Bombs, in Afghanistan and Pakistan","Greg Mortenson, Khaled Hosseini",3.86,174,3.8917649564665195
7002,A Mercy,Toni Morrison,3.65,190,3.877703627338982
7003,Zodiac,Neal Stephenson,3.7,198,3.866079431577021
7004,Departure,A.G. Riddle,3.79,120,3.888808183144357
7005,"Rock Chick Redemption (Rock Chick, #3)",Kristen Ashley,4.43,238,4.010165184053167
7006,"The Mystery of the Blue Train (Hercule Poirot, #6)",Agatha Christie,3.77,215,3.8978121411471416
7007,"Private #1 Suspect (Private, #2)","James Patterson, Maxine Paetro",3.95,216,3.896452968948369
7008,Pastoralia,George Saunders,4.11,153,3.9418115056945977
7009,The Defining Decade: Why Your Twenties Matter--And How to Make the Most of Them Now,Meg Jay,4.11,97,3.9290826591580736
7010,"The Walking Dead, Vol. 07: The Calm Before","Robert Kirkman, Charlie Adlard, Cliff Rathburn",4.27,188,3.9718024413817195
7011,Curious George Rides a Bike,H.A. Rey,4.24,250,3.961139118046988
7012,Methuselah's Children,Robert A. Heinlein,3.98,203,3.916444213505825
7013,"Hana (Delirium, #1.5)",Lauren Oliver,3.63,187,3.858419718088647
7014,"Preacher, Volume 8: All Hell's a-Coming","Garth Ennis, Steve Dillon, John McCrea",4.33,205,3.9894732408450206
7015,"The Little Sisters of Eluria (The Dark Tower, #0.5)","Stephen King, Michael Whelan",4.24,214,3.963004576161951
7016,"Inside, Outside, Upside Down (Berenstain Bears Bright and Early Board Book)","Stan Berenstain, Jan Berenstain",4.13,194,3.9573726846704558
7017,"The First Rule (Elvis Cole, #13; Joe Pike, #2)",Robert Crais,4.2,171,3.949246858982171
7018,"The Magical Worlds of Harry Potter: A Treasury of Myths, Legends, and Fascinating Facts",David Colbert,3.96,124,3.8991162160105857
7019,The Dot,Peter H. Reynolds,4.26,132,3.958406828120557
7020,"Forest Born (The Books of Bayern, #4)",Shannon Hale,4.01,218,3.9137647718963082
7021,The Damnation Game,Clive Barker,3.82,211,3.8874558186894324
7022,Ignorance,"Milan Kundera, Linda Asher",3.76,160,3.8928727005465995
7023,"Private (Private, #1)",Kate Brian,3.81,145,3.881096567224483
7024,استمتع بحياتك,محمد عبد الرحمن العريفي,4.21,66,3.9249115626595583
7025,Sisters,Danielle Steel,3.81,105,3.898402925809233
7026,The Difference Engine ,"William Gibson, Bruce Sterling",3.41,197,3.8442004505500673
7027,"Preacher, Volume 7: Salvation","Garth Ennis, Steve Dillon",4.3,199,3.969127296848117
7028,How Will You Measure Your Life?,"Clayton M. Christensen, James Allworth, Karen Dillon",4.06,131,3.9271084271658716
7029,I Want My Hat Back,Jon Klassen,4.39,174,3.9936626157739106
7030,"The Lone Drow (Forgotten Realms: Hunter's Blades, #2; Legend of Drizzt, #15)",R.A. Salvatore,4.15,180,3.935615144117185
7031,"Why We Suck: A Feel Good Guide to Staying Fat, Loud, Lazy and Stupid",Denis Leary,3.67,142,3.8687266736312544
7032,Bonjour tristesse,Françoise Sagan,3.62,132,3.893635053373929
7033,"Cometh the Hour (The Clifton Chronicles, #6)",Jeffrey Archer,4.13,136,3.919028550134929
7034,A Walk Across the Sun,Corban Addison,4.13,149,3.9408841349150734
7035,House of Suns,Alastair Reynolds,4.19,148,3.947615207816463
7036,"A Shadow of Light (A Shade of Vampire, #4)",Bella Forrest,4.1,136,3.912191203025608
7037,The Black Cat,Edgar Allan Poe,4.07,148,3.929547000333214
7038,Armor,John Steakley,4.12,182,3.9511247746770954
7039,The Brothers Lionheart,"Astrid Lindgren, Ilon Wikland, Jill M. Morgan",4.35,130,3.9697911016886267
7040,Don't Go,Lisa Scottoline,3.72,184,3.8683700656326376
7041,"Loyalty in Death (In Death, #9)","J.D. Robb, Susan Ericksen",4.3,244,3.97010270346318
7042,"Q is for Quarry (Kinsey Millhone, #17)",Sue Grafton,3.91,241,3.925010399312325
7043,نادي السيارات,"Alaa Al Aswany, علاء الأسواني",3.41,152,3.850196862975762
7044,The Ship of Brides,Jojo Moyes,3.74,230,3.872663462059567
7045,The Story of Tracy Beaker,"Jacqueline Wilson, Nick Sharratt",3.69,124,3.883015625655606
7046,"Generation Kill: Devil Dogs, Iceman, Captain America, and the New Face of American War",Evan Wright,4.25,123,3.942006660433213
7047,The Servants of Twilight,"Leigh Nichols, Dean Koontz",3.81,256,3.87287981657217
7048,"Moscow Rules (Gabriel Allon, #8)",Daniel Silva,4.17,188,3.959378265396921
7049,Lab Girl,Hope Jahren,4.04,193,3.939865492275983
7050,"Playing with Fire (Skulduggery Pleasant, #2)",Derek Landy,4.31,141,3.9586901389106237
7051,"Forever with You (Fixed, #3)",Laurelin Paige,4.33,135,3.95470028171718
7052,The Saving Graces,Patricia Gaffney,3.78,215,3.9021122916524096
7053,Fade Away (Myron Bolitar #3),Harlan Coben,3.99,247,3.936535613075462
7054,"Sons of Destiny (Cirque Du Freak, #12)",Darren Shan,4.22,179,3.9370391234772364
7055,Amadeus,Peter Shaffer,4.2,225,3.97894917849755
7056,"The Icewind Dale Trilogy Collector's Edition (Forgotten Realms: Icewind Dale, #1-3; Legend of Drizzt, #4-6)",R.A. Salvatore,4.28,184,3.9306730781665378
7057,"Monument 14 (Monument 14, #1)",Emmy Laybourne,3.89,136,3.893198572166381
7058,"The Black Lyon (Montgomery/Taggert, #1)",Jude Deveraux,3.99,125,3.92907169274696
7059,Grace (Eventually): Thoughts on Faith,Anne Lamott,3.98,188,3.930144910138571
7060,Everyday Food: Great Food Fast,Martha Stewart,3.93,110,3.92049700111804
7061,"Beautiful Bombshell (Beautiful Bastard, #2.5)",Christina Lauren,4.06,168,3.9424588597067474
7062,"Slated (Slated, #1)",Teri Terry,4.07,132,3.926401951186929
7063,Bumi Manusia,Pramoedya Ananta Toer,4.37,116,3.9571220246413694
7064,"Dark Gold (Dark, #3)",Christine Feehan,4.16,153,3.931311243188035
7065,"206 Bones (Temperance Brennan, #12)",Kathy Reichs,3.92,189,3.917780822714239
7066,A Gate at the Stairs,Lorrie Moore,3.14,223,3.809318948580209
7067,"Hostile Witness (Witness Series, #1)",Rebecca Forster,3.72,98,3.8829830873367808
7068,Martin Eden,"Jack London, Andrew Sinclair",4.39,121,3.9526760013391278
7069,"Wieża Jaskółki (Saga o Wiedźminie, #6)",Andrzej Sapkowski,4.34,119,3.9425977684465536
7070,"Genghis: Lords of the Bow (Conqueror, #2)",Conn Iggulden,4.31,145,3.945987535307181
7071,A Death in Sweden,Kevin Wignall,3.79,89,3.897910092604276
7072,"Wonder Woman, Volume 1: Blood","Brian Azzarello, Cliff Chiang, Tony Akins, Dan Green, Matthew Wilson, Jared K. Fletcher",3.87,102,3.9184413012107986
7073,Loving Mr. Daniels,Brittainy C. Cherry,4.28,174,3.9626502846803566
7074,"King Henry IV, Part 1 (Wars of the Roses, #2)","William Shakespeare, David Scott Kastan",3.81,249,3.8883490383702566
7075,"Go Away, Big Green Monster!",Ed Emberley,4.21,174,3.950836063311384
7076,"Deadman Wonderland, Volume 1 (Deadman Wonderland, #1)","Jinsei Kataoka, Kazuma Kondou",4.2,128,3.9254125816270022
7077,The Bloodletter's Daughter: A Novel of Old Bohemia,Linda Lafferty,3.75,184,3.8639722059243624
7078,Steel Magnolias (DPS Acting Edition),Robert Harling,4.24,192,3.958767966583551
7079,Rabbit at Rest (Rabbit Angstrom #4),John Updike,3.96,242,3.9152199117925948
7080,Icebound,"David Axton, Dean Koontz",3.73,235,3.8639279873826093
7081,"The Lives of Christopher Chant (Chrestomanci, #2)",Diana Wynne Jones,4.22,212,3.9672608493446866
7082,Fevre Dream,George R.R. Martin,3.85,206,3.8942633488729763
7083,Snowmen at Night,"Caralyn Buehner, Mark Buehner",4.23,184,3.9629240493605566
7084,"Hollywood Dirt (Hollywood Dirt, #1)",Alessandra Torre,4.12,153,3.935061336940379
7085,"Futures and Frosting (Chocolate Lovers, #2)",Tara Sivec,4.28,174,3.953789618653627
7086,"Common Sense, The Rights of Man and Other Essential Writings","Thomas Paine, Sidney Hook, Jack Fruchtman Jr.",4.12,242,3.9264692965918635
7087,The Good Luck of Right Now,Matthew Quick,3.61,174,3.878473957426425
7088,"The Miracle at Speedy Motors (No.1 Ladies' Detective Agency, #9)",Alexander McCall Smith,4.09,222,3.930412380048925
7089,"Goldfinger (James Bond, #7)",Ian Fleming,3.8,189,3.879074914585998
7090,"Nana (Les Rougon-Macquart, #9)",Émile Zola,3.84,179,3.9031981759307053
7091,"Rise of the Elgen (Michael Vey, #2)",Richard Paul Evans,4.29,126,3.934484636410172
7092,Cabal,Clive Barker,3.92,219,3.900962824657048
7093,The Abstinence Teacher,Tom Perrotta,3.24,256,3.79907907856479
7094,"No Man's Land (John Puller, #4)",David Baldacci,4.19,131,3.9301588351579406
7095,The Runelords (Runelords #1),David Farland,3.74,196,3.879689951713004
7096,The Other Typist,Suzanne Rindell,3.55,194,3.8715107913429434
7097,"Welcome to Shadowhunter Academy (Tales from the Shadowhunter Academy, #1)","Cassandra Clare, Sarah Rees Brennan",4.1,143,3.9353262907448103
7098,Alien,Alan Dean Foster,4.08,180,3.9370854080295574
7099,"The Sentry (Elvis Cole, #14; Joe Pike, #3)",Robert Crais,4.2,156,3.943438809056804
7100,"Sempre (Sempre, #1)",J.M. Darhower,4.21,202,3.955449092485428
7101,"Magic Shifts (Kate Daniels, #8)",Ilona Andrews,4.47,176,3.9870362608144267
7102,Mariana,Susanna Kearsley,4.06,177,3.9236847274313766
7103,Going Solo,"Roald Dahl, Quentin Blake",4.04,220,3.9367401846337264
7104,"Clementine (Clementine, #1)","Sara Pennypacker, Marla Frazee",3.9,130,3.894235885325962
7105,"The Dragon's Path (The Dagger and the Coin, #1)",Daniel Abraham,3.78,206,3.879836457146799
7106,Old Possum's Book of Practical Cats,"T.S. Eliot, Edward Gorey",4.09,212,3.9406861168876013
7107,"The Taming of the Queen (The Plantagenet and Tudor Novels, #11)",Philippa Gregory,3.89,173,3.9035079291676693
7108,The Pecan Man,Cassie Dandridge Selleck,4.07,188,3.9250290729683597
7109,"The Man Who Smiled (Kurt Wallander, #4)","Henning Mankell, Laurie Thompson",3.93,149,3.9100408339295925
7110,"Paradise Kiss, Vol. 1 (Paradise Kiss, #1)",Ai Yazawa,4.11,136,3.952455580447168
7111,Talent is Overrated: What Really Separates World-Class Performers from Everybody Else,Geoff Colvin,3.96,138,3.909290207496478
7112,One Silent Night (Dark-Hunter #15),Sherrilyn Kenyon,4.13,221,3.9460624281328815
7113,"The Warrior's Apprentice (Vorkosigan Saga, #2)",Lois McMaster Bujold,4.29,208,3.9729289638713587
7114,عابر سرير,"أحلام مستغانمي, Ahlam Mosteghanemi",3.64,134,3.876297101531315
7115,The Complete Phantom of the Opera,"George C. Perry, Clive Barda, Jane Rice, Andrew Lloyd Webber",4.29,172,3.956679198803969
7116,"The Unusual Suspects (The Sisters Grimm, #2)","Michael Buckley, Peter Ferguson",4.22,179,3.9466028695229953
7117,Life Together: The Classic Exploration of Christian Community,Dietrich Bonhoeffer,4.29,110,3.9576976521294327
7118,"White Gold Wielder (The Second Chronicles of Thomas Covenant, #3)",Stephen R. Donaldson,4.01,228,3.9157972594920167
7119,"The Ship Who Sang (Brainship, #1)",Anne McCaffrey,4.0,210,3.9197419841347965
7120,"The Dark Forest (Remembrance of Earth’s Past, #2)","Liu Cixin, Joel Martinsen",4.38,153,3.974812330715223
7121,"Blackout (Newsflesh Trilogy, #3)",Mira Grant,4.11,161,3.927247655664361
7122,"Cold Vengeance (Pendergast, #11)","Douglas Preston, Lincoln Child",4.09,228,3.9520111343766295
7123,The Eyes of Darkness,"Leigh Nichols, Dean Koontz",3.85,227,3.8951305908779985
7124,"Heir to the Shadows (The Black Jewels, #2)",Anne Bishop,4.33,174,3.972249339542647
7125,"Tears of Tess (Monsters in the Dark, #1)",Pepper Winters,4.09,165,3.9111107415019752
7126,"Guilty as Sin  (Deer Lake, #2)",Tami Hoag,4.1,159,3.9413255286661744
7127,"Kushiel's Scion (Imriel's Trilogy, #1)",Jacqueline Carey,4.19,189,3.941150427621856
7128,Chasm City,Alastair Reynolds,4.12,160,3.9324160863557465
7129,"The Lost Child of Philomena Lee: A Mother, Her Son and a 50 Year Search",Martin Sixsmith,3.65,117,3.8762177449646247
7130,Let's Pretend This Never Happened (Dear Dumb Diary #1),Jim Benton,3.98,81,3.909155062667571
7131,"Breaking Night: A Memoir of Forgiveness, Survival, and My Journey from Homeless to Harvard",Liz Murray,4.19,133,3.9447325672295794
7132,"Treachery in Death (In Death, #32)","J.D. Robb, Nora Roberts",4.43,233,3.999587688772807
7133,Under the Wide and Starry Sky,Nancy Horan,3.57,213,3.843836417528606
7134,"Blood Rites (The Grey Wolves, #2)",Quinn Loftis,4.41,121,3.9472967651906608
7135,The Adventures of Augie March,"Saul Bellow, Christopher Hitchens",3.84,183,3.9064162550741637
7136,"Carter Reed (Carter Reed, #1)",Tijan,4.03,181,3.919501418161028
7137,"Man and Boy (Harry Silver, #1)",Tony Parsons,3.55,141,3.858788526861884
7138,The Memoirs of Cleopatra,Margaret George,4.17,201,3.9517970611327065
7139,"The Jefferson Key (Cotton Malone, #7)",Steve Berry,3.88,193,3.9034568415805775
7140,All My Puny Sorrows,Miriam Toews,3.93,164,3.9028619211058597
7141,Bittersweet,Miranda Beverly-Whittemore,3.44,188,3.8351365055489346
7142,In Search of Schrödinger's Cat: Quantum Physics and Reality,John Gribbin,4.0,132,3.9271639720663014
7143,"The Keep (Adversary Cycle, #1)",F. Paul Wilson,3.98,156,3.9142537458225006
7144,"Middle School: The Worst Years of My Life (Midde School, #1)","James Patterson, Chris Tebbetts, Laura Park",4.01,90,3.9035009687023594
7145,"Dawn (Xenogenesis, #1)",Octavia E. Butler,4.1,169,3.9195266290243884
7146,"The Google Story: Inside the Hottest Business, Media, and Technology Success of Our Time",David A. Vise,3.81,80,3.8908333575677276
7147,Every Man Dies Alone,"Hans Fallada, Michael Hofmann, Geoff Wilkes",4.21,130,3.9278159814871465
7148,"Rebel of the Sands (Rebel of the Sands, #1)",Alwyn Hamilton,3.96,135,3.9022407667776227
7149,"Forever Peace (The Forever War, #2)",Joe Haldeman,3.73,209,3.875777211935944
7150,"Betrayal in Death (In Death, #12)","J.D. Robb, Nora Roberts",4.31,245,3.9729301063233056
7151,Man and His Symbols,"C.G. Jung, Joseph L. Henderson, Aniela Jaffé, Jolande Jacobi, John Freeman, Marie-Louise von Franz",4.18,189,3.9608685317626575
7152,"Pillar of Light (The Work and the Glory, #1)",Gerald N. Lund,4.28,183,3.9350233114814106
7153,"The Cloud Searchers (Amulet, #3)",Kazu Kibuishi,4.36,104,3.9575000237815208
7154,Lily and the Octopus,Steven  Rowley,3.74,159,3.889059419504672
7155,In the Lake of the Woods,Tim O'Brien,3.78,198,3.896551752552135
7156,"Tempt Me at Twilight (The Hathaways, #3)","Lisa Kleypas, Rosalyn Landor",4.18,170,3.9440252392376562
7157,"Tiger's Destiny (The Tiger Saga, #4)",Colleen Houck,4.41,161,3.9607971971539606
7158,Back Spin (Myron Bolitar #4),Harlan Coben,3.96,238,3.9269669890309578
7159,"This Heart of Mine (Chicago Stars, #5)",Susan Elizabeth Phillips,4.12,185,3.927061657176157
7160,"Elixir (Covenant, #3.5)",Jennifer L. Armentrout,4.41,220,3.995299064873675
7161,Apple Tree Yard,Louise Doughty,3.71,128,3.88337329400184
7162,The Ice Limit (Ice Limit #1),"Douglas Preston, Lincoln Child",3.97,211,3.9190809175178662
7163,"Twisted (Tangled, #2)",Emma Chase,4.04,222,3.924707466692296
7164,"Heartless (Parasol Protectorate, #4)",Gail Carriger,4.07,196,3.9320041274014437
7165,"When Calls the Heart (Canadian West, #1)",Janette Oke,4.19,102,3.925459939594952
7166,Big Girl Panties,Stephanie Evanovich,3.44,169,3.8372617509394558
7167,Saving Grace,Julie Garwood,4.25,180,3.946642123459977
7168,"Married By Morning (The Hathaways, #4)",Lisa Kleypas,4.14,174,3.9257308429023166
7169,Pnin,"Vladimir Nabokov, David Lodge",3.9,192,3.9004716756850595
7170,"Being a Green Mother (Incarnations of Immortality, #5)",Piers Anthony,3.95,223,3.896969486597739
7171,"The Inkheart Trilogy: Inkheart, Inkspell, Inkdeath (Inkworld, #1-3)",Cornelia Funke,4.17,151,3.9199408702340626
7172,The Overcoat,Nikolai Gogol,4.12,142,3.944352477155417
7173,Musashi,"Eiji Yoshikawa, Charles Terry, Edwin O. Reischauer",4.43,136,3.966130274665811
7174,"Finally (Willow Falls, #2)",Wendy Mass,4.19,93,3.9367134850723375
7175,Ford County,John Grisham,3.56,200,3.8619265960607168
7176,The Monk,Matthew      Lewis,3.8,155,3.8924715648488033
7177,"Gathering Prey (Lucas Davenport, #25)",John Sandford,4.18,170,3.9240296826946657
7178,Songs of Willow Frost,Jamie Ford,3.64,218,3.871570679069304
7179,"Jar City (Inspector Erlendur, #3)","Arnaldur Indriðason, Bernard Scudder",3.8,153,3.900560474418816
7180,"The Vanished Man (Lincoln Rhyme, #5)",Jeffery Deaver,4.08,194,3.9464580372135685
7181,One for the Murphys,Lynda Mullaly Hunt,4.31,106,3.942795056007624
7182,"Fresh Wind, Fresh Fire: What Happens When God's Spirit Invades the Heart of His People","Jim Cymbala, Dean Merrill",4.24,107,3.926526280231964
7183,"The Madman’s Daughter (The Madman’s Daughter, #1)",Megan Shepherd,3.69,139,3.885861654318659
7184,"Second Honeymoon (Honeymoon, #2)","James Patterson, Howard Roughan",3.89,184,3.910882709479299
7185,"Hero (Hero, #1)",Samantha Young,4.1,177,3.934736079380098
7186,Brain Droppings,George Carlin,4.11,191,3.952904018480717
7187,Last Chance to See,"Douglas Adams, Mark Carwardine",4.33,188,3.9571857637525447
7188,"Swindle (Swindle, #1)",Gordon Korman,3.94,106,3.914030382136832
7189,Relish: My Life in the Kitchen,Lucy Knisley,3.89,89,3.9231208386847927
7190,What I Thought Was True,Huntley Fitzpatrick,3.71,147,3.909151872630609
7191,Pretty Little Liars (TV Series),Lambert M. Surhone,4.46,63,3.9424252236327573
7192,"Ruthless (Pretty Little Liars, #10)",Sara Shepard,3.93,155,3.9014583094005895
7193,The Secret Life of Violet Grant,Beatriz Williams,3.97,177,3.9067393211100034
7194,"Wicked Ties (Wicked Lovers, #1)",Shayla Black,3.97,112,3.902822317219382
7195,"Charlie Bone and the Beast (The Children of the Red King, #6)",Jenny Nimmo,3.93,197,3.9153541570773305
7196,The Baller: A Down and Dirty Football Novel,Vi Keeland,4.13,113,3.9392385993525147
7197,"The Providence of Fire (Chronicle of the Unhewn Throne, #2)",Brian Staveley,4.16,173,3.9345431763412453
7198,Existentialism Is a Humanism,"Jean-Paul Sartre, Arlette Elkaïm-Sartre, Annie Cohen-Solal, Carol Macomber",3.96,118,3.9032714168856253
7199,My Life on the Road,Gloria Steinem,4.08,161,3.933957563962281
7200,Making Ideas Happen: Overcoming the Obstacles Between Vision and Reality,Scott Belsky,3.94,61,3.903663321149285
7201,"Sweet Little Lies (L.A. Candy, #2)",Lauren Conrad,3.53,122,3.859799800769874
7202,"Remy (Real, #3)",Katy Evans,4.31,195,3.9457698542446065
7203,"Rock Chick Revenge (Rock Chick, #5)",Kristen Ashley,4.5,236,4.003118887624519
7204,The Little Match Girl,"Hans Christian Andersen, Rachel Isadora",4.08,221,3.9346444591041227
7205,The Places in Between,Rory Stewart,3.88,157,3.90983121254962
7206,"Stars of Fortune (The Guardians Trilogy, #1)",Nora Roberts,4.0,118,3.91944641496003
7207,I Suck at Girls,Justin Halpern,3.79,145,3.9044874975798742
7208,"Cat Among the Pigeons (Hercule Poirot, #32)",Agatha Christie,3.82,234,3.8793871742505885
7209,Paris,Edward Rutherfurd,3.95,165,3.926720642639268
7210,The Necklace and Other Short Stories,Guy de Maupassant,3.94,212,3.9277578686652355
7211,Void Moon,Michael Connelly,3.95,237,3.9128041208936764
7212,Captains Courageous,Rudyard Kipling,3.88,247,3.905007553102086
7213,"Shadow Prey (Lucas Davenport, #2)",John Sandford,3.99,211,3.9305809534554785
7214,Violin,Anne Rice,3.26,252,3.7985179644924996
7215,The Forgetting Time,Sharon Guskin,3.79,196,3.88768239522096
7216,Dear Zoo: A Lift-the-Flap Book,Rod Campbell,4.25,139,3.9374041389696104
7217,"Death Note, Vol. 3: Hard Run (Death Note, #3)","Tsugumi Ohba, Takeshi Obata",4.42,146,3.9739254169815332
7218,"The Lost Stories (Ranger's Apprentice, #11)",John Flanagan,4.27,172,3.9699898547235133
7219,"Deep Down (Jack Reacher, #16.5)",Lee Child,3.87,185,3.913145301796387
7220,Saving June,Hannah Harrington,3.97,110,3.9251470824944645
7221,"Eeny Meeny (Helen Grace, #1)",M.J. Arlidge,3.88,114,3.894473677310212
7222,"Of Triton (The Syrena Legacy, #2)",Anna Banks,4.0,179,3.9223256680222227
7223,What the Night Knows,Dean Koontz,3.74,221,3.90752678266082
7224,"Knight & Play (Knight, #1)",Kitty French,4.04,184,3.9116156860973446
7225,"Queen of Fire (Raven's Shadow, #3)",Anthony  Ryan,3.64,193,3.8670481908851726
7226,"The Wounded Land (The Second Chronicles of Thomas Covenant, #1)",Stephen R. Donaldson,3.96,227,3.8986834935995223
7227,Darkness Visible: A Memoir of Madness,William Styron,4.04,177,3.9332625657869356
7228,In the Shadow of the Banyan,Vaddey Ratner,4.04,210,3.9190227149123262
7229,Dead End in Norvelt,Jack Gantos,3.72,140,3.8882203139760714
7230,"Spider's Bite (Elemental Assassin, #1)",Jennifer Estep,3.87,194,3.91153116535153
7231,Self-Reliance and Other Essays,Ralph Waldo Emerson,4.14,210,3.9427585992538354
7232,Crash,J.G. Ballard,3.58,186,3.8451418286925323
7233,How to Talk So Kids Will Listen & Listen So Kids Will Talk,"Adele Faber, Elaine Mazlish, Kimberly Ann Coe",4.24,160,3.9480842203555975
7234,Fiddler on the Roof,"Joseph Stein, Jerry Bock, Sheldon Harnick",4.2,210,3.966494483595344
7235,"Afterburn (Jax & Gia, #1)",Sylvia Day,3.97,101,3.905109873208934
7236,"All-of-a-Kind Family (All-of-a-Kind Family, #1)",Sydney Taylor,4.23,197,3.968356407857843
7237,Influx,Daniel Suarez,3.91,136,3.9137106134943456
7238,"Ilse Witch (Voyage of the Jerle Shannara, #1)",Terry Brooks,3.95,210,3.8974446382382273
7239,Personal History,Katharine Graham,4.13,171,3.9411065496504163
7240,"The Dry (Aaron Falk, #1)",Jane Harper,4.07,142,3.9383024128734836
7241,Full House (Full #1),"Janet Evanovich, Charlotte Hughes",3.63,207,3.850369264429185
7242,The Broken Wings,"Kahlil Gibran, Anthony R. Ferris",3.93,115,3.9123116502297597
7243,"Two Graves (Pendergast, #12)","Douglas Preston, Lincoln Child",4.03,209,3.9225633632351595
7244,"Blood of Dragons (Rain Wild Chronicles, #4)",Robin Hobb,4.12,226,3.912833165428861
7245,A Bridge Too Far,Cornelius Ryan,4.24,153,3.9493116931992853
7246,Loser,Jerry Spinelli,3.72,161,3.897425841006939
7247,"Sepulchre (Languedoc, #2)",Kate Mosse,3.73,168,3.8846082329916247
7248,"Kill the Dead (Sandman Slim, #2)",Richard Kadrey,4.06,167,3.930540548164928
7249,Vagabonding: An Uncommon Guide to the Art of Long-Term World Travel,Rolf Potts,3.92,105,3.909295324471024
7250,"Kiss the Dead (Anita Blake, Vampire Hunter #21)",Laurell K. Hamilton,3.79,234,3.8935284455508787
7251,The Garden of Eden,Ernest Hemingway,3.74,168,3.8779331606783414
7252,"Sweet Surrender (Sweet, #1)",Maya Banks,3.99,132,3.8799186775452315
7253,"The One Tree (The Second Chronicles of Thomas Covenant, #2)",Stephen R. Donaldson,3.96,217,3.9079777288646724
7254,Homicidal Psycho Jungle Cat: A Calvin and Hobbes Collection,Bill Watterson,4.71,217,4.0346505979693745
7255,"Surrender Your Love (Surrender Your Love, #1)",J.C. Reed,3.91,166,3.891121800893268
7256,CyberStorm,Matthew Mather,3.75,115,3.891467058243347
7257,Fargo Rock City: A Heavy Metal Odyssey in Rural North Dakota,Chuck Klosterman,3.8,144,3.908190954121126
7258,"To Green Angel Tower, Part 1 (Memory, Sorrow, and Thorn, #3; Part 1)",Tad Williams,4.18,187,3.943258451358595
7259,"I Am Nujood, Age 10 and Divorced","Nujood Ali, Delphine Minoui, Linda Coverdale",3.79,144,3.8961090995564502
7260,The Feast of All Saints,Anne Rice,3.83,270,3.880312542606776
7261,To Rise Again at a Decent Hour,Joshua Ferris,3.08,187,3.7977161416972187
7262,Proof,David Auburn,4.01,187,3.9366761358462714
7263,"The Past Through Tomorrow (Future History, #1-21)","Robert A. Heinlein, Damon Knight",4.15,188,3.941838252241911
7264,"Master of the Senate (The Years of Lyndon Johnson, #3)",Robert A. Caro,4.41,113,3.979445821188129
7265,"Saint Odd (Odd Thomas, #7)",Dean Koontz,4.12,186,3.9315064631066434
7266,The Wonderful Story of Henry Sugar and Six More,Roald Dahl,4.15,239,3.9587242165452037
7267,"Real Murders (Aurora Teagarden, #1)",Charlaine Harris,3.66,215,3.8677110876102683
7268,"Port Mortuary (Kay Scarpetta, #18)",Patricia Cornwell,3.55,229,3.855543376529204
7269,Arch of Triumph: A Novel of a Man Without a Country,Erich Maria Remarque,4.4,101,3.9339867950851537
7270,The Death of Superman,"Dan Jurgens, Jerry Ordway, Louise Simonson, Roger Stern, Jon Bogdanove, Tom Grummett, Jackson Butch Guice, Brett Breeding, Rick Burchett, Doug Hazlewood, Dennis Janke, Denis Rodier",3.89,132,3.8890629280976965
7271,The Raw Shark Texts,Steven Hall,3.87,181,3.904074987543236
7272,"The Hammer of Thor (Magnus Chase and the Gods of Asgard, #2)",Rick Riordan,4.37,185,3.9578241269630174
7273,Wave,Sonali Deraniyagala,3.7,158,3.8792627068240364
7274,"Fire Sea (The Death Gate Cycle, #3)","Margaret Weis, Tracy Hickman",4.05,212,3.927039632652882
7275,"Far from the Tree: Parents, Children, and the Search for Identity",Andrew Solomon,4.26,149,3.972479711534347
7276,"Junie B. Jones and the  Stupid Smelly Bus (Junie B. Jones, #1)","Barbara Park, Denise Brunkus",3.9,97,3.9126417290711717
7277,The Autumn of the Patriarch,"Gabriel García Márquez, Gregory Rabassa",3.84,185,3.8926369886051475
7278,"Bones of the Hills (Conqueror, #3)",Conn Iggulden,4.32,135,3.9440563221642266
7279,Hallucinations,Oliver Sacks,3.85,122,3.908943623237816
7280,"Burned (Fever, #7)",Karen Marie Moning,4.12,201,3.9300783903153604
7281,The Murders in the Rue Morgue,Edgar Allan Poe,3.92,156,3.929968779871741
7282,The Summer Tree (The Fionavar Tapestry #1),Guy Gavriel Kay,3.99,220,3.933883653890314
7283,"Betsy-Tacy (Betsy-Tacy, #1)","Maud Hart Lovelace, Lois Lenski",4.07,174,3.93828345310685
7284,Sweethearts,Sara Zarr,3.64,141,3.867113661199279
7285,The Monsters of Templeton,Lauren Groff,3.58,230,3.8556458062416556
7286,"Midnight Crossroad (Midnight, Texas, #1)",Charlaine Harris,3.63,166,3.8472979874787248
7287,"Catering to Nobody (A Goldy Bear Culinary Mystery, #1)",Diane Mott Davidson,3.85,129,3.917831880044762
7288,"The Lost Prince (The Iron Fey: Call of the Forgotten, #1)",Julie Kagawa,4.05,197,3.90664145831889
7289,"Devil Bones (Temperance Brennan, #11)",Kathy Reichs,3.89,206,3.9137396527033164
7290,From Here to Eternity,James  Jones,4.09,225,3.935542076811078
7291,Change Your Thoughts - Change Your Life: Living the Wisdom of the Tao,Wayne W. Dyer,4.24,110,3.928247136745414
7292,"Dude, Where's My Country?",Michael Moore,3.4,185,3.819393012922147
7293,The Last Don,Mario Puzo,3.8,166,3.9007778953744388
7294,محال,"يوسف زيدان, Youssef Ziedan",3.31,165,3.836777878943438
7295,"Ready or Not (All-American Girl, #2)",Meg Cabot,3.4,237,3.8055579485942337
7296,"Cross Bones (Temperance Brennan, #8)",Kathy Reichs,3.86,211,3.8967995978887426
7297,All But My Life: A Memoir,Gerda Weissmann Klein,4.28,140,3.9541144289499406
7298,Rikki-Tikki-Tavi,"Rudyard Kipling, Jerry Pinkney",3.96,232,3.904706705758413
7299,"All-Star Superman, Vol. 2","Grant Morrison, Frank Quitely",4.33,140,3.9586588506722764
7300,The World of Ice & Fire: The Untold History of Westeros and the Game of Thrones,"George R.R. Martin, Elio M. García Jr., Linda Antonsson",4.25,153,3.94031146819366
7301,"To Sir Phillip, With Love (Bridgertons, #5)",Julia Quinn,3.89,160,3.904064224832207
7302,Miracle in the Andes,"Nando Parrado, Vince Rause",4.21,137,3.9350317168014937
7303,"Lost & Found (Lost & Found, #1)",Nicole  Williams,4.13,172,3.916007750160916
7304,"Among the Barons (Shadow Children, #4)",Margaret Peterson Haddix,4.08,175,3.9316883941139285
7305,The War that Saved My Life (The War That Saved My Life #1),"Kimberly Brubaker Bradley, مرضیه ورشوساز",4.43,156,3.983848896611994
7306,"Say Cheese and Die! (Goosebumps, #4)",R.L. Stine,3.72,143,3.865803128952322
7307,"Sharpe's Tiger (Sharpe, #1)",Bernard Cornwell,4.08,131,3.9118563872055265
7308,Jinx,Meg Cabot,3.72,218,3.868710062606456
7309,Death in Venice and Other Tales,"Thomas Mann, Joachim Neugroschel",3.87,245,3.9027694383937472
7310,"As Chimney Sweepers Come to Dust (Flavia de Luce, #7)",Alan Bradley,3.94,187,3.9074214002359446
7311,What Was She Thinking? [Notes on a Scandal],Zoë Heller,3.69,182,3.877719504178674
7312,"The Beast (Black Dagger Brotherhood, #14)",J.R. Ward,4.45,124,3.9573850192000357
7313,"Sullivan's Island (Lowcountry Tales, #1)",Dorothea Benton Frank,4.02,169,3.9032218784129604
7314,"Cardcaptor Sakura: Master of the Clow, Vol. 1 (Cardcaptor Sakura, #7)","CLAMP, Anita Sengupta",4.34,117,3.9401967783416385
7315,"The Soulkeepers (The Soulkeepers, #1)",G.P. Ching,3.71,94,3.8779073063977147
7316,Up Country,Nelson DeMille,3.99,222,3.9182894391660894
7317,Private Peaceful,Michael Morpurgo,4.16,98,3.9330495818998727
7318,"Her Royal Spyness (Her Royal Spyness Mysteries, #1)",Rhys Bowen,3.76,142,3.886876866477053
7319,"Gunmetal Magic (Kate Daniels, #5.5)",Ilona Andrews,4.28,197,3.9567394761799224
7320,"Half a War (Shattered Sea, #3)",Joe Abercrombie,4.01,194,3.9275393149549642
7321,"Rock Chick Renegade (Rock Chick, #4)",Kristen Ashley,4.46,225,4.000296933425323
7322,"The Marriage Mistake (Marriage to a Billionaire, #3)",Jennifer Probst,3.96,153,3.9043105681711596
7323,Jamberry,Bruce Degen,4.17,234,3.9571641664021833
7324,"Darkest Powers Trilogy (Darkest Powers, #1-3)",Kelley Armstrong,4.47,144,3.977661617868011
7325,"Rhapsody: Child of Blood (Symphony of Ages, #1)",Elizabeth Haydon,3.95,160,3.89361880216564
7326,Doctors,Erich Segal,4.0,143,3.917945500296688
7327,Samarkand,"Amin Maalouf, Russell Harris",4.2,119,3.937979897285159
7328,"Indulgence in Death (In Death, #31)",J.D. Robb,4.32,242,3.97498226853871
7329,We Need New Names,NoViolet Bulawayo,3.71,155,3.889475983331541
7330,The Little Red Caboose (Little Golden Book),Marian Potter,4.21,240,3.9798755759646607
7331,Pretty in Plaid,Jen Lancaster,3.88,165,3.9007041407437804
7332,Wicca: A Guide for the Solitary Practitioner,Scott Cunningham,4.01,120,3.915725048483125
7333,All My Sons,"Arthur Miller, Christopher Bigsby",3.87,177,3.909686348296329
7334,Graffiti Moon,Cath Crowley,3.9,97,3.9110759262057524
7335,Mufaro's Beautiful Daughters: An African Tale,John Steptoe,4.32,217,3.9659466689634346
7336,"Paladin of Souls (World of the Five Gods, #2)",Lois McMaster Bujold,4.13,176,3.9383744603278092
7337,Mastery,Robert Greene,4.27,77,3.9335220556292114
7338,"God Bless You, Dr. Kevorkian",Kurt Vonnegut Jr.,3.83,199,3.899526774844202
7339,A Homemade Life: Stories and Recipes from My Kitchen Table,Molly Wizenberg,3.94,149,3.939379583647489
7340,The Three Pigs,David Wiesner,4.15,190,3.948491046152381
7341,Learned Optimism: How to Change Your Mind and Your Life,Martin E.P. Seligman,3.98,120,3.9088035688245846
7342,"Desires of the Dead (The Body Finder, #2)",Kimberly Derting,4.07,150,3.931156341082919
7343,The Littles,"John Lawrence Peterson, Roberta Carter Clark",3.98,233,3.9422750163041163
7344,Amelia Bedelia and the Surprise Shower,"Peggy Parish, Barbara Siebel Thomas",4.27,222,3.9831828285977373
7345,"Homecoming (Tillerman Cycle, #1)",Cynthia Voigt,3.92,207,3.901547812688393
7346,"Spell of the Highlander (Highlander, #7)",Karen Marie Moning,4.27,180,3.9569339708465834
7347,"The Hand of Chaos (The Death Gate Cycle, #5)","Margaret Weis, Tracy Hickman",4.05,194,3.918079953825662
7348,One False Move (Myron Bolitar #5),Harlan Coben,4.07,223,3.9504149366084276
7349,The Guns of Avalon (The Chronicles of Amber #2),Roger Zelazny,4.16,203,3.9410231190216205
7350,The Great Gilly Hopkins,Katherine Paterson,3.83,201,3.907635763804103
7351,"Trojan Odyssey (Dirk Pitt, #17)",Clive Cussler,3.92,161,3.8854971151439703
7352,Follow the River,James Alexander Thom,4.21,182,3.955529090907001
7353,Measure for Measure,"William Shakespeare, Barbara A. Mowat, Paul Werstine",3.67,262,3.872715302324487
7354,The Mask,"Owen  West, Dean Koontz",3.75,208,3.870645595723264
7355,All Our Yesterdays,Cristin Terrill,4.05,135,3.924288968708741
7356,Coming Clean,Kimberly Rae Miller,3.88,143,3.9035874560134567
7357,Forever Amber ,Kathleen Winsor,3.98,183,3.9115508549421314
7358,"The Emerald Atlas (The Books of Beginning, #1)",John  Stephens,3.92,155,3.896216041745381
7359,Swing Time,Zadie Smith,3.6,173,3.8835566988417995
7360,In Harm's Way: The Sinking of the U.S.S. Indianapolis and the Extraordinary Story of Its Survivors,Doug Stanton,4.25,127,3.9475386525989498
7361,"Chibi Vampire, Vol. 01",Yuna Kagesaki,3.99,123,3.9090134892523647
7362,Everything Leads to You,Nina LaCour,3.89,98,3.908798623595875
7363,Jeremy Fink and the Meaning of Life,Wendy Mass,4.02,137,3.907703090064987
7364,"Thank You, Mr. Falker",Patricia Polacco,4.52,128,3.9743310254090094
7365,The Peripheral,William Gibson,3.94,148,3.913737318785371
7366,Too Much Happiness,Alice Munro,3.82,164,3.8969108685134324
7367,"Tempting the Best Man (Gamble Brothers, #1)","J. Lynn, Jennifer L. Armentrout",3.73,212,3.865271335590467
7368,"Captive Prince: Volume Two (Captive Prince, #2)",C.S. Pacat,4.51,126,3.9612778692050887
7369,"The Siren (The Original Sinners, #1)",Tiffany Reisz,4.05,125,3.896129074191839
7370,Ironweed,William  Kennedy,3.86,276,3.9062125115310087
7371,"Deception (Alex Delaware, #25)",Jonathan Kellerman,3.96,196,3.9240116838934878
7372,Stupid White Men,Michael Moore,3.3,186,3.8202571035223647
7373,"A Court of Wings and Ruin (A Court of Thorns and Roses, #3)",Sarah J. Maas,4.54,151,3.9875439649535096
7374,"The Faceless Ones (Skulduggery Pleasant, #3)",Derek Landy,4.4,138,3.9684573166522092
7375,The Great Railway Bazaar,Paul Theroux,3.91,142,3.9163709298514764
7376,"Black List (Scot Harvath, #11)",Brad Thor,4.2,133,3.9180821446300214
7377,"Transmetropolitan, Vol. 2: Lust for Life (Transmetropolitan, #2)","Warren Ellis, Darick Robertson",4.35,177,3.983362027954474
7378,"The Atrocity Archives (Laundry Files, #1)",Charles Stross,3.95,149,3.9040226288592548
7379,The Pleasure of My Company,Steve Martin,3.78,200,3.9053954071887325
7380,"Dark Fire (Matthew Shardlake, #2)",C.J. Sansom,4.24,124,3.9443512079602905
7381,"Beautiful Beginning (Beautiful Bastard, #3.5)",Christina Lauren,4.24,139,3.949531782416893
7382,Heft,Liz Moore,3.96,237,3.913509687816699
7383,"Outcast of Redwall (Redwall, #8)",Brian Jacques,3.9,234,3.901306144766038
7384,Mister Pip,Lloyd Jones,3.66,187,3.870852980723036
7385,Giada's Family Dinners,"Giada De Laurentiis, Victoria Pearson",3.99,108,3.8970870764127974
7386,Doubt,John Patrick Shanley,4.13,160,3.942115407403273
7387,"Book of Shadows (Sweep, #1)",Cate Tiernan,4.04,157,3.894875705184033
7388,"Secrets of a Shoe Addict (Shoe Addict, #2)",Beth Harbison,3.73,96,3.8937689262262847
7389,"After We Fell (After, #3)",Anna Todd,3.88,127,3.8894035650138505
7390,Elizabeth Street,Laurie Fabiano,3.9,190,3.9032454794881466
7391,"The Assassin and the Pirate Lord (Throne of Glass, #0.1)",Sarah J. Maas,4.23,175,3.9523480266676065
7392,Fear and Trembling,"Søren Kierkegaard, Alastair Hannay",4.01,155,3.926920752297317
7393,"Hawksong (The Kiesha'ra, #1)",Amelia Atwater-Rhodes,4.15,154,3.932861635721058
7394,"The Naked God (Night's Dawn, #3)",Peter F. Hamilton,4.2,180,3.940025935854302
7395,"Come Back, Amelia Bedelia","Peggy Parish, Wallace Tripp",4.25,195,3.9726730753599995
7396,Kon-Tiki: Across The Pacific In A Raft,Thor Heyerdahl,4.1,211,3.9377684759164864
7397,How to Get Filthy Rich in Rising Asia,Mohsin Hamid,3.76,154,3.8796502140018045
7398,Relativity: The Special and the General Theory,"Albert Einstein, Nigel Calder, Robert W. Lawson",4.17,112,3.94383446610122
7399,Getting Over It,Anna Maxted,3.53,135,3.852062100313698
7400,The List,Siobhan Vivian,3.46,138,3.84860599297778
7401,The Brothers K,David James Duncan,4.39,196,3.988677817730587
7402,The Happiness Advantage: The Seven Principles of Positive Psychology That Fuel Success and Performance at Work,Shawn Achor,4.15,105,3.937304349601344
7403,"A Dog's Journey (A Dog's Purpose, #2)",W. Bruce Cameron,4.41,130,3.9491851335897183
7404,The Meaning of Marriage: Facing the Complexities of Commitment with the Wisdom of God,"Timothy J. Keller, Kathy  Keller",4.43,106,3.956011257515826
7405,Batman & Robin: Batman Reborn,"Grant Morrison, Frank Quitely, Philip Tan, Jonathan Glapion, Alex Sinclair",4.08,105,3.916297580753604
7406,"MeruPuri, Vol. 1 (MeruPuri, #1)",Matsuri Hino,4.14,122,3.948105106766956
7407,The Flanders Panel,"Arturo Pérez-Reverte, Margaret Jull Costa",3.8,146,3.9090833752111944
7408,The Princess and the Pea,"Janet Stevens, Hans Christian Andersen",4.1,215,3.9544307894664996
7409,The Short Stories,"F. Scott Fitzgerald, Matthew J. Bruccoli",4.23,201,3.9814792445830793
7410,"Dark Angel (Casteel, #2)",V.C. Andrews,3.96,161,3.8653673902502104
7411,"Specter of the Past (Star Wars: The Hand of Thrawn, #1)",Timothy Zahn,3.98,177,3.9037922939236775
7412,Binge,Tyler Oakley,4.3,73,3.921341482919179
7413,Black Lies,Alessandra Torre,4.32,166,3.970598886238288
7414,What the Dead Know,Laura Lippman,3.54,204,3.856546471532621
7415,"Rome (Marked Men, #3)","Jay Crownover, Charlotte Connan de vries",4.22,176,3.9464847604089117
7416,"The Life and Opinions of Tristram Shandy, Gentleman","Laurence Sterne, Melvyn New",3.74,212,3.8688625156522356
7417,Giraffes Can't Dance,"Giles Andreae, Guy Parker-Rees",4.28,146,3.9580918951538924
7418,The Passion of Artemisia,Susan Vreeland,3.86,177,3.9288420250074467
7419,Heal Your Body: The Mental Causes for Physical Illness and the Metaphysical Way to Overcome Them,Louise L. Hay,4.34,102,3.9488554008754635
7420,"Tokyo Mew Mew, Vol. 1 (Tokyo Mew Mew, #1)","Mia Ikumi, Reiko Yoshida",3.95,104,3.892873378916614
7421,The Miseducation of Cameron Post,Emily M. Danforth,3.99,144,3.9240483882372628
7422,Coraline (Illustrated/Graphic Novel Edition),"Neil Gaiman, P. Craig Russell",3.96,169,3.918044378968804
7423,"House of Many Ways (Howl's Moving Castle, #3)",Diana Wynne Jones,4.03,193,3.947875395428972
7424,The Cartel,Don Winslow,4.28,149,3.949159166886788
7425,A Mother's Reckoning: Living in the Aftermath of Tragedy,Sue Klebold,4.13,156,3.9359554595095467
7426,"Skin Tight (Mick Stranahan, #1)",Carl Hiaasen,3.96,222,3.9132976399790396
7427,"Moonraker (James Bond, #3)",Ian Fleming,3.7,163,3.8737566296006904
7428,Two Treatises of Government,"John Locke, Peter Laslett, Raymond Geuss",3.81,172,3.902697094241372
7429,Civil Disobedience and Other Essays,Henry David Thoreau,4.06,240,3.913692375232421
7430,"Rose in Bloom (Eight Cousins, #2)",Louisa May Alcott,4.03,167,3.9142115939602222
7431,Mosquitoland,David  Arnold,3.92,159,3.9047392522531226
7432,The Perfect Son,Barbara Claypole White,3.97,125,3.9083867927239773
7433,Looking for Alibrandi,Melina Marchetta,3.85,153,3.9103107181749097
7434,"Raid (Unfinished Hero, #3)",Kristen Ashley,4.23,208,3.9498791907675628
7435,"Fifth Grave Past the Light (Charley Davidson, #5)",Darynda Jones,4.49,187,3.979826870871504
7436,"The Seventh Scroll (Ancient Egypt, #2)",Wilbur Smith,4.1,133,3.9074219755901978
7437,A Midsummer's Nightmare,Kody Keplinger,3.83,114,3.8983367693290636
7438,The Troop,Nick Cutter,3.71,138,3.89942902263719
7439,"Revelation (Matthew Shardlake, #4)",C.J. Sansom,4.32,140,3.9533570253295514
7440,100 Love Sonnets,"Pablo Neruda, Stephen Tapscott",4.4,138,3.9699744220151767
7441,Lucky Us,Amy Bloom,3.21,209,3.810996387060108
7442,"It's in His Kiss (Bridgertons, #7)",Julia Quinn,4.01,150,3.9266460802395002
7443,"Short Stories from Hogwarts of Power, Politics and Pesky Poltergeists (Pottermore Presents, #2)","J.K. Rowling, MinaLima",4.2,138,3.946459288889181
7444,Phenomenology of Spirit,"Georg Wilhelm Friedrich Hegel, A.V. Miller, John Niemeyer Findlay",3.91,127,3.900877595458278
7445,"Fire Inside (Chaos, #2)",Kristen Ashley,4.33,199,3.9633272533477903
7446,"The Neutronium Alchemist (Night's Dawn, #2)",Peter F. Hamilton,4.25,168,3.966934124855453
7447,The Darkest Seduction (Lords of the Underworld #9),Gena Showalter,4.35,157,3.9644188144340142
7448,"King's Cage (Red Queen, #3)",Victoria Aveyard,4.03,195,3.9035972373610175
7449,Invisible,Paul Auster,3.71,136,3.8901597512289046
7450,ظل الأفعى,يوسف زيدان,3.0,166,3.78416198510184
7451,Ten Things We Did (and Probably Shouldn't Have),Sarah Mlynowski,3.74,128,3.877258488529089
7452,"Rebel Heart (Dust Lands, #2)",Moira Young,3.89,159,3.892792713016208
7453,Sickened: The Memoir of a Munchausen by Proxy Childhood,Julie Gregory,3.72,140,3.885190699494514
7454,The Last Time They Met,Anita Shreve,3.48,217,3.829970142805845
7455,News of the World,Paulette Jiles,4.14,178,3.9583429879574523
7456,"Blowback (Scot Harvath, #4)",Brad Thor,4.17,156,3.929968779871741
7457,Jaya: An Illustrated Retelling of the Mahabharata,Devdutt Pattanaik,4.2,94,3.9367631488210058
7458,Women of the Silk,Gail Tsukiyama,3.94,231,3.895427818708005
7459,The Prisoner of Zenda,Anthony Hope,3.87,185,3.914610181310047
7460,"Flutter (My Blood Approves, #3)",Amanda Hocking,3.97,198,3.8958262211003465
7461,"Tall, Tatted and Tempting (The Reed Brothers, #1)",Tammy Falkner,4.23,144,3.9399058223533996
7462,Leviathan,Paul Auster,3.95,127,3.912351625902706
7463,Saving Faith,David Baldacci,3.82,237,3.9022206170483367
7464,"The Spine of the World (Forgotten Realms: Paths of Darkness, #2; Legend of Drizzt, #12)",R.A. Salvatore,3.89,188,3.9038348904060562
7465,"The Haunted Mask (Goosebumps, #11)",R.L. Stine,3.77,128,3.876494137844995
7466,Tyrannosaur Canyon (Wyman Ford #1),Douglas Preston,3.78,213,3.9005363385793492
7467,The Girl Before,J.P. Delaney,3.7,132,3.8829667610627197
7468,Wayside School Gets A Little Stranger (Wayside School #3),Louis Sachar,4.18,172,3.9537212752662922
7469,Summer of Night,Dan Simmons,4.0,154,3.929114352501392
7470,"The Dresden Files:  Storm Front, Volume 1-  The Gathering Storm","Jim Butcher, Mark Powers, Ardian Syaf",4.36,169,3.9669586308030884
7471,Tourist Season,Carl Hiaasen,3.95,224,3.8934823617051966
7472,السنجة,أحمد خالد توفيق,3.16,142,3.8278887397282064
7473,"204 Rosewood Lane (Cedar Cove, #2)",Debbie Macomber,4.15,100,3.9222192302918124
7474,"Unseen (Will Trent, #7)",Karin Slaughter,4.17,185,3.9424428920695873
7475,"Eleventh Grade Burns (The Chronicles of Vladimir Tod, #4)",Heather Brewer,4.31,120,3.9341823275725663
7476,Double Star,Robert A. Heinlein,3.88,165,3.9036774552461218
7477,"A Perfect Evil (Maggie O'Dell, #1)",Alex Kava,4.02,125,3.928305585338702
7478,Help Thanks Wow: The Three Essential Prayers,Anne Lamott,3.97,167,3.9253449718270668
7479,"The Long Patrol (Redwall, #10)","Brian Jacques, Allan Curless",4.1,228,3.9335491589452585
7480,The Better Angels of Our Nature: Why Violence Has Declined,Steven Pinker,4.19,125,3.950522700178202
7481,"When We Were Very Young (Winnie-the-Pooh, #3)","A.A. Milne, Ernest H. Shepard",4.32,242,3.9939656053874764
7482,My Sunshine Away,M.O. Walsh,3.6,193,3.8532129036209186
7483,The Truth Seeker (O'Malley #3),Dee Henderson,4.39,115,3.9347002860670175
7484,Filosofi Kopi: Kumpulan Cerita dan Prosa Satu Dekade,Dee Lestari,3.82,114,3.8952462957139824
7485,سینوهه,"Mika Waltari, ذبیح‌الله منصوری",4.08,119,3.902576218381134
7486,Great House,Nicole Krauss,3.45,203,3.8492136778302664
7487,"The Kept Woman (Will Trent, #8)",Karin Slaughter,4.1,157,3.9345077997028395
7488,"Maid for Love (Gansett Island Series, #1)",Marie Force,3.98,90,3.8956288125187806
7489,And the Shofar Blew,Francine Rivers,4.11,135,3.926569817184374
7490,"Prentice Alvin (Tales of Alvin Maker, #3)",Orson Scott Card,3.77,263,3.885274912036727
7491,"44 Scotland Street (44 Scotland Street, #1)",Alexander McCall Smith,3.61,158,3.865065591080182
7492,Chill Factor,Sandra Brown,3.95,127,3.906232142999011
7493,Odd and the Frost Giants,"Neil Gaiman, Mark Buckingham",3.95,184,3.922610335368033
7494,The Magpies,Mark  Edwards,3.8,97,3.8922862918207213
7495,Season of Migration to the North,"Tayeb Salih, Denys Johnson-Davies",3.71,151,3.8906461958556355
7496,The Golden Notebook,Doris Lessing,3.75,209,3.867139768619166
7497,"The Winter Rose (The Tea Rose, #2)",Jennifer Donnelly,4.29,153,3.962812030707723
7498,"The Last Full Measure (The Civil War Trilogy, #3)",Jeff Shaara,4.22,179,3.9502812333867485
7499,Oscar et la dame rose,Éric-Emmanuel Schmitt,4.2,113,3.946970757397825
7500,When Bad Things Happen to Good People,Harold S. Kushner,4.02,174,3.9205621210533907
7501,"Post Captain (Aubrey/Maturin, #2)",Patrick O'Brian,4.29,149,3.946902339985411
7502,"Dragon Flight (Dragon Slippers, #2)",Jessica Day George,4.18,123,3.9404720943317786
7503,"What Katy Did (Carr Family, #1)",Susan Coolidge,3.89,199,3.908951845532232
7504,Homer Price (A Puffin Book),Robert McCloskey,4.07,219,3.9352656903756214
7505,"Shatterglass (The Circle Opens, #4)",Tamora Pierce,4.16,254,3.9570642686624886
7506,"The Belgariad, Vol. 1: Pawn of Prophecy / Queen of Sorcery / Magician's Gambit (The Belgariad, #1-3)",David Eddings,4.27,223,3.9404384526064327
7507,The Lucifer Effect: Understanding How Good People Turn Evil,Philip G. Zimbardo,3.94,115,3.925436022961945
7508,The Scent of Rain and Lightning,Nancy Pickard,3.79,175,3.8866799089077007
7509,"Pacific Vortex! (Dirk Pitt, #1)","Clive Cussler, Michael Pritchard",3.76,165,3.8798909392273897
7510,"One More Chance (Rosemary Beach, #8; Chance, #2)",Abbi Glines,4.29,195,3.951586766918205
7511,Aurora,Kim Stanley Robinson,3.73,144,3.879496549530021
7512,"Purity in Death (In Death, #15)",J.D. Robb,4.33,233,3.9840212839047675
7513,"The Hollow Hills (Arthurian Saga, #2)",Mary  Stewart,4.23,260,3.9794607238371222
7514,"Among the Brave (Shadow Children, #5)",Margaret Peterson Haddix,4.14,163,3.9377780693386493
7515,"Marching Powder: A True Story of Friendship, Cocaine, and South America's Strangest Jail","Rusty Young, Thomas McFadden",4.22,81,3.9218403873325993
7516,"Mars, Volume 01",Fuyumi Soryo,4.13,147,3.9294939203967507
7517,Six Easy Pieces: Essentials of Physics By Its Most Brilliant Teacher,Richard Feynman,4.19,156,3.94418714401153
7518,"The Art of Simple Food: Notes, Lessons, and Recipes from a Delicious Revolution",Alice Waters,4.11,129,3.950673856673495
7519,"Centaur Aisle (Xanth, #4)",Piers Anthony,3.77,219,3.8630867437594563
7520,The Year of Fog,Michelle Richmond,3.46,169,3.851343126467507
7521,Crisis on Infinite Earths,"Marv Wolfman, George Pérez",4.01,149,3.9168113146337222
7522,The Areas of My Expertise: An Almanac of Complete World Knowledge Compiled with Instructive Annotation and Arranged in Useful Order,John Hodgman,3.81,169,3.9113742537186744
7523,"Hogwarts: An Incomplete and Unreliable Guide (Pottermore Presents, #3)",J.K. Rowling,4.21,141,3.9518786653618463
7524,"Ronia, the Robber's Daughter","Astrid Lindgren, Patricia Crampton, Trina Schart Hyman",4.27,142,3.9625026700012156
7525,"Spider Bones (Temperance Brennan, #13)",Kathy Reichs,3.9,178,3.909752838505932
7526,No Talking,Andrew Clements,3.94,115,3.913855694080605
7527,"Blood on Snow (Blood on Snow, #1)","Jo Nesbø, Neil Smith",3.5,146,3.8698765592570363
7528,"Wait for Me (Against All Odds, #1)",Elisabeth Naughton,3.98,156,3.8970420418638088
7529,The Garden of Evening Mists,Tan Twan Eng,4.08,145,3.9376875277617196
7530,"The Cellar (The Cellar, #1)",Natasha Preston,3.94,98,3.898628866887747
7531,"The Gentlemen's Alliance †, Vol. 1",Arina Tanemura,3.96,119,3.9079637347360943
7532,"Rusty Nailed (Cocktail, #2)",Alice Clayton,3.97,180,3.890772094789831
7533,"Dark Guardian (Dark, #9)",Christine Feehan,4.33,130,3.945369213571402
7534,Prophet,Frank E. Peretti,3.92,145,3.8916602131914337
7535,"The Wicked Will Rise (Dorothy Must Die, #2)",Danielle  Paige,3.82,171,3.873763990633174
7536,"Dark Fire (Dark, #6)",Christine Feehan,4.3,133,3.936356720126861
7537,Citizen: An American Lyric,Claudia Rankine,4.3,100,3.9589293763513296
7538,"Carry on, Jeeves (Jeeves, #3)",P.G. Wodehouse,4.28,184,3.94093475081918
7539,"The Magic Thief (Magic Thief, #1)","Sarah Prineas, Antonio Javier Caparo",3.94,157,3.903101234235106
7540,Our Band Could Be Your Life: Scenes from the American Indie Underground 1981-1991,Michael Azerrad,4.2,107,3.933517657533292
7541,"I, Elizabeth",Rosalind Miles,4.01,158,3.9345567365632577
7542,The Woman Who Stole My Life,Marian Keyes,3.52,133,3.873157146533623
7543,Pyongyang: A Journey in North Korea,Guy Delisle,3.93,126,3.895443068623293
7544,Night Over Water,Ken Follett,3.78,177,3.8861101308057227
7545,I Am Having So Much Fun Here Without You,Courtney Maum,3.37,142,3.828644997763448
7546,"All I Want is Everything (Gossip Girl, #3)",Cecily von Ziegesar,3.56,145,3.8682692828360423
7547,Competitive Strategy: Techniques for Analyzing Industries and Competitors,Michael E. Porter,4.14,85,3.937103675446619
7548,Systematic Theology: An Introduction to Biblical Doctrine,Wayne A. Grudem,4.23,85,3.924458452969736
7549,"P is for Peril (Kinsey Millhone, #16)",Sue Grafton,3.85,242,3.9243600369420006
7550,"Adulthood Is a Myth (Sarah's Scribbles, #1)",Sarah Andersen,4.14,97,3.948655194975814
7551,"The Darkness That Comes Before (The Prince of Nothing, #1)",R. Scott Bakker,3.78,175,3.8859420648879266
7552,"The Dirty Life: On Farming, Food, and Love",Kristin Kimball,4.04,124,3.9167501959231825
7553,"Dust & Decay (Rot & Ruin, #2)",Jonathan Maberry,4.29,124,3.9497180714119504
7554,"Alienated (Alienated, #1)",Melissa Landers,3.95,149,3.9062794557606315
7555,Bone Gap,Laura Ruby,3.86,167,3.8874914870797945
7556,"Big Cherry Holler (Big Stone Gap, #2)",Adriana Trigiani,3.92,180,3.9106206576068567
7557,"Yes, Chef",Marcus Samuelsson,3.8,149,3.9077840070282157
7558,Teen Idol,Meg Cabot,3.53,234,3.791004228623777
7559,The Thing Around Your Neck,Chimamanda Ngozi Adichie,4.18,117,3.936342619704469
7560,Caraval,Stephanie Garber,3.97,147,3.9219598286315134
7561,Bright Shiny Morning,James Frey,3.8,178,3.8906112644795754
7562,The Story of an Hour,Kate Chopin,4.08,176,3.959018860534253
7563,Rabbit Is Rich (Rabbit Angstrom #3),John Updike,3.9,249,3.907239404283641
7564,"Lots of Candles, Plenty of Cake",Anna Quindlen,3.71,179,3.879656647202683
7565,Scars,Cheryl Rainfield,4.17,79,3.9121871520230345
7566,The Fixer Upper,Mary Kay Andrews,3.88,166,3.9015206718729907
7567,"Negeri 5 Menara (Negeri 5 Menara, #1)",Ahmad Fuadi,4.04,108,3.899415726571922
7568,"Empire of Ivory (Temeraire, #4)",Naomi Novik,3.93,186,3.9014984121661476
7569,"An Army at Dawn: The War in North Africa, 1942-1943 (World War II Liberation Trilogy, #1)",Rick Atkinson,4.25,131,3.9393100591341472
7570,Daddy's Little Girl,Mary Higgins Clark,3.85,150,3.908605036865825
7571,Ricochet,Sandra Brown,3.96,145,3.915051143546825
7572,Can't Wait to Get to Heaven,Fannie Flagg,3.89,179,3.8973127937486995
7573,Among Others,Jo Walton,3.68,232,3.8707195925388422
7574,"Seduction in Death (In Death, #13)",J.D. Robb,4.3,232,3.972680932197555
7575,Double Indemnity,James M. Cain,4.12,171,3.941846577771485
7576,"Upon the Midnight Clear (Dark-Hunter #12, Dream-Hunter #2)",Sherrilyn Kenyon,4.0,203,3.9381314830785854
7577,Presentation Zen: Simple Ideas on Presentation Design and Delivery,Garr Reynolds,4.08,96,3.9368622428446347
7578,"Sea of Swords (Forgotten Realms: Paths of Darkness, #4; Legend of Drizzt, #13)",R.A. Salvatore,4.07,185,3.9168075005805374
7579,"Goodbye, Columbus and Five Short Stories",Philip Roth,3.87,187,3.9147350841385262
7580,"Bone: Quest for the Spark, Vol. 1","Tom Sniegoski, Jeff Smith, Thomas E. Sniegoski, Steve Hamaker",4.33,88,3.944348561493816
7581,The Personal MBA: Master the Art of Business,Josh Kaufman,4.04,86,3.9189901923261528
7582,The Last Original Wife,Dorothea Benton Frank,3.67,155,3.8482867374691883
7583,"No Mercy (Dark-Hunter #18, Were-Hunter, #5)",Sherrilyn Kenyon,4.28,183,3.9584957680206907
7584,The Library at Mount Char,Scott  Hawkins,4.07,164,3.9281538946236756
7585,"Fire Star (The Last Dragon Chronicles, #3)",Chris d'Lacey,3.91,144,3.904415374569665
7586,Texas,James A. Michener,4.06,242,3.9384217679410867
7587,Your Best Life Now: 7 Steps to Living at Your Full Potential,Joel Osteen,4.0,99,3.9057432037384565
7588,Turtle in Paradise,Jennifer L. Holm,3.93,111,3.898100581230239
7589,"The Vor Game (Vorkosigan Saga, #6)",Lois McMaster Bujold,4.28,186,3.962246417728615
7590,Choosing to SEE,"Mary Beth Chapman, Steven Curtis Chapman",4.3,106,3.939685361535106
7591,Broken Monsters,Lauren Beukes,3.59,158,3.8717905406430604
7592,The Unabridged Journals of Sylvia Plath,"Sylvia Plath, Karen V. Kukil",4.29,148,3.934816894182495
7593,"This Is Water: Some Thoughts, Delivered on a Significant Occasion, about Living a Compassionate Life",David Foster Wallace,4.53,139,3.9828828018969205
7594,QED: The Strange Theory of Light and Matter,Richard Feynman,4.23,114,3.9408307815364343
7595,"Defiance (Strange Angels, #4)","Lili St. Crow, Lilith Saintcrow",4.19,131,3.9537994970964747
7596,"Haunted (Women of the Otherworld, #5)",Kelley Armstrong,4.08,197,3.950204952111092
7597,The Sweet Potato Queens' Book of Love,Jill Conner Browne,3.7,180,3.890772094789831
7598,"Mastiff (Beka Cooper, #3)",Tamora Pierce,4.24,232,3.971972867338814
7599,The Madonnas of Leningrad,Debra Dean,3.77,189,3.903905119800341
7600,"Divine Misdemeanors (Merry Gentry, #8)",Laurell K. Hamilton,4.04,225,3.9284261585018196
7601,"Sweetheart (Archie Sheridan & Gretchen Lowell, #2)",Chelsea Cain,4.05,173,3.919764487210971
7602,Caim,José Saramago,3.89,123,3.9067116401002124
7603,"All Tomorrow's Parties (Bridge, #3)",William Gibson,3.88,157,3.893380154447474
7604,"The Quantum Thief (Jean le Flambeur, #1)",Hannu Rajaniemi,3.83,135,3.9030010496028336
7605,"Shock Wave (Virgil Flowers, #5)",John Sandford,4.19,194,3.9391816055756435
7606,Tractatus Logico-Philosophicus,Ludwig Wittgenstein,4.06,113,3.9222278516528317
7607,"Lord Edgware Dies (Hercule Poirot, #9)",Agatha Christie,3.88,198,3.9074347243289616
7608,"Batman: Hush, Vol. 2","Jeph Loeb, Jim Lee, Scott Williams",4.25,133,3.938641042063966
7609,Dog on It (A Chet and Bernie Mystery #1),Spencer Quinn,3.85,160,3.886903887594275
7610,Spring Fever,Mary Kay Andrews,3.92,156,3.892552032135454
7611,And to Think That I Saw it on Mulberry Street,Dr. Seuss,3.99,252,3.9388516934598945
7612,"The Bully Pulpit: Theodore Roosevelt, William Howard Taft, and the Golden Age of Journalism",Doris Kearns Goodwin,4.16,135,3.947857736290281
7613,"Chasing the Prophecy (Beyonders, #3)",Brandon Mull,4.35,151,3.945479817128076
7614,"The Short Victorious War (Honor Harrington, #3)",David Weber,4.16,124,3.9213503645960337
7615,Drinking: A Love Story,Caroline Knapp,4.04,153,3.9290611869366288
7616,"Five Weeks in a Balloon (Extraordinary Voyages, #1)",Jules Verne,3.74,155,3.895467146366065
7617,"Dragon's Oath (House of Night Novellas, #1)","P.C. Cast, Kristin Cast",4.06,156,3.899287046727986
7618,"Grave Witch (Alex Craft, #1)",Kalayna Price,3.96,172,3.925621001658365
7619,"Sleeping Murder (Miss Marple, #13)",Agatha Christie,3.91,207,3.899385338818286
7620,Ethan Frome and Other Short Fiction,"Edith Wharton, Mary Gordon",3.65,280,3.894827967227698
7621,"The Assassin and the Desert (Throne of Glass, #0.3)",Sarah J. Maas,4.4,176,3.981875160762816
7622,On the Genealogy of Morals/Ecce Homo,"Friedrich Nietzsche, Walter Kaufmann, R.J. Hollingdale",4.14,159,3.933112282940795
7623,Adrift: Seventy-Six Days Lost at Sea,Steven Callahan,4.09,121,3.9357698305868034
7624,"Once and Always (Sequels, #1)",Judith McNaught,4.21,157,3.9330122489662807
7625,"Bloodline (Sigma Force, #8)",James Rollins,4.23,174,3.950836063311384
7626,"Best Friends for Never (The Clique, #2)",Lisi Harrison,3.73,122,3.8728536286129214
7627,"Death of Kings (The Saxon Stories, #6)",Bernard Cornwell,4.28,147,3.949082558986369
7628,Onward: How Starbucks Fought for Its Life without Losing Its Soul,"Howard Schultz, Joanne Gordon",3.79,100,3.894100820544097
7629,Auschwitz,Laurence Rees,4.24,88,3.948290846442172
7630,The Long Walk: The True Story of a Trek to Freedom,Slavomir Rawicz,4.18,132,3.941642368774371
7631,Three Fates,Nora Roberts,4.03,206,3.920953098566405
7632,"Passenger (Passenger, #1)",Alexandra Bracken,3.84,168,3.903150100528523
7633,"Born in Death (In Death, #23)","J.D. Robb, Susan Ericksen",4.33,236,3.980524804450051
7634,"Close Your Eyes, Hold Hands",Chris Bohjalian,3.59,222,3.8669452189564337
7635,"A Pocket Full of Rye (Miss Marple, #7)",Agatha Christie,3.83,223,3.8898434265963138
7636,Of Course I Love You...! Till I Find Someone Better...,"Durjoy Datta, Maanvi Ahuja",3.21,60,3.8406976381057873
7637,"Virgin River (Virgin River, #1)",Robyn Carr,4.12,104,3.904552893048826
7638,The Algebraist,Iain M. Banks,3.99,166,3.9267750728237445
7639,درخت زیبای من,"José Mauro de Vasconcelos, قاسم صنعوی",4.36,101,3.953498228785302
7640,Stone Mattress: Nine Tales,Margaret Atwood,3.93,190,3.915651521960598
7641,The Whistling Season,Ivan Doig,4.01,211,3.9162059085334633
7642,"Rebel Spring (Falling Kingdoms, #2)","Morgan Rhodes, Michelle Rowen",4.16,171,3.9433266340136224
7643,"NYPD Red 2 (NYPD Red, #2)","James Patterson, Marshall Karp",4.07,128,3.932291737783847
7644,Chesapeake,James A. Michener,4.14,208,3.928270028482754
7645,The List,Steve Martini,3.95,200,3.9061198873741994
7646,Ralph S. Mouse by Beverly Cleary: Teacher Guide (Novel Units),Gloria Levine,3.95,228,3.9172174114482763
7647,"Devil in a Blue Dress (Easy Rawlins, #1)",Walter Mosley,3.91,166,3.912662319351264
7648,Shakespeare's Romeo and Juliet,"Michael Rosen, Jane Ray",4.09,166,3.9267750728237445
7649,The Killer Inside Me,Jim Thompson,3.9,142,3.9057833173580936
7650,Lady Audley's Secret,Mary Elizabeth Braddon,3.73,120,3.8980368226890776
7651,All the Names,"José Saramago, Margaret Jull Costa",3.88,153,3.909560699424441
7652,"Lucia, Lucia",Adriana Trigiani,3.92,184,3.9013540134447027
7653,Tiger Lily,Jodi Lynn Anderson,3.98,130,3.9087363813955642
7654,"Return (Redemption, #3)","Karen Kingsbury, Gary Smalley",4.44,115,3.954772856128007
7655,"The Ruby in the Smoke (Sally Lockhart, #1)",Philip Pullman,3.75,214,3.889132382229511
7656,Georgiana: Duchess of Devonshire,Amanda Foreman,3.79,123,3.889064129933712
7657,"Scarlet (Scarlet, #1)",A.C. Gaughen,3.95,139,3.916938740652321
7658,Stealing Parker,Miranda Kenneally,3.88,102,3.903624175733141
7659,The Weekenders,Mary Kay Andrews,3.7,145,3.8607238214310775
7660,"Fables, Vol. 5: The Mean Seasons","Bill Willingham, Mark Buckingham, Steve Leialoha, Tony Akins, Jimmy Palmiotti",4.19,207,3.9721886257785686
7661,Dom Casmurro,Machado de Assis,4.24,79,3.9487153819920646
7662,The Illuminatus! Trilogy,"Robert Shea, Robert Anton Wilson",4.0,199,3.901701791156824
7663,"Lockdown (Escape from Furnace, #1)",Alexander Gordon Smith,4.1,105,3.9186316661811307
7664,The Final Solution,"Michael Chabon, Jay Ryan",3.31,224,3.8058942395090845
7665,Beachcombers,Nancy Thayer,3.77,132,3.8829667610627197
7666,"Chew, Vol. 2: International Flavor","John Layman, Rob Guillory",4.13,127,3.936829557517484
7667,Lost Souls,Poppy Z. Brite,3.89,177,3.8757955356535825
7668,The Secret Agent,Joseph Conrad,3.59,180,3.8937126226145757
7669,The Way of Zen,Alan W. Watts,4.18,152,3.9432689938772105
7670,"Nexus (Nexus, #1)",Ramez Naam,4.06,134,3.924231363115428
7671,The Wolf and the Dove,Kathleen E. Woodiwiss,4.14,138,3.923702708444669
7672,"The Traitor (Divergent, #0.4)",Veronica Roth,4.19,141,3.933714735898439
7673,Nora Webster,Colm Tóibín,3.58,184,3.8742338785770047
7674,"Requiem (Providence, #2)",Jamie McGuire,4.15,188,3.929414076257112
7675,"The Emperor's Tomb (Cotton Malone, #6)",Steve Berry,3.95,175,3.909553073520702
7676,"Fear Nothing (Detective D.D. Warren, #7)",Lisa Gardner,4.1,140,3.929120109477094
7677,Baking: From My Home to Yours,"Dorie Greenspan, Alan    Richardson",4.18,69,3.9338968066458078
7678,Promises to Keep,Jane Green,3.81,178,3.888402621322688
7679,"For You (The 'Burg, #1)",Kristen Ashley,4.19,206,3.955577638709231
7680,"Love★Com, Vol. 1","Aya Nakahara, Pookie Rolf",4.22,125,3.946692163136909
7681,"Elephants Can Remember (Hercule Poirot, #37)",Agatha Christie,3.62,205,3.862424948056455
7682,"Friend-Zoned (Friend-Zoned, #1)",Belle Aurora,3.99,161,3.913827839068521
7683,What to Expect the First Year (What to Expect),"Heidi Murkoff, Sharon Mazel, Heidi Murkoff, Arlene Eisenberg, Sandee Hathaway, Mark D. Widome",3.86,150,3.9040947760224065
7684,The Gift,Danielle Steel,3.91,107,3.9032216892275358
7685,The Lions of Little Rock,Kristin Levine,4.22,90,3.941287318383537
7686,Self Matters: Creating Your Life from the Inside Out,Phillip C. McGraw,3.62,123,3.8752530350207985
7687,"Hollowland (The Hollows, #1)",Amanda Hocking,3.97,137,3.9008709333808604
7688,"Hetalia: Axis Powers, Vol. 1 (Hetalia: Axis Powers, #1)",Hidekaz Himaruya,4.35,110,3.944522421562898
7689,Finding Nemo,"Andrew Stanton, Walt Disney Company",4.47,138,3.9836283702818838
7690,Calling Doctor Amelia Bedelia,"Herman Parish, Lynn Sweat",4.29,186,3.9593188030027133
7691,"Timeless (Parasol Protectorate, #5)",Gail Carriger,4.12,171,3.930006127834387
7692,"These High, Green Hills (Mitford Years, #3)",Jan Karon,4.27,171,3.9462867464978966
7693,How Google Works,"Eric Schmidt, Jonathan Rosenberg",4.03,80,3.9209849087856914
7694,"Killing Sarai (In the Company of Killers, #1)",J.A. Redmerski,4.17,155,3.926920752297317
7695,The Time of My Life,Cecelia Ahern,3.85,138,3.910048760177962
7696,"Now We Are Six (Winnie-the-Pooh, #4)","A.A. Milne, Ernest H. Shepard",4.38,247,4.010801709901638
7697,"The Captive Part II / The Power (The Secret Circle, #2-3)",L.J. Smith,4.11,166,3.9423733792933278
7698,Ladies' Night,Mary Kay Andrews,3.8,146,3.8796782632455757
7699,Family Pictures ,Jane Green,3.62,155,3.8782425526418085
7700,"Taken by Midnight (Midnight Breed, #8)",Lara Adrian,4.27,150,3.958969616284002
7701,Os Maias,"José Maria de Eça de Queirós, Ester de Lemos",3.99,68,3.9210264203657834
7702,"The Law of Moses (The Law of Moses, #1)",Amy Harmon,4.37,174,3.9670806176937217
7703,Good as Gone,Amy Gentry,3.53,139,3.866154233716825
7704,Holding the Dream (Dream Trilogy #2),Nora Roberts,4.02,212,3.904056080257565
7705,"Fallen Crest Family (Fallen Crest High, #2)",Tijan,4.28,134,3.934122559950245
7706,"Mr. Darcy's Diary (Jane Austen Heroes, #1)",Amanda Grange,3.63,182,3.864506555488958
7707,"L.A. Requiem (Elvis Cole, #8)",Robert Crais,4.26,148,3.9611663634289
7708,A Grown-Up Kind of Pretty,Joshilyn Jackson,3.93,181,3.914359274621764
7709,Is It Just Me?,Miranda Hart,3.8,100,3.8948818874815334
7710,"Eventide (Plainsong, #2)",Kent Haruf,4.16,230,3.961297086111187
7711,Fahrenheit 451: The Authorized Adaptation,"Tim Hamilton, Ray Bradbury",3.92,128,3.9246482309429087
7712,"Special A, Vol. 1 (Special A, #1)",Maki Minami,4.18,93,3.932786680705731
7713,All You Need Is Kill,"Hiroshi Sakurazaka, 桜坂洋, Alexander O. Smith, Joseph Reeder",4.05,127,3.919236044169362
7714,The Bronze Bow,Elizabeth George Speare,3.93,202,3.940980453260947
7715,On Love,Alain de Botton,3.97,122,3.9273725566632938
7716,A Civil Action,Jonathan Harr,3.94,207,3.9116393574155612
7717,Millions of Cats,Wanda Gág,4.08,239,3.9594287892218754
7718,"Dark Challenge (Dark, #5)",Christine Feehan,4.23,144,3.9399058223533996
7719,Mistress,"James Patterson, David Ellis",3.52,166,3.8621535174497565
7720,Grandfather's Journey,Allen Say,4.12,175,3.954561558726929
7721,"Savannah Blues (Weezie and Bebe Mysteries, #1)",Mary Kay Andrews,3.97,155,3.908198367814429
7722,Excavation,James Rollins,4.02,171,3.925565959107976
7723,Discourse on Method,"René Descartes, Donald A. Cress",3.7,146,3.9083293979813067
7724,"Scarecrow (Shane Schofield, #3)",Matthew Reilly,4.21,123,3.9304974146724523
7725,"Endlessly (Paranormalcy, #3)",Kiersten White,3.99,153,3.903560549420691
7726,The House by the Lake,Ella Carey,3.9,101,3.8801352380727443
7727,"Living Buddha, Living Christ",Thich Nhat Hanh,4.13,118,3.9440940310734094
7728,The Earthsea Trilogy,Ursula K. Le Guin,4.25,207,3.9534471855709707
7729,"Left Drowning (Left Drowning, #1)",Jessica Park,4.14,171,3.9374064090450736
7730,A Sick Day for Amos McGee,"Philip C. Stead, Erin E. Stead",4.25,122,3.9419621289584637
7731,Fourth of July Creek,Smith Henderson,3.83,176,3.9000348599444132
7732,"Absolute Fear (New Orleans, #4)",Lisa Jackson,4.15,125,3.927539477930443
7733,True Evil,Greg Iles,4.05,209,3.921843576292095
7734,Tobacco Road (Brown Thrasher Books),"Erskine Caldwell, Lewis Nordan",3.73,196,3.8898621525413115
7735,The Suspicions of Mr. Whicher: A Shocking Murder and the Undoing of a Great Victorian Detective,Kate Summerscale,3.43,157,3.836549226458242
7736,"Lord of Scoundrels (Scoundrels, #3)",Loretta Chase,4.12,141,3.9374988878699817
7737,"Ozma of Oz (Oz, #3)",L. Frank Baum,3.97,212,3.9320672847393574
7738,The Johnstown Flood,David McCullough,4.11,162,3.9399666844540024
7739,The Christmas Sweater,Glenn Beck,3.79,136,3.8909194564632736
7740,"Tales from a Not-So-Happy Heartbreaker (Dork Diaries, #6)",Rachel Renée Russell,4.42,75,3.944568852499488
7741,Deep Fathom,James Rollins,4.07,167,3.9290560977826816
7742,The Gate House,Nelson DeMille,3.71,205,3.8754185234552856
7743,"Stay with Me (Wait for You, #3)","J. Lynn, Jennifer L. Armentrout",4.17,188,3.93087574402003
7744,Seven Years to Sin,Sylvia Day,3.89,97,3.8844572774936252
7745,"Perfect Scoundrels (Heist Society, #3)",Ally Carter,4.28,176,3.957544260519507
7746,When the Game Was Ours,"Larry Bird, Earvin Johnson, Jackie MacMullan",4.16,75,3.91270395964519
7747,"The Two Swords (Forgotten Realms: Hunter's Blades, #3; Legend of Drizzt, #16)",R.A. Salvatore,4.16,178,3.9362565563885794
7748,"Nemesis (Miss Marple, #12)",Agatha Christie,3.84,197,3.90518934185915
7749,All Families are Psychotic,Douglas Coupland,3.69,162,3.8766425393299615
7750,"The Blessing Way (Leaphorn & Chee, #1)",Tony Hillerman,4.06,153,3.937311393191785
7751,Another Piece of My Heart,Jane Green,3.7,147,3.8760018688635633
7752,"Stenhuggaren (Patrik Hedström, #3)",Camilla Läckberg,3.85,129,3.9033203089762525
7753,The Pigeon Wants a Puppy!,Mo Willems,4.37,135,3.9661045240953445
7754,The Road to Character,David  Brooks,3.66,89,3.891607406084147
7755,The General in His Labyrinth,"Gabriel García Márquez, Edith Grossman",3.66,176,3.874229359686358
7756,La ciudad y los perros,Mario Vargas Llosa,4.09,126,3.92223630141821
7757,Say What You Will,Cammie McGovern,3.7,114,3.885202256464967
7758,"Die Again (Rizzoli & Isles, #11)",Tess Gerritsen,4.16,132,3.9195437632725803
7759,"Party Princess (The Princess Diaries, #7)",Meg Cabot,3.67,225,3.8501510570999837
7760,"Damaged 2 (Damaged, #2)",H.M. Ward,4.13,141,3.9246327711667353
7761,The Witness,Sandra Brown,3.98,140,3.907155404485804
7762,Mornings in Jenin,Susan Abulhawa,4.35,139,3.950289760132348
7763,The Nanny,Melissa Nathan,3.78,97,3.8946349961188504
7764,"Manwhore (Manwhore, #1)",Katy Evans,4.14,141,3.9314442447155127
7765,"Ex-Heroes (Ex-Heroes, #1)",Peter Clines,3.87,146,3.91059132967097
7766,Absolution Gap,Alastair Reynolds,4.01,152,3.91925037945103
7767,The Faraway Tree Stories (The Faraway Tree #1-3),Enid Blyton,4.28,162,3.9652963425036187
7768,She Said Yes: The Unlikely Martyrdom of Cassie Bernall,Misty Bernall,3.9,90,3.897990459373854
7769,Scoop,Evelyn Waugh,3.86,144,3.9006397950182032
7770,Tales of a Female Nomad: Living at Large in the World,Rita Golden Gelman,3.84,123,3.90747892315093
7771,Birds of America,Lorrie Moore,4.12,149,3.931856827309567
7772,Big Rock,Lauren Blakely,3.97,100,3.900349356043589
7773,"Three Dark Crowns (Three Dark Crowns, #1)",Kendare Blake,3.86,117,3.921696816883225
7774,"Lunch in Paris: A Love Story, with Recipes",Elizabeth Bard,3.67,126,3.887787859253317
7775,"Love and War (North and South, #2)",John Jakes,4.1,193,3.9282147240534533
7776,"Destined (Wings, #4)",Aprilynne Pike,4.19,149,3.9265908978730213
7777,The Pale King,"David Foster Wallace, Michael Pietsch",3.95,162,3.901972197379578
7778,The Analects,"Confucius, D.C. Lau",3.82,141,3.8777092867196
7779,I'm with the Band: Confessions of a Groupie,"Pamela Des Barres, Dave Navarro",3.67,110,3.8902714721712837
7780,"Succubus Heat (Georgina Kincaid, #4)",Richelle Mead,4.19,205,3.9577111676478793
7781,"The Walking Dead, Vol. 09: Here We Remain","Robert Kirkman, Charlie Adlard, Cliff Rathburn",4.25,171,3.9618273370403374
7782,Under Locke,Mariana Zapata,4.11,145,3.943723896885692
7783,The Leopard,"Giuseppe Tomasi di Lampedusa, Archibald Colquhoun",3.99,164,3.9095568552723403
7784,Wolverine: Origin,"Paul Jenkins, Andy Kubert, Richard Isanove, Joe Quesada, Bill Jemas",3.96,153,3.9110607369253785
7785,"Dawn (Cutler, #1)",V.C. Andrews,3.87,143,3.8688258751172127
7786,"On the Prowl (Alpha & Omega, #0.5)","Patricia Briggs, Eileen Wilks, Karen Chance, Sunny",4.05,177,3.9384198633630056
7787,Silent Prey (Lucas Davenport #4),John Sandford,4.13,194,3.951551539360116
7788,"The Wayfarer Redemption (Wayfarer Redemption, #1)",Sara Douglass,3.93,141,3.896630046577316
7789,"The Many Lives & Secret Sorrows of Josephine B. (Josephine Bonaparte, #1)",Sandra Gulland,4.09,198,3.93137726223798
7790,الجزار,حسن الجندي,4.11,108,3.932016828799664
7791,Come Home,Lisa Scottoline,3.56,150,3.8777849211024638
7792,"A Tale Dark & Grimm (A Tale Dark & Grimm, #1)",Adam Gidwitz,4.04,125,3.9099190075404944
7793,"The Ambassador's Mission (Traitor Spy Trilogy, #1)",Trudi Canavan,3.9,142,3.902758285217127
7794,Everyman,Philip Roth,3.54,172,3.8642440882515765
7795,Supernova: Akar,Dee Lestari,3.78,142,3.883851834336087
7796,"The Dirty Girls Social Club (Dirty Girls, #1)","Alisa Valdes, Alisa Valdes-Rodriguez",3.46,135,3.852062100313698
7797,"Dark Reunion (The Vampire Diaries, #4)",L.J. Smith,3.54,211,3.822768116540363
7798,The Dice Man,Luke Rhinehart,3.6,129,3.881934835822659
7799,"Black Butler, Vol. 2 (Black Butler, #2)","Yana Toboso, Tomo Kimura",4.48,115,3.964809141158502
7800,Imperial Bedrooms ,Bret Easton Ellis,3.14,124,3.8370139389270927
7801,"Addicted to You (Addicted, #1)","Krista Ritchie, Becca Ritchie",3.9,132,3.9096374918407433
7802,"Just One Night (Just One Day, #2.5)",Gayle Forman,4.12,171,3.9263059872290444
7803,Kindle User's Guide,Amazon,3.64,8,3.916197324364729
7804,"The Fire (Witch & Wizard, #3)","James Patterson, Jill Dembowski, Elijah Wood, Spencer Locke",3.87,166,3.893350130388923
7805,"A Killing Frost (Tomorrow, #3)",John Marsden,4.19,153,3.94031146819366
7806,Sadako and the Thousand Paper Cranes,"Eleanor Coerr, Ronald Himler",4.09,164,3.934104947216103
7807,"Death Note, Vol. 4: Love (Death Note, #4)","Tsugumi Ohba, Takeshi Obata",4.38,131,3.959137711082595
7808,"The Daughter of Time (Inspector Alan Grant, #5)",Josephine Tey,3.95,178,3.894292336407721
7809,"Prince of Fire (Gabriel Allon, #5)",Daniel Silva,4.17,171,3.947766802740034
7810,Slowness,"Milan Kundera, Linda Asher",3.66,155,3.8849826110556482
7811,"The Autumn Republic (Powder Mage, #3)",Brian  McClellan,4.35,188,3.966686604211508
7812,Delta of Venus,Anaïs Nin,3.69,157,3.8821635239232837
7813,"The Walking Dead, Vol. 11: Fear the Hunters","Robert Kirkman, Charlie Adlard, Cliff Rathburn",4.33,172,3.968510892954675
7814,Rainbows End,Vernor Vinge,3.76,175,3.87782578067041
7815,"The Friend Zone (Game On, #2)",Kristen Callihan,4.21,147,3.928740511220227
7816,"The Rose and the Thorn (The Riyria Chronicles, #2)",Michael J. Sullivan,4.39,191,3.974781069454246
7817,Twilight Watch (Watch #3),"Sergei Lukyanenko, Andrew Bromfield",4.11,180,3.9319394843362545
7818,"Frostbitten (Women of the Otherworld, #10)",Kelley Armstrong,4.29,174,3.9648654511870394
7819,"Blood Kiss (Black Dagger Legacy, #1)",J.R. Ward,4.35,120,3.9418728605265
7820,"Night Mare (Xanth, #6)",Piers Anthony,3.81,220,3.8674693141059824
7821,Low Pressure,"Sandra Brown, Stephen Lang",3.86,138,3.9085316548149946
7822,Riptide,"Douglas Preston, Lincoln Child",3.93,202,3.920724358346674
7823,عائد إلى حيفا,غسان كنفاني,4.32,108,3.942883862875578
7824,"Talon of the Silver Hawk (Conclave of Shadows, #1)",Raymond E. Feist,4.01,173,3.9286317006891354
7825,"The Charlemagne Pursuit (Cotton Malone, #4)",Steve Berry,3.88,161,3.9078634761370368
7826,The Moon Is Down,John Steinbeck,3.87,161,3.9160644751678277
7827,Kaffir Boy: An Autobiography,Mark Mathabane,4.15,136,3.9334629495879416
7828,The Beginner's Goodbye,Anne Tyler,3.58,166,3.8747807179251335
7829,King Arthur and His Knights: Selected Tales,"Thomas Malory, Eugène Vinaver",4.1,233,3.957841421172156
7830,"Shock Wave (Dirk Pitt, #13)",Clive Cussler,3.93,167,3.8860070366975488
7831,رباعيات صلاح جاهين,"صلاح جاهين, يحيى حقي",4.43,111,3.963925718688614
7832,The Love Song of J. Alfred Prufrock and Other Poems,T.S. Eliot,4.32,195,3.9617663640970022
7833,"A Girl of the Limberlost (Limberlost, #2)",Gene Stratton-Porter,4.14,154,3.9403562021603893
7834,"The Witch With No Name (The Hollows, #13)",Kim Harrison,4.43,184,3.9812484648117037
7835,"King (King, #1)",T.M. Frazier,4.24,105,3.945862662835608
7836,The Wings of the Dove,"Henry James, Amy Bloom, Pierre A. Walker",3.81,219,3.888099250012583
7837,Twilight and History,Nancy Reagin,4.38,66,3.927318687749825
7838,Lady Windermere's Fan,Oscar Wilde,3.9,167,3.9015937657111315
7839,The Hidden Messages in Water,"Masaru Emoto, David A. Thayne",4.27,129,3.938453586300013
7840,Rumble Fish,S.E. Hinton,3.77,180,3.8856261710965283
7841,A Place Called Freedom,Ken Follett,3.87,153,3.881059986906628
7842,Seeing,"José Saramago, Margaret Jull Costa",3.76,137,3.8811335918489394
7843,The Returned,Jason Mott,3.29,154,3.827937705570417
7844,India After Gandhi: The History of the World's Largest Democracy,Ramachandra Guha,4.34,73,3.9516614382371396
7845,The Obstacle Is the Way: The Timeless Art of Turning Trials into Triumph,Ryan Holiday,4.11,101,3.933206337737148
7846,"The Sight (Warriors: Power of Three, #1)",Erin Hunter,4.27,132,3.9355462017393945
7847,"Bad for You (Sea Breeze, #7)",Abbi Glines,4.3,181,3.9569656068042365
7848,The Secret River,Kate Grenville,3.79,140,3.9063980008654147
7849,Gifted Hands: The Ben Carson Story,"Ben Carson, Cecil Murphey",4.21,91,3.928747959209162
7850,The Little Old Lady Who Was Not Afraid of Anything,"Linda Williams, Megan Lloyd",4.25,161,3.9682526508183162
7851,"The Apostle (Scot Harvath, #8)",Brad Thor,4.11,146,3.927932805958386
7852,The Holiness of God,R.C. Sproul,4.35,77,3.948633803024423
7853,Wemberly Worried,Kevin Henkes,4.22,153,3.9673121432105356
7854,"Born of Night (The League, #1)",Sherrilyn Kenyon,4.21,172,3.9478054281909394
7855,"Murder Must Advertise  (Lord Peter Wimsey, #10)",Dorothy L. Sayers,4.21,156,3.9494254886946103
7856,"What Remains: A Memoir of Fate, Friendship, and Love",Carole Radziwill,4.16,132,3.9309740764631615
7857,Dead Heat (Alpha & Omega #4),Patricia Briggs,4.27,157,3.946472205595309
7858,Sheep in a Jeep,"Nancy E. Shaw, Margot Apple",4.11,204,3.9490119775645507
7859,The Kreutzer Sonata,"Leo Tolstoy, Isai Kamen, Doris Lessing",3.9,138,3.9077731021335107
7860,The Way to Cook,Julia Child,4.31,135,3.966864806920556
7861,The 20th Century Art Book,Phaidon Press,3.94,104,3.9341409955170965
7862,The Magic Mirror of M.C. Escher,"Bruno Ernst, M.C. Escher, John E. Brigham",4.15,116,3.9409220709269515
7863,"Vampire Knight, Vol. 9","Matsuri Hino, Tomo Kimura",4.31,106,3.9505692921889195
7864,Shadows of the Empire (Star Wars),Steve Perry,3.81,143,3.8869623521065573
7865,"The Walking Dead, Compendium 2","Robert Kirkman, Charlie Adlard",4.53,124,3.96581866176693
7866,The 22 Immutable Laws of Marketing: Violate Them at Your Own Risk,"Al Ries, Jack Trout",4.02,98,3.919750669281551
7867,Summer Secrets,Jane Green,3.62,149,3.8686656740710204
7868,The Firm,John Grisham,3.89,168,3.8771914859768652
7869,The Consolations of Philosophy,Alain de Botton,3.99,115,3.913083672155182
7870,"Fighting for Flight (Fighting, #1)",J.B. Salsbury,4.16,171,3.9359263528029365
7871,Second Life,S.J. Watson,3.24,155,3.8355555160208246
7872,The Acid House,Irvine Welsh,3.69,157,3.876181320977049
7873,Permission Marketing: Turning Strangers Into Friends And Friends Into Customers,Seth Godin,3.94,93,3.9123672979993778
7874,"Hateship, Friendship, Courtship, Loveship, Marriage: Stories",Alice Munro,4.06,159,3.931618965536181
7875,The Girl Who Came Home,Hazel Gaynor,3.83,139,3.885861654318659
7876,The One Thing: The Surprisingly Simple Truth Behind Extraordinary Results,"Gary Keller, Jay Papasan",4.17,86,3.930046024277507
7877,"Reasonable Doubt: Volume 2 (Reasonable Doubt, #2)",Whitney G.,4.14,149,3.922077244070268
7878,Joseph Had a Little Overcoat,Simms Taback,4.12,160,3.9339082895938278
7879,Double Act,"Jacqueline Wilson, Nick Sharratt, Sue Heap",3.69,112,3.8772864509344633
7880,"Princess Mia (The Princess Diaries, #9)",Meg Cabot,3.82,220,3.8610421199333054
7881,"Flyy Girl (Flyy Girl, #1)",Omar Tyree,4.21,65,3.9176240910163074
7882,The Little Coffee Shop of Kabul,Deborah Rodriguez,3.57,99,3.8721310721039686
7883,The Sandman: King of Dreams,"Alisa Kwitney, Neil Gaiman",4.61,190,4.022927300987089
7884,Stephen King's N.,"Marc Guggenheim, Alex Maleev, Stephen King",4.22,136,3.9570138118533826
7885,The Light of the Fireflies,"Paul Pen, Simon Bruni",3.76,135,3.8748705850700276
7886,By the Sword (Valdemar),Mercedes Lackey,4.24,134,3.9386877277201604
7887,Storm of the Century: An Original Screenplay,Stephen King,3.86,240,3.8862333876945767
7888,"First Rider's Call (Green Rider, #2)",Kristen Britain,4.2,153,3.9463116181974103
7889,Paths of Glory,Jeffrey Archer,3.88,143,3.88771803864778
7890,Anyone But You,Jennifer Crusie,3.8,147,3.8940836891001336
7891,Owen,Kevin Henkes,4.25,197,3.967630349627973
7892,"The Long War (The Long Earth, #2)","Terry Pratchett, Stephen Baxter",3.58,176,3.867593659620001
7893,"Arrow's Fall (Heralds of Valdemar, #3)",Mercedes Lackey,4.18,140,3.937451549301376
7894,The America's Test Kitchen Family Cookbook,"America's Test Kitchen, Carl Tremblay, Daniel J. Van Ackere",4.31,118,3.9625797431584435
7895,"Street Magic (The Circle Opens, #2)",Tamora Pierce,4.12,249,3.9464194224743636
7896,The Curious Charms of Arthur Pepper,Phaedra Patrick,3.91,164,3.8976547500874856
7897,"Incarnate (Newsoul, #1)",Jodi Meadows,3.73,130,3.894999069329625
7898,The Boy Who Harnessed the Wind: Creating Currents of Electricity and Hope,"William Kamkwamba, Bryan Mealer",4.07,152,3.9267561964592117
7899,Rumpelstiltskin,Paul O. Zelinsky,4.23,211,3.9794561061903306
7900,The Goblin Emperor,Katherine Addison,4.05,155,3.911193949331691
7901,"Mr. Kiss and Tell (Veronica Mars, #2)","Rob Thomas, Jennifer Graham",4.01,184,3.9116156860973446
7902,A Higher Call: An Incredible True Story of Combat and Chivalry in the War-Torn Skies of World War II,"Adam Makos, Larry Alexander",4.32,100,3.95658617553902
7903,"It Ain't Me, Babe (Hades Hangmen, #1)",Tillie Cole,4.22,121,3.93115905674526
7904,Job: A Comedy of Justice,Robert A. Heinlein,3.77,186,3.8897879532625392
7905,Chomp,Carl Hiaasen,3.93,149,3.9077840070282157
7906,The Sandman: The Dream Hunters,"Neil Gaiman, Yoshitaka Amano",4.38,214,3.978065897254972
7907,The Stories of John Cheever,John Cheever,4.27,164,3.950470341845278
7908,"Extreme Prey (Lucas Davenport, #26)",John Sandford,4.29,110,3.9313471909963633
7909,The Odd Couple,Neil Simon,4.02,177,3.919264186651888
7910,Phantoms in the Brain: Probing the Mysteries of the Human Mind,"V.S. Ramachandran, Sandra Blakeslee, Oliver Sacks",4.25,103,3.953570700960498
7911,"Divided in Death (In Death, #18)",J.D. Robb,4.32,228,3.964082426004834
7912,Wildflower,Drew Barrymore,3.56,133,3.8670656213680097
7913,La tregua,Mario Benedetti,4.19,96,3.9352952131494217
7914,We Never Asked for Wings,Vanessa Diffenbaugh,3.82,173,3.9064636669937243
7915,Every Last Word,Tamara Ireland Stone,4.2,122,3.9434978734105868
7916,Live from New York: An Uncensored History of Saturday Night Live,"James Andrew Miller, Tom Shales",4.04,129,3.914013045553049
7917,Krakatoa: The Day the World Exploded,Simon Winchester,3.86,174,3.8984104559865664
7918,Madame Tussaud: A Novel of the French Revolution,Michelle Moran,3.94,157,3.8993623573937093
7919,Airman,Eoin Colfer,4.14,176,3.952383160467896
7920,"Great by Choice: Uncertainty, Chaos, and Luck--Why Some Thrive Despite Them All","James C. Collins, Morten T. Hansen",4.07,90,3.929479084108169
7921,2BR02B,Kurt Vonnegut Jr.,3.93,120,3.9118797820061584
7922,"Vampire Academy: The Graphic Novel (Vampire Academy: The Graphic Novel, #1)","Richelle Mead, Emma Vieceli, Leigh Dragoon",4.11,103,3.931751952421575
7923,An Anthropologist on Mars: Seven Paradoxical Tales,Oliver Sacks,4.18,163,3.9519223409086632
7924,"Dexter Is Delicious (Dexter, #5)",Jeff Lindsay,3.79,161,3.8884792966097126
7925,Time for Bed,"Mem Fox, Jane Dyer",4.16,173,3.947843996558492
7926,"The Hollow (The Hollow, #1)",Jessica Verday,3.75,130,3.8774458372453697
7927,"The Akhenaten Adventure (Children of the Lamp, #1)",P.B. Kerr,3.76,208,3.8872126201416175
7928,Rapunzel,Paul O. Zelinsky,4.16,179,3.958373633887006
7929,Very Good Lives: The Fringe Benefits of Failure and the Importance of Imagination,"J.K. Rowling, Joel Holland",4.26,98,3.947130783495742
7930,Only the Innocent (DCI Tom Douglas #1),Rachel Abbott,4.03,88,3.9025603410412417
7931,"The Walking Dead, Vol. 10: What We Become",Robert Kirkman,4.29,162,3.964551352560983
7932,"Area 7 (Shane Schofield, #2)",Matthew Reilly,4.08,130,3.9224736934615034
7933,"A Better World (Brilliance Saga, #2)",Marcus Sakey,4.15,141,3.9329579055041304
7934,Spindle's End,Robin McKinley,3.79,197,3.8950245266409693
7935,"A Leaf on the Wind of All Hallows (Outlander, #8.5)",Diana Gabaldon,4.24,145,3.9407057123237057
7936,Scoring Wilder,R.S. Grey,4.1,139,3.9336142503923344
7937,باب الخروج: رسالة علي المفعمة ببهجة غير متوقعة,عزالدين شكري فشير,3.88,125,3.9221767260726326
7938,"I, Michael Bennett (Michael Bennett, #5)","James Patterson, Michael Ledwidge",4.04,203,3.9489751178649657
7939,"Clean Sweep (Innkeeper Chronicles, #1)",Ilona Andrews,4.2,143,3.956485513899046
7940,"Succubus Dreams (Georgina Kincaid, #3)",Richelle Mead,4.14,209,3.949195480128559
7941,"The Last Detective (Elvis Cole, #9)",Robert Crais,4.24,143,3.9519513946517097
7942,Vegan Cupcakes Take Over the World: 75 Dairy-Free Recipes for Cupcakes that Rule,"Isa Chandra Moskowitz, Terry Hope Romero, Sara Quin",4.08,80,3.9336802987722024
7943,Hope Was Here,Joan Bauer,4.0,164,3.9207150788831413
7944,May We Be Forgiven,A.M. Homes,3.66,163,3.881945418404383
7945,"Ender's Game, Volume 2: Command School","Christopher Yost, Pasqual Ferry, Orson Scott Card",4.6,139,3.991220556766927
7946,The Beauty Myth,Naomi Wolf,3.89,166,3.923803966829538
7947,ESV Study Bible,"Anonymous, Lane T. Dennis, Wayne A. Grudem",4.76,88,3.9821944969980345
7948,"Wired (Wired, #1)",Douglas E. Richards,3.74,114,3.868204651582019
7949,Auschwitz: A Doctor's Eyewitness Account,"Miklós Nyiszli, Tibère Kremer, Bruno Bettelheim, Richard Seaver",4.24,103,3.9426613266910366
7950,"Hot, Flat, and Crowded: Why We Need a Green Revolution--and How It Can Renew America",Thomas L. Friedman,3.68,149,3.867913398437228
7951,The Saggy Baggy Elephant (A Little Golden Book),"Kathryn Jackson, Byron Jackson, Gustav Tenggren",4.06,258,3.9557931450619535
7952,Sentimental Education,"Gustave Flaubert, Robert Baldick, Geoffrey Wall",3.83,141,3.9011710289431676
7953,Sleepwalk With Me and Other Painfully True Stories,Mike Birbiglia,3.85,117,3.9070510140619805
7954,"Happy, Happy, Happy","Phil Robertson, Mark Schlabach",4.06,89,3.9010614358643405
7955,Kambing Jantan: Sebuah Catatan Harian Pelajar Bodoh ,Raditya Dika,3.59,100,3.860514942234326
7956,"Always You (Best Friend, #1)",Kirsty Moseley,3.96,166,3.907462883861403
7957,"Scent of Magic (Healer, #2)",Maria V. Snyder,4.13,151,3.9514889811031377
7958,"Taken (Elvis Cole, #15; Joe Pike, #4)",Robert Crais,4.17,130,3.938500557538432
7959,"Savannah Breeze (Weezie and Bebe Mysteries, #2)",Mary Kay Andrews,4.05,137,3.9107396041468214
7960,"Child of the Prophecy (Sevenwaters, #3)",Juliet Marillier,4.11,176,3.942798260372047
7961,"Priestess of Avalon (Avalon, #4)","Marion Zimmer Bradley, Diana L. Paxson",4.03,162,3.9332617749702803
7962,"The Submissive (Submissive, #1)",Tara Sue Me,3.97,86,3.899247635270163
7963,Platform,Michel Houellebecq,3.79,94,3.9132208118516894
7964,Contagious: Why Things Catch On,Jonah Berger,3.88,97,3.9126417290711717
7965,Disappearing Acts,Terry McMillan,4.21,78,3.919269872480813
7966,"Fruits Basket, Vol. 7","Natsuki Takaya, Alethea Nibley, Athena Nibley",4.41,162,3.983921091069513
7967,What Every Body is Saying: An Ex-FBI Agent's Guide to Speed-Reading People,"Joe Navarro, Marvin Karlins",3.9,101,3.8996466717728926
7968,Finding the Dream (Dream Trilogy #3),Nora Roberts,4.06,203,3.908492214662479
7969,"The Secret History of the Pink Carnation (Pink Carnation, #1)",Lauren Willig,3.69,157,3.8978668066571505
7970,Close Range,Annie Proulx,3.99,151,3.9221943067247107
7971,Sweeney Todd: The Demon Barber of Fleet Street,"Stephen Sondheim, Hugh Wheeler, Christopher Godfrey Bond",4.17,182,3.9415820895123006
7972,Distant Shores,Kristin Hannah,3.7,146,3.8615828097282723
7973,"Where You Are (Between the Lines, #2)",Tammara Webber,3.94,188,3.90164238876168
7974,Silence,"Shūsaku Endō, William Johnston",4.1,132,3.924877909428185
7975,"Numbers (Numbers, #1)",Rachel Ward,3.46,126,3.867118793954381
7976,"Reunion in Death (In Death, #14)",J.D. Robb,4.33,226,3.973275460813914
7977,Where Is God When It Hurts?,Philip Yancey,4.22,106,3.9389079379169765
7978,"The Mapping of Love and Death (Maisie Dobbs, #7)",Jacqueline Winspear,4.19,136,3.9342226548223103
7979,Born to Run,Bruce Springsteen,4.18,133,3.9401639233553696
7980,Primates of Park Avenue,Wednesday Martin,3.05,154,3.7904648733737596
7981,"Cold Fire (The Circle Opens, #3)",Tamora Pierce,4.05,245,3.9322369189241617
7982,Hidden Riches,Nora Roberts,3.97,139,3.9245185178068724
7983,Visions of Heat (Psy-Changeling #2),Nalini Singh,4.13,165,3.9371272433974633
7984,Hidden Figures: The American Dream and the Untold Story of the Black Women Mathematicians Who Helped Win the Space Race,Margot Lee Shetterly,3.92,142,3.886876866477053
7985,The Art of Seduction,Robert Greene,4.05,82,3.9234867151569413
7986,"Kushiel's Justice (Imriel's Trilogy, #2)",Jacqueline Carey,4.24,166,3.9431161557918792
7987,The Hydrogen Sonata (Culture #10),Iain M. Banks,4.15,143,3.9391047234509236
7988,The Orenda,Joseph Boyden,4.24,136,3.9380211809941557
7989,The Julian Chapter (Wonder Story),R.J. Palacio,4.31,127,3.9345347514285987
7990,An Essay Concerning Human Understanding,John Locke,3.82,156,3.901532051592163
7991,"Hallowe'en Party (Hercule Poirot, #36)",Agatha Christie,3.66,188,3.8753323690291652
7992,"Never Have I Ever (The Lying Game, #2)",Sara Shepard,4.03,125,3.9099190075404944
7993,"Secret History (Mistborn, #3.5)",Brandon Sanderson,4.38,187,3.98128960765202
7994,The Five Love Languages of Children,"Gary Chapman, D. Ross Campbell",4.21,121,3.9434544536560416
7995,"The Sunday Philosophy Club (Isabel Dalhousie, #1)",Alexander McCall Smith,3.36,163,3.827601638161697
7996,"Visions in Death (In Death, #19)",J.D. Robb,4.33,237,3.979832978580828
7997,Washington Square,"Henry James, Michael Cunningham",3.67,203,3.8766842192890967
7998,On Becoming a Person: A Therapist's View of Psychotherapy,"Carl R. Rogers, Peter D. Kramer",4.11,105,3.9271899794153953
7999,"Safe with Me (With Me in Seattle, #5)",Kristen Proby,4.37,141,3.9617174604878582
8000,The Red Queen: Sex and the Evolution of Human Nature,Matt Ridley,4.02,120,3.9249536880278457
8001,"Monster in His Eyes (Monster in His Eyes, #1)",J.M. Darhower,4.21,142,3.925446026274376
8002,Where Are You Now?,Mary Higgins Clark,3.77,131,3.903467765227337
8003,"Day of Doom (The 39 Clues: Cahills vs. Vespers, #6)",David Baldacci,4.13,100,3.9167517617297563
8004,"Kare Kano: His and Her Circumstances, Vol. 1","Masami Tsuda, Darcy Lockman, Jack Niida",3.96,120,3.923415581437059
8005,"Vision in Silver (The Others, #3)",Anne Bishop,4.27,186,3.9607826103656643
8006,"NYPD Red 3 (NYPD Red, #3)","James Patterson, Marshall Karp",4.03,109,3.916557264052282
8007,The Finkler Question,Howard Jacobson,2.76,169,3.7772306236882884
8008,"Imitation in Death (In Death, #17)",J.D. Robb,4.34,223,3.9717931166127034
8009,Beaches,Iris Rainer Dart,4.14,185,3.936583374014947
8010,"Skellig (Skellig, #1)",David Almond,3.77,141,3.9004141985488587
8011,An Enquiry Concerning Human Understanding,David Hume,3.9,154,3.9261165259256594
8012,I Heard That Song Before,Mary Higgins Clark,3.81,154,3.9148746762666624
8013,The Book with No Pictures,B.J. Novak,4.34,100,3.9612725771636392
8014,"Psycho-Cybernetics, A New Way to Get More Living Out of Life",Maxwell Maltz,4.2,111,3.930625943268495
8015,The Hungry Tide,Amitav Ghosh,3.91,125,3.9068545779074597
8016,Crow Lake,Mary Lawson,3.85,192,3.9012003793212906
8017,Don't Let Me Go,Catherine Ryan Hyde,4.13,139,3.9351302058232447
8018,Ceremony,Leslie Marmon Silko,3.73,183,3.8954135410713766
8019,Home,Toni Morrison,3.71,165,3.888067554108829
8020,"Paper Girls, Vol. 1 (Paper Girls, #1)","Brian K. Vaughan, Cliff Chiang, Matthew Wilson",3.87,93,3.926503793719161
8021,"The Breadwinner (The Breadwinner, #1)",Deborah Ellis,3.93,102,3.9090831166985938
8022,"The Wanderer (Thunder Point, #1)",Robyn Carr,3.95,81,3.8996410691688
8023,A Year in the Merde,Stephen Clarke,3.54,133,3.870111383950816
8024,The Hurricane Sisters,Dorothea Benton Frank,3.49,135,3.8459798377120102
8025,The Wretched of the Earth,"Frantz Fanon, Jean-Paul Sartre, Richard Philcox, Homi K. Bhabha",4.16,94,3.921853002073772
8026,"Deep Six (Dirk Pitt, #7)",Clive Cussler,3.88,174,3.8836426792753507
8027,Secrets of the Vine: Breaking Through to Abundance,"Bruce H. Wilkinson, David Kopp",4.13,88,3.9277909647107205
8028,Anne Frank's Tales from the Secret Annex,"Anne Frank, Susan Massotty",4.23,95,3.9611207406434623
8029,"City of Stairs (The Divine Cities, #1)",Robert Jackson Bennett,4.13,163,3.9482001641797124
8030,The Cradle Will Fall,Mary Higgins Clark,3.89,184,3.8940242472642437
8031,"Into the Land of the Unicorns (Unicorn Chronicles, #1)",Bruce Coville,4.04,160,3.9234628669272604
8032,Girls' Night In,"Lauren Henderson, Chris Manby, Sarah Mlynowski, Jill A. Davis, Stella Duffy, Lisa Jewell, Marian Keyes, Sophie Kinsella, Adèle Lang, Carole Matthews, Anna Maxted, Megan McCafferty, Alisa Valdes, Isabel Wolff, Meg Cabot, Jessica Adams, Louise Bagshawe, Emily Barr, Jenny Colgan, Lynda Curnyn, Jennifer Weiner",3.61,117,3.8846968939663973
8033,The Gift of Therapy: An Open Letter to a New Generation of Therapists and Their Patients,"Irvin D. Yalom, Nicola Ferguson",4.22,101,3.930084508345124
8034,All Marketers Are Liars: The Power of Telling Authentic Stories in a Low-Trust World,Seth Godin,3.88,81,3.9020195675434928
8035,"Black Sun Rising (The Coldfire Trilogy, #1)",C.S. Friedman,3.93,182,3.9041454015581056
8036,City of Women,David R. Gillham,3.8,162,3.891542338182677
8037,The Misanthrope,Molière,3.78,195,3.883965157087623
8038,"The Belgariad Boxed Set: Pawn of Prophecy / Queen of Sorcery / Magician's Gambit / Castle of Wizardry / Enchanters' End Game (The Belgariad, #1-5)",David Eddings,4.26,228,3.9598219701360557
8039,The Temple of My Familiar,Alice Walker,4.05,198,3.9241219477200957
8040,"Envy (Fallen Angels, #3)",J.R. Ward,4.21,190,3.9492208133566424
8041,"The Son (Divergent, #0.3)",Veronica Roth,4.11,137,3.9228856604741575
8042,"Seduce Me at Sunrise (The Hathaways, #2)",Lisa Kleypas,4.1,162,3.9295368252571015
8043,The Problem with Forever,Jennifer L. Armentrout,4.0,165,3.906650769748463
8044,Holding Up the Universe,Jennifer Niven,3.93,129,3.917831880044762
8045,Take the Cannoli,Sarah Vowell,3.86,152,3.897483510127304
8046,To Sell Is Human: The Surprising Truth About Moving Others,Daniel H. Pink,3.89,104,3.9061101615997877
8047,The Double Helix,James D. Watson,3.87,152,3.9147468892461212
8048,Cook with Jamie,Jamie Oliver,4.05,102,3.925459939594952
8049,House Harkonnen (Prelude to Dune #2),"Brian Herbert, Kevin J. Anderson",3.63,191,3.8756051050409157
8050,Dream Warrior (Dream-Hunter #4; Dark-Hunter #17),Sherrilyn Kenyon,4.21,189,3.947723129002123
8051,Strength in What Remains: A Journey of Remembrance and Forgiveness,Tracy Kidder,4.01,170,3.9255108350311834
8052,FRUiTS,"Shoichi Aoki, Mark Sanders, Shoich Aoki",3.94,61,3.9117193913982176
8053,The Lord God Made Them All,James Herriot,4.39,185,3.9805297594247473
8054,"Then He Ate My Boy Entrancers (Confessions of Georgia Nicolson, #6)",Louise Rennison,4.09,147,3.9264802836906556
8055,The Frog and Toad Treasury: Frog and Toad are Friends/Frog and Toad Together/Frog and Toad All Year  (Frog and Toad #1-3),Arnold Lobel,4.4,198,3.9749091493452857
8056,"1Q84 #1-2 (1Q84, #1-2)","Haruki Murakami, Jay Rubin",4.07,127,3.942184105058217
8057,Absent In The Spring,"Mary Westmacott, Agatha Christie",4.14,104,3.9427059725473854
8058,"Rock Chick Reckoning (Rock Chick, #6)",Kristen Ashley,4.44,214,3.9888239837499877
8059,Fish in a Tree,Lynda Mullaly Hunt,4.28,117,3.9440509369788077
8060,The Inn at Rose Harbor (Rose Harbor #1),Debbie Macomber,3.93,110,3.8949215535477077
8061,Lady Almina and the Real Downton Abbey: The Lost Legacy of Highclere Castle,Fiona Carnarvon,3.61,129,3.875824700635918
8062,"Dies the Fire (Emberverse, #1)",S.M. Stirling,3.92,158,3.905415288457452
8063,"Stranger Child (DCI Tom Douglas, #4)",Rachel Abbott,4.18,77,3.9160242428558076
8064,The Smartest Guys in the Room: The Amazing Rise and Scandalous Fall of Enron,"Bethany McLean, Peter Elkind",4.14,111,3.931400356650358
8065,Another Brooklyn,Jacqueline Woodson,3.87,165,3.918544027757829
8066,Beneath a Marble Sky,John Shors,3.99,164,3.912532381568554
8067,Mount Dragon,"Douglas Preston, Lincoln Child",3.91,195,3.9145039486240147
8068,The Face of Fear,"Brian Coffey, Dean Koontz",3.8,198,3.8791389977092123
8069,Journals,Kurt Cobain,3.98,82,3.9116036445715023
8070,"Gone (Michael Bennett, #6)","James Patterson, Michael Ledwidge",4.01,165,3.9118540701275606
8071,Cosmopolis,Don DeLillo,3.22,152,3.8344346472585813
8072,Wait Till Helen Comes,Mary Downing Hahn,4.14,101,3.9246213069090823
8073,Very Valentine,Adriana Trigiani,3.8,161,3.880278297578921
8074,"Fables, Vol. 8: Wolves","Bill Willingham, Mark Buckingham, Steve Leialoha, Shawn McManus, Andrew Pepoy",4.28,216,3.9809620286060357
8075,Light a Penny Candle,Maeve Binchy,3.88,192,3.897556861140135
8076,"Dark Demon (Dark, #16)",Christine Feehan,4.34,117,3.9540717494354487
8077,"The Walking Dead, Vol. 14: No Way Out","Robert Kirkman, Charlie Adlard, Cliff Rathburn",4.34,152,3.9672876083033906
8078,"The Walking Dead, Book Two (The Walking Dead #13-24)","Robert Kirkman, Charlie Adlard",4.35,149,3.96345240392884
8079,Cosmicomics,"Italo Calvino, William Weaver, Ανταίος Χρυσοστομίδης, Ελευθερία Κοψιδά",4.2,130,3.9491851335897183
8080,Possessing the Secret of Joy,Alice Walker,4.06,183,3.917418969076951
8081,Way Station,Clifford D. Simak,4.03,147,3.9242200561610847
8082,"My Soul to Keep (Soul Screamers, #3)",Rachel Vincent,4.09,158,3.9203596208194034
8083,The Return of the Prodigal Son: A Story of Homecoming,Henri J.M. Nouwen,4.38,117,3.9602384032549196
8084,Naked Economics: Undressing the Dismal Science,Charles Wheelan,4.0,102,3.923120393466901
8085,"Magic Steps (The Circle Opens, #1)",Tamora Pierce,3.98,259,3.920389967722231
8086,"Someone to Love (Someone to Love, #1)",Addison Moore,3.74,146,3.8902339444640033
8087,The Lions of Al-Rassan,Guy Gavriel Kay,4.27,177,3.967153378429682
8088,Such a Pretty Girl,Laura Wiess,3.89,105,3.90073701123676
8089,"Until Trevor (Until, #2)",Aurora Rose Reynolds,4.2,147,3.941548467221131
8090,Scruples,Judith Krantz,3.8,191,3.881438985300523
8091,Prayers for Sale,Sandra Dallas,3.83,190,3.8820822305645533
8092,Savages,Don Winslow,3.84,132,3.9058273874438827
8093,Dark Rivers of the Heart,Dean Koontz,3.88,267,3.900792704029992
8094,What We Keep ,Elizabeth Berg,3.91,200,3.9227829316399387
8095,Nothing,"Janne Teller, Martin Aitken",3.76,88,3.904137255020584
8096,Sleeping Beauty Box Set,"A.N. Roquelaure, Anne Rice",3.98,149,3.914554487732346
8097,"100 Bullets, Vol. 1: First Shot, Last Call","Brian Azzarello, Eduardo Risso",3.82,170,3.881816841103908
8098,"The Awakened Mage (Kingmaker, Kingbreaker, #2)",Karen Miller,3.71,139,3.8866196320341144
8099,"A Ring of Endless Light (Austin Family, #4)",Madeleine L'Engle,4.14,245,3.9441642324721866
8100,How to Save a Life,Sara Zarr,3.89,101,3.9027685011649162
8101,"The 5 Greatest Warriors (Jack West Jr, #3)",Matthew Reilly,4.24,109,3.933620786894134
8102,"Brotherhood in Death (In Death, #42)",J.D. Robb,4.35,108,3.9421076461558697
8103,"Arrow's Flight (Heralds of Valdemar, #2)",Mercedes Lackey,4.13,146,3.940750418866476
8104,"The Tail of Emily Windsnap (Emily Windsnap, #1)","Liz Kessler, Sarah Gibb",3.89,121,3.895809790626763
8105,Blackout: Remembering the Things I Drank to Forget,Sarah Hepola,3.96,123,3.9251264333174305
8106,"The Invaders (Brotherband Chronicles, #2)",John Flanagan,4.4,135,3.959261978668446
8107,The Moon and Sixpence,W. Somerset Maugham,4.11,159,3.9256456959177237
8108,"The Last Girl (The Dominion Trilogy, #1)",Joe Hart,3.77,108,3.8854438256171755
8109,"The Absolute Sandman, Volume One","Neil Gaiman, Mike Dringenberg, Chris Bachalo, Michael Zulli, Kelly Jones, Charles Vess, Colleen Doran, Malcolm Jones III, Steve Parkhouse, Daniel Vozzo, Lee Loughridge, Steve Oliff, Todd Klein, Dave McKean, Sam Kieth",4.65,183,4.021577994970005
8110,"Rock Chick Regret (Rock Chick, #7)",Kristen Ashley,4.55,209,4.008218009459878
8111,"Dicey's Song (Tillerman Cycle, #2)",Cynthia Voigt,3.94,211,3.919799669763967
8112,"The Walking Dead, Book Three (The Walking Dead #25-36)","Robert Kirkman, Charlie Adlard, Cliff Rathburn, Rus Wooton",4.43,140,3.9662328868761696
8113,"A Quest of Heroes (The Sorcerer's Ring, #1)",Morgan Rice,3.46,90,3.8594168940743185
8114,The Woman in the Dunes,"Kōbō Abe, E. Dale Saunders",3.91,127,3.9039373369101256
8115,Aunt Julia and the Scriptwriter,"Mario Vargas Llosa, Helen R. Lane",3.9,133,3.9173207039843194
8116,"Queen Song (Red Queen, #0.1)",Victoria Aveyard,3.74,81,3.9083622298760066
8117,"Transmetropolitan, Vol. 3: Year of the Bastard (Transmetropolitan, #3)","Warren Ellis, Darick Robertson, Rodney Ramos",4.4,163,3.9787220133571113
8118,The Prettiest One,James  Hankins,3.66,102,3.8739899247778267
8119,Falling into Place,Amy Zhang,3.88,107,3.9063289680281263
8120,"A Severe Mercy: A Story of Faith, Tragedy and Triumph","Sheldon Vanauken, C.S. Lewis",4.32,131,3.9537994970964747
8121,1493: Uncovering the New World Columbus Created,Charles C. Mann,4.05,150,3.943183703332036
8122,The Dry Grass of August,Anna Jean Mayhew,3.82,172,3.881991629477636
8123,"Trust No One (The 39 Clues: Cahills vs. Vespers, #5)",Linda Sue Park,4.2,105,3.9217437800844994
8124,Zone One,Colson Whitehead,3.25,189,3.831605404617401
8125,"The Madness of Lord Ian Mackenzie (Mackenzies & McBrides, #1)",Jennifer Ashley,4.07,131,3.904992969223372
8126,"Point of Impact (Bob Lee Swagger, #1)",Stephen Hunter,4.26,121,3.951907539032204
8127,Life and Times of Michael K,J.M. Coetzee,3.85,143,3.9088772618020156
8128,"Children of God (The Sparrow, #2)",Mary Doria Russell,4.05,217,3.9451923570762233
8129,Vanished (Callahan & McLane #1),Kendra Elliot,4.07,80,3.9067025950508665
8130,Jamie at Home: Cook Your Way to the Good Life,Jamie Oliver,4.09,99,3.9245034632553795
8131,"The Mediterranean Caper (Dirk Pitt, #2)",Clive Cussler,3.75,157,3.8821635239232837
8132,"The Forest House (Avalon, #2)","Marion Zimmer Bradley, Diana L. Paxson",3.85,165,3.91036741287639
8133,"Certain Prey (Lucas Davenport, #10)",John Sandford,4.2,190,3.9528696493779516
8134,"Undead and Unreturnable (Undead, #4)",MaryJanice Davidson,3.89,180,3.9025342060888093
8135,"Fearless (The Lost Fleet, #2)",Jack Campbell,3.97,130,3.9148418534248703
8136,"Dawn on a Distant Shore (Wilderness, #2)",Sara Donati,4.19,147,3.9438086947507025
8137,F*ck Love,Tarryn Fisher,4.13,147,3.9234666469845605
8138,The Danish Girl,David Ebershoff,3.74,138,3.885016521688999
8139,This Star Won't Go Out: The Life and Words of Esther Grace Earl,"Esther Earl, Lori Earl, Wayne Earl, John Green",4.19,115,3.9462806149483574
8140,Brave New World Revisited ,Aldous Huxley,3.93,113,3.906763535562211
8141,Story of O (Story of O #1),"Pauline Réage, Sabine d'Estree",3.34,146,3.8653526958777107
8142,"Forest Mage (Soldier Son, #2)",Robin Hobb,3.35,228,3.8327183700508467
8143,"Sacred (Kenzie & Gennaro, #3)",Dennis Lehane,3.94,203,3.9048776697336858
8144,Hidden (Bone Secrets. #1),Kendra Elliot,3.98,85,3.9054906192544117
8145,Punk 57,Penelope Douglas,4.22,118,3.9456345070804955
8146,"Eye of the Storm (Sean Dillon, #1)",Jack Higgins,3.96,124,3.9136834168079484
8147,Nikola Tesla: Imagination and the Man That Invented the 20th Century,Sean Patrick,3.79,57,3.8920369195365776
8148,How to Be Popular,Meg Cabot,3.54,187,3.8379414031614183
8149,Pygmalion & My Fair Lady,"George Bernard Shaw, Alan Jay Lerner",4.24,184,3.9702538155410156
8150,Omerta,Mario Puzo,3.68,149,3.88897711618341
8151,"Unraveling (Unraveling, #1)",Elizabeth Norris,3.84,133,3.886101637510551
8152,One,Richard Bach,3.94,148,3.894163427345184
8153,The Tiger Rising,Kate DiCamillo,3.78,143,3.895274904060007
8154,Magic's Price (Valdemar: Last Herald-Mage #3),Mercedes Lackey,4.26,158,3.940534469508038
8155,"The Hedge Knight (The Tales of Dunk and Egg, #1)",George R.R. Martin,4.23,167,3.9439006016051414
8156,"After the Funeral (Hercule Poirot, #29)",Agatha Christie,3.84,188,3.8979882193543864
8157,Wanted,"Mark Millar, J.G. Jones, Brian K. Vaughan",3.71,146,3.8940038306134412
8158,"Death Note, Vol. 8: Target (Death Note, #8)","Tsugumi Ohba, Takeshi Obata",4.27,139,3.967723247587817
8159,X-Men: The Dark Phoenix Saga,"Chris Claremont, John Byrne",4.26,111,3.947663037669486
8160,Manufacturing Consent: The Political Economy of the Mass Media,"Noam Chomsky, Edward S. Herman",4.22,113,3.946970757397825
8161,Pippi in the South Seas,"Astrid Lindgren, Gerry Bothmer",4.1,188,3.939645750597535
8162,The Castle of Otranto,Horace Walpole,3.18,161,3.807960397034673
8163,Outer Dark,Cormac McCarthy,3.88,149,3.9070317313944236
8164,"Endless Knight (The Arcana Chronicles, #2)",Kresley Cole,4.39,165,3.9839569468093416
8165,Shadow & Claw (The Book of the New Sun #1-2),Gene Wolfe,4.04,171,3.907065256081261
8166,Among the Ten Thousand Things,Julia Pierpont,2.84,168,3.780032100083518
8167,"The Great Shark Hunt: Strange Tales from a Strange Time (The Gonzo Papers, #1)",Hunter S. Thompson,4.07,124,3.9221170593748425
8168,The Complete Poems,"Anne Sexton, Maxine Kumin",4.28,162,3.94220165428191
8169,2312,Kim Stanley Robinson,3.43,153,3.8548093306402214
8170,"Tears of a Tiger (Hazelwood High, #1)",Sharon M. Draper,4.16,69,3.902679324856005
8171,Altar of Eden,James Rollins,4.01,172,3.925621001658365
8172,"Ouran High School Host Club, Vol. 2 (Ouran High School Host Club, #2)",Bisco Hatori,4.46,125,3.965844848343375
8173,"The Problem Child (The Sisters Grimm, #3)","Michael Buckley, Peter Ferguson",4.27,167,3.9535495290897402
8174,Washington's Crossing,David Hackett Fischer,4.11,77,3.932726700503147
8175,Shalimar the Clown,Salman Rushdie,3.86,149,3.904774904493047
8176,Desert Flower,"Waris Dirie, Cathleen Miller",4.09,93,3.917864824112627
8177,Halo: First Strike,Eric S. Nylund,4.12,110,3.915071906178879
8178,"Broken Silence (Silence, #2)",Natasha Preston,4.14,66,3.908864062057777
8179,In Search of Excellence: Lessons from America's Best-Run Companies,"Tom Peters, Robert H. Waterman Jr.",3.91,99,3.911996623577431
8180,First Love,"James Patterson, Emily Raymond",3.76,154,3.8886436937290023
8181,"The Batman Chronicles, Vol. 1","Bill Finger, Gardner F. Fox, Bob Kane, Jerry Robinson, Sheldon Moldoff",3.99,45,3.916279507502332
8182,Fearless: The Heroic Story of One Navy SEAL's Sacrifice in the Hunt for Osama Bin Laden and the Unwavering Devotion of the Woman Who Loved Him,Eric Blehm,4.53,76,3.9462049514786335
8183,"Waterfall (River of Time, #1)",Lisa Tawn Bergren,4.04,92,3.9193722239586632
8184,"The Love Song of Miss Queenie Hennessy (Harold Fry, #2)",Rachel Joyce,4.04,155,3.940400869124996
8185,"Morgawr (The Voyage of the Jerle Shannara, #3)",Terry Brooks,3.96,200,3.897426125148596
8186,September,Rosamunde Pilcher,4.12,170,3.947728120078951
8187,The Last Question,"Isaac Asimov, Bob E. Flick, Jim Gallant",4.58,123,3.974999831614062
8188,Henderson the Rain King,"Saul Bellow, Luciano Bianciardi",3.79,166,3.8940929068874746
8189,Fear of Flying,Erica Jong,3.44,194,3.851864425920547
8190,Red Riding Hood,"Sarah Blakley-Cartwright, David Leslie Johnson, Catherine Hardwicke",3.51,128,3.8489775132176165
8191,Stay Hungry Stay Foolish,Rashmi Bansal,3.62,75,3.8896019123258245
8192,The Giraffe and the Pelly and Me,"Roald Dahl, Quentin Blake",3.8,188,3.890679880539799
8193,Shotgun Lovesongs,Nickolas Butler,3.78,166,3.9000351188758873
8194,"The Death of Kings (Emperor, #2)",Conn Iggulden,4.25,127,3.9521282647767206
8195,French Women Don't Get Fat: The Secret of Eating for Pleasure,Mireille Guiliano,3.48,153,3.8450590868841275
8196,"A Certain Slant of Light (Light, #1)",Laura Whitcomb,3.83,174,3.9176085657111477
8197,"The Uglies Trilogy (Uglies, #1-3)",Scott Westerfeld,4.06,160,3.9339082895938278
8198,The Bone Tree,Greg Iles,4.18,161,3.9458862898252494
8199,False Impression,Jeffrey Archer,3.67,148,3.8557684864432793
8200,I Wrote This For You,"pleasefindthis, Iain S. Thomas, Jon Ellis",4.17,91,3.9256015736196077
8201,Barefoot in Paris,"Ina Garten, Quentin Bacon",4.19,122,3.9442657456366486
8202,"Naruto, Vol. 05: Exam Hell (Naruto, #5)",Masashi Kishimoto,4.44,90,3.95860606198741
8203,"Away Laughing on a Fast Camel (Confessions of Georgia Nicolson, #5)",Louise Rennison,4.06,151,3.9221943067247107
8204,"The Unwanted Wife (Unwanted, #1)",Natasha Anders,3.94,122,3.900497028751138
8205,"Royally Screwed (Royally, #1)",Emma Chase,4.11,107,3.9210885423309305
8206,"Splendor (Luxe, #4)",Anna Godbersen,3.84,168,3.888316606499004
8207,The Professor,Charlotte Brontë,3.56,145,3.8788329288029932
8208,"Drink Deep (Chicagoland Vampires, #5)",Chloe Neill,4.12,175,3.9501344946082835
8209,رجال في الشمس,غسان كنفاني,4.16,126,3.9375467201581626
8210,The Little Mermaid,"Hans Christian Andersen, Lisbeth Zwerger, Anthea Bell",4.02,170,3.910699311666005
8211,"Big Boned (Heather Wells, #3)",Meg Cabot,3.84,196,3.890588738314762
8212,The Subterraneans,Jack Kerouac,3.68,123,3.88676228078156
8213,The Tale of Three Trees,"Angela Elwell Hunt, Tim Jonke",4.52,165,3.9854436040605123
8214,"Sin City, Vol. 3: The Big Fat Kill (Sin City, #3)",Frank Miller,4.1,165,3.9334106002695366
8215,"The Moving Finger (Miss Marple, #4)",Agatha Christie,3.84,184,3.9035529432988403
8216,"Hornet's Nest (Andy Brazil, #1)",Patricia Cornwell,3.28,195,3.835975627530435
8217,The Sacred Romance Drawing Closer To The Heart Of God,"John Eldredge, Brent Curtis",4.0,122,3.9127829843681234
8218,There's a Boy in the Girls' Bathroom,Louis Sachar,3.95,151,3.9229454522215934
8219,"Crash into You (Pushing the Limits, #3)",Katie McGarry,4.28,157,3.9584366114877794
8220,Colonel Roosevelt,Edmund Morris,4.1,85,3.9331520434225933
8221,Selected Poems,"William Carlos Williams, Charles Tomlinson",4.15,173,3.944888258732437
8222,"Vision of the Future (Star Wars: The Hand of Thrawn, #2)",Timothy Zahn,4.06,153,3.91631086817866
8223,"1Q84 BOOK 2 (1Q84, #2)",Haruki Murakami,4.04,119,3.906424444348963
8224,How to Be Both,Ali Smith,3.61,137,3.8727831781238957
8225,"Princess on the Brink (The Princess Diaries, #8)",Meg Cabot,3.7,217,3.860028111745944
8226,The Woodlanders,"Thomas Hardy, Patricia Ingham",3.82,125,3.900725718641391
8227,Tempting Fate,Jane Green,3.59,137,3.8515275795510573
8228,While My Sister Sleeps,Barbara Delinsky,3.82,136,3.8886403407601664
8229,Killing Pablo: The Hunt for the World's Greatest Outlaw,Mark Bowden,3.93,125,3.9198784038478567
8230,Gold,Chris Cleave,3.68,197,3.8543652657682475
8231,"Wondrous Strange (Wondrous Strange, #1)",Lesley Livingston,3.69,155,3.871502494227969
8232,How Soccer Explains the World,Franklin Foer,3.76,107,3.8923462134254696
8233,The Book of Disquiet,"Fernando Pessoa, Richard Zenith",4.5,92,3.962601022198072
8234,"Batman: Earth One, Volume 1","Geoff Johns, Gary Frank, Jon Sibal, Brad Anderson, Rob Leigh",4.06,97,3.9189049405328484
8235,Some Assembly Required: A Journal of My Son's First Son,"Anne Lamott, Sam Lamott",3.61,94,3.8912479640136604
8236,"Undead and Unappreciated (Undead, #3)",MaryJanice Davidson,3.88,176,3.896348359907548
8237,"Blue Labyrinth (Pendergast, #14)","Douglas Preston, Lincoln Child",4.11,159,3.924152378513109
8238,Malcolm X: A Life of Reinvention,Manning Marable,4.2,86,3.9371533448176637
8239,Mutant Message Down Under,Marlo Morgan,3.79,138,3.8963948119112546
8240,"Ashes of Midnight (Midnight Breed, #6)",Lara Adrian,4.19,153,3.953061786951629
8241,"Once Upon a Crime (The Sisters Grimm, #4)","Michael Buckley, Peter Ferguson",4.26,149,3.9408841349150734
8242,Keys to Drawing,Bert Dodson,4.0,65,3.909593897488643
8243,"Fables, Vol. 9: Sons of Empire","Bill Willingham, Mark Buckingham, Steve Leialoha, Andrew Pepoy, Gene Ha, Joshua Middleton, Iñaki Miranda, Mike Allred",4.24,178,3.9782207763694375
8244,"Embrace the Night (Cassandra Palmer, #3)",Karen Chance,4.09,163,3.942989116759181
8245,"The Ipcress File (Secret File, #1)",Len Deighton,3.94,167,3.9142115939602222
8246,The Fannie Farmer Cookbook: Anniversary,"Marion Cunningham, Fannie Merritt Farmer, Archibald Candy Corporation",4.1,116,3.9409220709269515
8247,واحة الغروب,بهاء طاهر,3.82,138,3.9024632333631244
8248,"Branded (Fall of Angels, #1)",Keary Taylor,3.7,94,3.8951716868418798
8249,The Third Policeman,Flann O'Brien,4.02,148,3.93180552626862
8250,"Tea Time for the Traditionally Built (No. 1 Ladies' Detective Agency, #10)",Alexander McCall Smith,4.11,182,3.9342415624624585
8251,"Starlight (Warriors: The New Prophecy, #4)",Erin Hunter,4.28,129,3.9292883835199017
8252,"Feral Sins (The Phoenix Pack, #1)",Suzanne Wright,4.12,157,3.9188045169689727
8253,Tintin in the Land of the Soviets (Tintin #1),"Hergé, Leslie Lonsdale-Cooper, Michael Turner",3.67,96,3.9000370450071355
8254,"Flash and Bones (Temperance Brennan, #14)",Kathy Reichs,3.86,166,3.9156334253454705
8255,Eileen,Ottessa Moshfegh,3.38,147,3.8556598210974213
8256,"Creation in Death (In Death, #25)",J.D. Robb,4.34,220,3.9795881457849083
8257,Llama Llama Mad at Mama,Anna Dewdney,4.28,132,3.967551078673022
8258,Cop Town,Karin Slaughter,3.88,161,3.9153189298013924
8259,Graffiti World: Street Art from Five Continents,"Nicholas Ganz, Tristan Manco",4.01,58,3.9349247198115216
8260,Lon Po Po: A Red-Riding Hood Story from China,Ed Young,4.03,189,3.9360383265483145
8261,The Blood of Flowers,Anita Amirrezvani,3.95,153,3.9080606619235034
8262,"Five Children and It (Five Children, #1)",E. Nesbit,3.88,169,3.9061863785241293
8263,2 ضباط,Essam Youssef,3.64,113,3.870422392749252
8264,"Flood Tide (Dirk Pitt, #14)",Clive Cussler,3.88,161,3.8780416614796147
8265,"This Savage Song (Monsters of Verity, #1)",Victoria Schwab,4.14,136,3.928145012947358
8266,"Bloodlust (The Vampire Diaries: Stefan's Diaries, #2)","L.J. Smith, Kevin Williamson, Julie Plec",4.05,118,3.9225273669742027
8267,Branded by Fire (Psy-Changeling #6),Nalini Singh,4.3,134,3.9462963406700196
8268,The Unexpected Everything,Morgan Matson,4.07,151,3.942475235140545
8269,Exit to Eden,"Anne Rampling, Anne Rice",3.55,209,3.8657001947330363
8270,Percy Jackson & the Olympians:  The Ultimate Guide,"Mary-Jane Knight, Rick Riordan",4.12,127,3.9146464319915912
8271,Alif the Unseen,G. Willow Wilson,3.84,134,3.90520983074078
8272,The Complete Guide to Middle-Earth,"Robert Foster, J.R.R. Tolkien",4.17,122,3.9442657456366486
8273,The Orchid House,Lucinda Riley,3.8,136,3.8985165088069644
8274,"The Bird and the Sword (The Bird and the Sword Chronicles, #1)",Amy Harmon,4.29,136,3.943339117634739
8275,"The Black Unicorn (Magic Kingdom of Landover, #2)",Terry Brooks,3.75,183,3.881476770001179
8276,The Awakening and Selected Stories,"Kate Chopin, Cynthia Brantley Johnson, Alyssa  Harad",3.84,161,3.9026446585719876
8277,Say You're One of Them,Uwem Akpan,3.49,198,3.853019865444829
8278,"The Crossing Places (Ruth Galloway, #1)",Elly Griffiths,3.87,93,3.9100112153794138
8279,Peak (Peak #1),Roland Smith,3.98,127,3.9314750099767513
8280,"One Step Behind  (Kurt Wallander, #7)","Henning Mankell, Ebba Segerberg",4.08,132,3.9279259929456734
8281,The Devil's Alternative,Frederick Forsyth,4.0,143,3.920968246461579
8282,Faithful,Alice Hoffman,4.02,159,3.9450588221777103
8283,"Sovereign (Matthew Shardlake, #3)",C.J. Sansom,4.28,115,3.937788373768708
8284,Envy,Sandra Brown,4.15,128,3.931527387099753
8285,Batman and Son,"Grant Morrison, Andy Kubert, John Van Fleet, Jesse Delperdang",3.81,92,3.8981508139138623
8286,On Food and Cooking: The Science and Lore of the Kitchen,Harold McGee,4.48,120,3.967251619274481
8287,"Magic and Other Misdemeanors (The Sisters Grimm, #5)","Michael Buckley, Peter Ferguson",4.29,143,3.9451502157807052
8288,"In Bed with a Highlander (McCabe Trilogy, #1)",Maya Banks,4.05,136,3.9311838338848344
8289,The Confessions of Nat Turner,William Styron,3.96,224,3.9148453183383944
8290,Please Stop Laughing at Me... One Woman's Inspirational Story,Jodee Blanco,3.84,119,3.901806573187568
8291,"Rule of Two (Star Wars: Darth Bane, #2)",Drew Karpyshyn,4.15,120,3.921108421550879
8292,A Girl Like You,Gemma Burgess,3.95,88,3.9112333679276254
8293,"Sincerely, Carter (Sincerely Carter, #1)",Whitney G.,4.1,130,3.9140786694212073
8294,The Android's Dream,John Scalzi,3.97,179,3.928211050204228
8295,The Stories of Eva Luna,Isabel Allende,3.96,169,3.9202677540521806
8296,Awakening the Buddha Within: Tibetan Wisdom for the Western World,Lama Surya Das,4.18,105,3.9318581502704486
8297,Long Time Coming,Edie Claire,3.77,59,3.888176616269351
8298,Story of a Girl,Sara Zarr,3.67,112,3.8757388226747715
8299,High Heat (Jack Reacher #17.5),Lee Child,3.93,154,3.920120872774194
8300,Orphan Number Eight,Kim van Alkemade,3.69,141,3.8822502690854517
8301,"Delusion in Death (In Death, #35)",J.D. Robb,4.31,205,3.9649298206472294
8302,"Field of Dishonor (Honor Harrington, #4)",David Weber,4.19,123,3.929730131621735
8303,How Music Works,David Byrne,3.95,78,3.9224487646368966
8304,Save the Date,Mary Kay Andrews,3.87,114,3.9014272429441452
8305,Oracle Night,Paul Auster,3.77,134,3.895318633905963
8306,"Time and Again (Time, #1)",Jack Finney,3.98,186,3.9256512336548393
8307,One Lavender Ribbon,Heather Burch,3.78,109,3.8684691542252443
8308,Run Baby Run,"Nicky Cruz, Jamie Buckingham",4.21,113,3.929960009698142
8309,Fences (The Century Cycle #6),August Wilson,3.84,148,3.904703215043746
8310,Tortured for Christ N/E,Richard Wurmbrand,4.34,96,3.941563331930273
8311,The Two-Family House,Lynda Cohen Loigman,3.94,149,3.915306763366138
8312,Miracles,C.S. Lewis,4.08,136,3.9228270763067745
8313,"The Talent Code: Unlocking the Secret of Skill in Sports, Art, Music, Math, and Just About Everything Else","Daniel Coyle, John Farrell",4.07,112,3.915977157426764
8314,Dear Daughter,Elizabeth Little,3.44,135,3.852062100313698
8315,The Mermaid's Sister,Carrie Anne Noble,3.64,120,3.869581850759523
8316,"The Inimitable Jeeves (Jeeves, #2)",P.G. Wodehouse,4.26,176,3.94353556037942
8317,"Dragons of Summer Flame (Dragonlance: The Second Generation, #2)","Margaret Weis, Tracy Hickman",3.84,155,3.9104450539523756
8318,"The Secret Speech (Leo Demidov, #2)",Tom Rob Smith,3.78,137,3.898593547819485
8319,"Star Island (Skink, #6)",Carl Hiaasen,3.44,208,3.839672463115038
8320,Un Lun Dun,China Miéville,3.81,159,3.896526006527744
8321,"Death Note, Vol. 5: Whiteout (Death Note, #5)","Tsugumi Ohba, Takeshi Obata",4.35,127,3.955188006228568
8322,"Heat Rises (Nikki Heat, #3)",Richard Castle,3.92,140,3.9041257900042465
8323,Homicide: A Year on the Killing Streets,David Simon,4.38,152,3.964285281500118
8324,"Mrs. Mike (Mrs. Mike, #1)","Benedict Freedman, Nancy Freedman",4.13,180,3.9444367275914187
8325,A Work in Progress,Connor Franta,4.36,71,3.9284082798230697
8326,The Enchanted,Rene Denfeld,3.96,149,3.9311045516757748
8327,"The Left Hand of God (The Left Hand of God, #1)",Paul  Hoffman,3.66,120,3.884193863371997
8328,How to Love,Katie Cotugno,3.73,104,3.888201573263729
8329,Paris to the Moon,Adam Gopnik,3.75,157,3.90983121254962
8330,You Against Me,Jenny Downham,3.7,125,3.891532429742287
8331,A Dog's Life: The Autobiography of a Stray,Ann M. Martin,4.18,87,3.9277339860669196
8332,"The Will of the Empress (Circle Reforged, #1)",Tamora Pierce,4.15,227,3.948424131700851
8333,"The Secret Race: Inside the Hidden World of the Tour de France: Doping, Cover-ups, and Winning at All Costs","Tyler Hamilton, Daniel Coyle",4.32,93,3.9414256503122655
8334,"Doctor No (James Bond, #6)",Ian Fleming,3.76,144,3.8945988677358656
8335,Ripper,"Isabel Allende, Oliver Brock, Frank Wynne",3.24,139,3.8297713033749767
8336,ماهی سیاه کوچولو,Samad Behrangi,4.11,88,3.916752566855324
8337,Fifth Business,Robertson Davies,4.04,168,3.9298503897816564
8338,"Hello, Cupcake","Alan    Richardson, Karen Tack",4.05,97,3.914207531936591
8339,"Monster Hunter Vendetta (Monster Hunter International, #2)",Larry Correia,4.24,146,3.93622655548715
8340,Nights of Rain and Stars,Maeve Binchy,3.67,151,3.886890468371222
8341,"Big Nate on a Roll (Big Nate Novels, #3)",Lincoln Peirce,4.32,65,3.9368965554827007
8342,"Wife by Wednesday (The Weekday Brides, #1)",Catherine Bybee,3.77,108,3.883115175458051
8343,"The New Bedside, Bathtub and Armchair Companion to Agatha Christie","Dick Riley, Pam McAllister, Bruce Cassiday",4.23,81,3.9448325382879625
8344,"Dominic (Slater Brothers, #1)",L.A. Casey,4.08,112,3.934548696543068
8345,"Shadow's Claim (Immortals After Dark, #13; The Dacians, #1)",Kresley Cole,4.28,155,3.964365521263092
8346,Glitter and Glue,Kelly Corrigan,3.76,145,3.896942036174909
8347,A Night to Remember,"Walter Lord, Nathaniel Philbrick",4.0,148,3.9182543706561828
8348,The Lonely Polygamist,Brady Udall,3.5,221,3.8440143299383482
8349,Stormy Weather,Carl Hiaasen,3.94,200,3.89887508551953
8350,That Old Cape Magic,"Richard Russo, Arthur Morey",3.3,200,3.831498428271106
8351,"The Darkest Hour (KGI, #1)",Maya Banks,4.17,111,3.9259794629773155
8352,The Devil All the Time,Donald Ray Pollock,4.09,142,3.931496090556309
8353,A Long Way Home,Saroo Brierley,4.12,110,3.9235970553689894
8354,"Twilight (Warriors: The New Prophecy, #5)",Erin Hunter,4.3,124,3.9389843445086306
8355,Istanbul: Memories and the City,Orhan Pamuk,3.77,122,3.885139584229907
8356,The Second Assistant: A Tale from the Bottom of the Hollywood Ladder,"Clare Naylor, Mimi Hare",3.52,109,3.883981447717837
8357,Martin Chuzzlewit,"Charles Dickens, Patricia Ingham, Hablot Knight Browne",3.82,147,3.8970973258062287
8358,"Darkness, Be My Friend (Tomorrow, #4)",John Marsden,4.11,149,3.925838622239229
8359,UR,Stephen King,3.65,181,3.8666107989000276
8360,Tales of the South Pacific,James A. Michener,4.03,230,3.932225257422256
8361,A Bend in the River,V.S. Naipaul,3.77,173,3.899074322428587
8362,Evicted: Poverty and Profit in the American City,Matthew Desmond,4.48,134,3.978252515059429
8363,"The Assassin and the Empire (Throne of Glass, #0.5)",Sarah J. Maas,4.42,148,3.9694476251920556
8364,"Misbehaving (Sea Breeze, #6)",Abbi Glines,4.18,176,3.924365760187722
8365,"The Invisible Library (The Invisible Library, #1)",Genevieve Cogman,3.73,111,3.8841611403567007
8366,Saint Maybe,Anne Tyler,3.88,210,3.908952945797747
8367,Embroideries,"Marjane Satrapi, Anjali Singh",3.82,128,3.899424658367811
8368,Deep and Dark and Dangerous (A Ghost Story),Mary Downing Hahn,4.22,54,3.916079786553194
8369,"Harry, a History: The True Story of a Boy Wizard, His Fans, and Life Inside the Harry Potter Phenomenon","Melissa Anelli, J.K. Rowling",4.09,99,3.9331019155339693
8370,Marcelo in the Real World,Francisco X. Stork,3.95,177,3.9141068890758177
8371,"The Green Mile, Part 4: The Bad Death of Eduard Delacroix",Stephen King,4.52,252,4.016349424382187
8372,Daun Yang Jatuh Tak Pernah Membenci Angin,Tere Liye,3.97,61,3.900440893049712
8373,"Alcatraz Versus the Evil Librarians (Alcatraz, #1)",Brandon Sanderson,3.87,205,3.911511788452037
8374,Darth Vader and Son,Jeffrey Brown,4.14,97,3.9337800677543315
8375,Darwin's Dangerous Idea: Evolution and the Meanings of Life,Daniel C. Dennett,4.03,107,3.931964018132997
8376,"Pani Jeziora (Saga o Wiedźminie, #7)",Andrzej Sapkowski,4.28,102,3.9363778215258574
8377,"Open Season (Joe Pickett, #1)",C.J. Box,3.91,109,3.909576731980615
8378,"Palace of Stone (Princess Academy, #2)",Shannon Hale,3.95,157,3.8993623573937093
8379,Hausfrau,Jill Alexander Essbaum,3.24,157,3.822341494460934
8380,Legally Blonde,Amanda Brown,3.68,100,3.8776984148579294
8381,"Truthwitch (The Witchlands, #1)",Susan Dennard,3.93,149,3.9107931095633846
8382,1421: The Year China Discovered America,Gavin Menzies,3.58,139,3.8555425457004526
8383,A Wrinkle in Time: The Graphic Novel,"Hope Larson, Madeleine L'Engle",3.95,140,3.9366941456809865
8384,Heartburn,Nora Ephron,3.57,163,3.87077888821753
8385,Tigers in Red Weather,Liza Klaussmann,3.42,155,3.8565245866416586
8386,Hornet Flight,Ken Follett,3.83,166,3.8940929068874746
8387,"The White Lioness (Kurt Wallander, #3)","Henning Mankell, Laurie Thompson",3.84,141,3.901927859337476
8388,"Elven Star (The Death Gate Cycle, #2)","Margaret Weis, Tracy Hickman",3.98,182,3.9246988772976636
8389,Flight,Sherman Alexie,3.89,130,3.913315485417544
8390,Philosophical Investigations,"Ludwig Wittgenstein, G.E.M. Anscombe",4.23,93,3.9390695676923015
8391,"Endure (Need, #4)",Carrie Jones,4.08,163,3.943733552104971
8392,"Kaleidoscope Hearts (Hearts, #1)",Claire Contreras,4.06,130,3.924763245472493
8393,"Enemy of God (The Warlord Chronicles, #2)",Bernard Cornwell,4.38,141,3.962474290882167
8394,"Cage (Corps Security, #2)",Harper Sloan,4.29,104,3.932583726966135
8395,Mud Vein,Tarryn Fisher,4.11,155,3.943396450642258
8396,Our Dumb Century: The Onion Presents 100 Years of Headlines from America's Finest News Source,"Scott Dikkers, Maria Schneider, John Krewson, Robert Siegel, David Javerbaum, Todd Hanson, Carol Kolb, Mike Loew, Tim Harrod",4.18,183,3.9482265682847557
8397,Ice Hunt,James Rollins,4.04,163,3.920656056385474
8398,"Strange Candy (Anita Blake, Vampire Hunter #0.5)",Laurell K. Hamilton,3.74,166,3.886665141901959
8399,First Among Equals,Jeffrey Archer,3.87,161,3.89891693173981
8400,Black Holes and Baby Universes,Stephen Hawking,4.09,93,3.924147711099197
8401,"The Chronicles of Thomas Covenant, the Unbeliever (The Chronicles of Thomas Covenant the Unbeliever, #1-3)",Stephen R. Donaldson,3.78,220,3.84104640472942
8402,"Archangel's Blade (Guild Hunter, #4)",Nalini Singh,4.26,164,3.948982578697171
8403,The Story of Philosophy: The Lives and Opinions of the World's Greatest Philosophers,Will Durant,4.09,102,3.9301390318510543
8404,The Gnostic Gospels,Elaine Pagels,3.93,187,3.903764558284654
8405,How to Talk to a Widower,Jonathan Tropper,3.97,169,3.9121153787464666
8406,"The Gods of Mars (Barsoom, #2)",Edgar Rice Burroughs,3.86,126,3.894677547686295
8407,"The Survivor (Mitch Rapp, #14)","Vince Flynn, Kyle Mills, Armand Schultz",4.2,135,3.9334123626112727
8408,Kiss of Snow (Psy-Changeling #10),Nalini Singh,4.47,136,3.9684093903689184
8409,An Untamed State,Roxane Gay,4.05,158,3.9091513715479396
8410,Breath,Tim Winton,3.8,101,3.894963927684857
8411,Diagnostic and Statistical Manual of Mental Disorders DSM-IV-TR,American Psychiatric Association,3.87,134,3.912818443690639
8412,"A Monstrous Regiment of Women (Mary Russell, #2)",Laurie R. King,4.04,156,3.924730435188661
8413,"Alvin Journeyman (Tales of Alvin Maker, #4)",Orson Scott Card,3.72,241,3.888424175432778
8414,"Rose Under Fire (Code Name Verity, #2)",Elizabeth Wein,4.13,142,3.9284710584153424
8415,"Yotsuba&!, Vol. 01 (Yotsuba&! #1)","Kiyohiko Azuma, あずま きよひこ",4.34,124,3.9566183244212274
8416,Black Elk Speaks: Being the Life Story of a Holy Man of the Oglala Sioux,"Black Elk, John G. Neihardt",4.13,135,3.922008120233108
8417,"The Accidental Billionaires: The Founding of Facebook, a Tale of Sex, Money, Genius and Betrayal",Ben Mezrich,3.5,145,3.8758147442410076
8418,"The Sleeping Doll (Kathryn Dance, #1)",Jeffery Deaver,3.92,159,3.923405719810802
8419,"Dark Legend (Dark, #8)",Christine Feehan,4.33,114,3.9470117287665976
8420,"Batman: Hush, Vol. 1","Jeph Loeb, Jim Lee, Scott Williams",4.1,142,3.9262022843096176
8421,One Breath Away,Heather Gudenkauf,3.98,133,3.911990619464408
8422,The Devil's Punchbowl,Greg Iles,4.05,177,3.94063013375275
8423,"Empress of the World (Battle Hall Davies, #1)",Sara Ryan,3.73,63,3.907035534901156
8424,"Welcome to the Jungle (The Dresden Files, #0.5)",Jim Butcher,4.09,168,3.9298503897816564
8425,"Blackout (All Clear, #1)",Connie Willis,3.83,182,3.898272979918232
8426,"A Blaze of Sun (A Shade of Vampire, #5)",Bella Forrest,4.15,115,3.9177158037077184
8427,The Red Garden,Alice Hoffman,3.69,195,3.8934176401822205
8428,Babar the King,Jean de Brunhoff,4.18,249,3.9716065770255424
8429,Ungifted,Gordon Korman,4.0,92,3.9091545080111665
8430,Noises Off,Michael Frayn,4.18,161,3.9458862898252494
8431,The Final Detail (Myron Bolitar #6),Harlan Coben,4.0,203,3.9381314830785854
8432,"Olympos (Ilium, #2)",Dan Simmons,3.93,184,3.9116156860973446
8433,A History of the World in 6 Glasses,Tom Standage,3.74,162,3.8826024588710477
8434,The Sound of Glass,Karen   White,3.98,136,3.916749434431822
8435,The Widow of the South,Robert Hicks,3.75,169,3.8869171278015324
8436,Obsession,Jennifer L. Armentrout,4.15,186,3.9432169220102518
8437,Courageous,"Randy Alcorn, Alex Kendrick, Stephen Kendrick",4.53,75,3.9421789855354157
8438,The Magician's Elephant,"Kate DiCamillo, Yoko Tanaka",3.82,150,3.922887529536651
8439,Back When We Were Grownups,Anne Tyler,3.51,205,3.844378315558079
8440,The Dead,James Joyce,4.09,165,3.9415872151509754
8441,قمر على سمرقند,"محمد المنسي قنديل, Mohamed Mansi Qandil",3.9,131,3.9080433772154404
8442,"Convicted (Consequences, #3)",Aleatha Romig,4.38,146,3.9611078040734427
8443,"The Lost Saint (The Dark Divine, #2)",Bree Despain,4.04,113,3.921454635848301
8444,Relentless,Dean Koontz,3.71,212,3.8817907638746014
8445,"Taliesin (The Pendragon Cycle, #1)",Stephen R. Lawhead,3.98,167,3.927571647400436
8446,Basket Case,Carl Hiaasen,3.81,189,3.87469311366582
8447,المرحوم,حسن كمال,3.51,126,3.884725775505326
8448,"The Memory of Earth (Homecoming, #1)",Orson Scott Card,3.56,223,3.847087066587762
8449,Wench,Dolen Perkins-Valdez,3.68,167,3.882295910741934
8450,"Curse the Dawn (Cassandra Palmer, #4)",Karen Chance,4.16,154,3.9478507685997206
8451,Praying God's Word: Breaking Free From Spiritual Strongholds,Beth Moore,4.45,84,3.963155327487627
8452,In the Skin of a Lion,Michael Ondaatje,3.88,157,3.9083356618130614
8453,Where There's Smoke,Jodi Picoult,3.56,99,3.8768211369831995
8454,Jack: Straight from the Gut,"Jack Welch, John A. Byrne, Mike Barnicle",3.79,120,3.8857319699627837
8455,The Missing Piece Meets the Big O ,Shel Silverstein,4.32,151,3.9672630365376755
8456,Life is Elsewhere,"Milan Kundera, Aaron Asher",3.95,141,3.9185781280122662
8457,Blessings,Anna Quindlen,3.56,210,3.857165561779909
8458,"Wicked Nights (Angels of the Dark, #1)",Gena Showalter,4.11,130,3.9377373735347687
8459,"Six's Legacy (Lorien Legacies: The Lost Files, #1)",Pittacus Lore,4.08,149,3.9235817953378525
8460,Magic's Promise (Valdemar: Last Herald-Mage #2),Mercedes Lackey,4.2,149,3.9386273080136966
8461,Most Wanted,Lisa Scottoline,3.56,144,3.8440061017462863
8462,"Underworld (Abandon, #2)",Meg Cabot,3.89,144,3.8983744472873267
8463,Food Matters: A Guide to Conscious Eating with More Than 75 Recipes,Mark Bittman,3.97,148,3.9272884743978076
8464,Coming Home,Rosamunde Pilcher,4.27,140,3.9457829891256586
8465,"Glorious Appearing: The End of Days (Left Behind, #12)","Tim LaHaye, Jerry B. Jenkins",3.96,155,3.897713832504012
8466,ليتها تقرأ,خالد الباتلي,3.04,100,3.8136509259881333
8467,"Silken Prey (Lucas Davenport, #23)",John Sandford,4.16,176,3.9361625603056902
8468,"Mad River (Virgil Flowers, #6)",John Sandford,4.17,176,3.939111760335182
8469,Hotel du Lac,Anita Brookner,3.56,163,3.875989935638061
8470,"The Ghost Road (Regeneration, #3)",Pat Barker,4.11,146,3.947536213935465
8471,Pudd'nhead Wilson,Mark Twain,3.74,189,3.8922203173465326
8472,Metaphysics,"Aristotle, Joe Sachs",4.0,127,3.9085269490878964
8473,If You Find Me,Emily Murdoch,4.06,129,3.9208869476381327
8474,"Native Tongue (Skink, #2)",Carl Hiaasen,3.94,185,3.9094831030122372
8475,The Persian Pickle Club,Sandra Dallas,3.78,190,3.892298971424219
8476,"My Soul to Save (Soul Screamers, #2)",Rachel Vincent,3.98,162,3.918361976117565
8477,"The Worst Witch (Worst Witch, #1)",Jill Murphy,3.94,131,3.912618989203544
8478,The Relatives Came,"Cynthia Rylant, Stephen Gammell",4.2,186,3.9527316698694337
8479,What I Loved,Siri Hustvedt,4.02,131,3.9080433772154404
8480,"Maryamah Karpov: Mimpi-mimpi Lintang (Tetralogi Laskar Pelangi, #4)",Andrea Hirata,3.6,112,3.859488725948005
8481,Tilt,Ellen Hopkins,4.2,91,3.9185222060431113
8482,"Dragonheart (Pern, #21)",Todd J. McCaffrey,4.14,132,3.925639930307557
8483,"Conquer Your Love (Surrender Your Love, #2)",J.C. Reed,4.01,102,3.9028443270237907
8484,"Pearls of Lutra (Redwall, #9)",Brian Jacques,3.99,208,3.907381171607439
8485,The Element: How Finding Your Passion Changes Everything,"Ken Robinson, Lou Aronica",3.89,93,3.9107965762527352
8486,The Secret Chord,Geraldine Brooks,3.55,184,3.855176486507812
8487,The Staff of Serapis (Percy Jackson & Kane Chronicles Crossover #2),Rick Riordan,4.31,139,3.954079648709624
8488,A Different Blue,Amy Harmon,4.22,175,3.9501344946082835
8489,Downtown Owl,Chuck Klosterman,3.53,130,3.8583662371537875
8490,Halo: The Flood,William C. Dietz,3.69,104,3.864063910723824
8491,"Antrax (Voyage of the Jerle Shannara, #2)",Terry Brooks,3.94,192,3.895370750231441
8492,Sailing Alone Around the Room: New and Selected Poems,Billy Collins,4.24,154,3.973332294493448
8493,"Once (Eve, #2)",Anna Carey,3.9,136,3.9007956245100717
8494,"Into the Deep (Into the Deep, #1)",Samantha Young,4.09,178,3.9369927707742085
8495,"Mirror Dance (Vorkosigan Saga, #8)",Lois McMaster Bujold,4.32,147,3.973945061811653
8496,Agnes and the Hitman,"Jennifer Crusie, Bob Mayer",3.93,148,3.8971747952590587
8497,Logicomix: An epic search for truth,"Apostolos Doxiadis, Christos H. Papadimitriou, Alecos Papadatos, Annie Di Donna",4.01,116,3.92626496994724
8498,HHhH,Laurent Binet,4.07,87,3.928523065211558
8499,The Residence: Inside the Private World of the White House,Kate Andersen Brower,3.75,110,3.8918214992967584
8500,"Stone Cold Touch (The Dark Elements, #2)",Jennifer L. Armentrout,4.38,171,3.992908518125218
8501,The Life List,Lori Nelson Spielman,4.08,106,3.928801430881293
8502,"The Rising (Darkness Rising, #3)",Kelley Armstrong,4.13,161,3.938430836160894
8503,Buddenbrooks: The Decline of a Family,"Thomas Mann, John E. Woods, T.J. Reed",4.13,127,3.938359428243408
8504,Uncle Vanya,Anton Chekhov,3.84,160,3.913017444260693
8505,The Christmas Wedding,"James Patterson, Richard DiLallo",3.32,155,3.839299992917402
8506,"The Lost Years (The Lost Years of Merlin, #1)",T.A. Barron,3.97,150,3.9183772686932326
8507,"Storm Glass (Glass, #1)",Maria V. Snyder,3.95,174,3.916870176875587
8508,"The Sea, the Sea","Iris Murdoch, Mary Kinzie",3.9,150,3.905598196303546
8509,"Eden (Providence, #3)",Jamie McGuire,4.17,158,3.9270845703822816
8510,"Among the Enemy (Shadow Children, #6)",Margaret Peterson Haddix,4.16,149,3.9341136542109436
8511,"Incendiary (The Premonition, #4)",Amy A. Bartol,4.43,140,3.9707773085985054
8512,Battlefield Earth: A Saga of the Year 3000,L. Ron Hubbard,3.49,189,3.8410993066111208
8513,Financial Peace Revisited,Dave Ramsey,4.31,104,3.9465991439247894
8514,I'll Be Seeing You,Mary Higgins Clark,3.79,170,3.8870008742817204
8515,This Time Together: Laughter and Reflection,Carol Burnett,4.05,109,3.9219865667746894
8516,My Year of Meats,Ruth Ozeki,3.93,162,3.9086771068633
8517,Fledgling,Octavia E. Butler,3.9,128,3.900189009051905
8518,"At Peace (The 'Burg, #2)",Kristen Ashley,4.49,200,3.998128870928499
8519,The House of God,"Samuel Shem, John Updike",3.95,123,3.912082621455234
8520,Last Train to Istanbul,"Ayşe Kulin, John W. Baker",3.81,96,3.892985411378678
8521,Echo,Pam Muñoz Ryan,4.36,149,3.9642046795626324
8522,Wreck This Journal,Keri Smith,4.19,67,3.9321873491081596
8523,The Gulag Archipelago 1918-1956,"Aleksandr Solzhenitsyn, Edward E. Ericson Jr.",4.15,194,3.9282669581187566
8524,Seven Years in Tibet,Heinrich Harrer,4.05,127,3.9215308502582475
8525,Commencement ,J. Courtney Sullivan,3.36,179,3.8266882075646342
8526,"The Bar Code Tattoo (Bar Code, #1)",Suzanne Weyn,3.55,139,3.853268612554087
8527,"MacRieve (Immortals After Dark, #14)",Kresley Cole,4.3,151,3.9574981450782
8528,Oogy: The Dog Only a Family Could Love,Larry Levin,4.04,108,3.9188211445646255
8529,"American Tabloid (Underworld USA, #1)",James Ellroy,4.21,131,3.9263458251678545
8530,"The Fallen and Leviathan (The Fallen, #1-2)",Thomas E. Sniegoski,3.74,133,3.881532993636341
8531,"The Renegades of Pern (Pern, #10)",Anne McCaffrey,3.84,184,3.8940242472642437
8532,Baltasar and Blimunda,"José Saramago, Giovanni Pontiero",3.9,110,3.904221716300556
8533,The Cake Bible,"Rose Levy Beranbaum, Maria Guarnaschelli, Vincent Lee, Manuela Paul, Dean G. Bornstein",4.2,106,3.943572479625754
8534,"Serafina and the Black Cloak (Serafina, #1)",Robert  Beatty,3.9,114,3.889065348483819
8535,A New Hope  (Star Wars: Novelizations #4),"Alan Dean Foster, George Lucas",4.07,143,3.9383490369097007
8536,Summer House,Nancy Thayer,3.91,131,3.904230367225354
8537,Almost French: Love and a New Life in Paris,Sarah Turnbull,3.68,141,3.881493438691143
8538,Stupeur et tremblements,Amélie Nothomb,3.72,91,3.9106562420692264
8539,Pandora / Vittorio the Vampire (New Tales of the Vampires),Anne Rice,4.03,201,3.9242867447640686
8540,"Summer and the City (The Carrie Diaries, #2)",Candace Bushnell,3.63,112,3.865679238986773
8541,"The Stone Monkey (Lincoln Rhyme, #4)",Jeffery Deaver,3.94,182,3.915890244837853
8542,"Origin in Death (In Death, #21)",J.D. Robb,4.34,220,3.9781598804132026
8543,"The First Part Last (Heaven, #2)",Angela Johnson,3.96,112,3.902048503089536
8544,The Invisible Gorilla: And Other Ways Our Intuitions Deceive Us,"Christopher Chabris, Daniel Simons",3.88,103,3.9114916859211464
8545,"Prior Bad Acts (Kovac and Liska, #3)",Tami Hoag,4.07,147,3.920453010278466
8546,"Firestar's Quest (Warriors Super Edition, #1)",Erin Hunter,4.32,114,3.9385129263251235
8547,A Fraction of the Whole,Steve Toltz,4.06,134,3.9173836114605547
8548,This is Not My Hat,Jon Klassen,4.23,77,3.96056412991538
8549,I Will Teach You To Be Rich,Ramit Sethi,4.04,96,3.918841401349688
8550,"Radiant Angel (John Corey, #7)",Nelson DeMille,3.84,144,3.886292592722651
8551,"The Queen's Poisoner (Kingfountain, #1)",Jeff Wheeler,4.07,99,3.9073065586982
8552,"Rejoice (Redemption, #4)","Karen Kingsbury, Gary Smalley",4.45,108,3.9560795471106163
8553,Physics of the Future: How Science Will Shape Human Destiny and Our Daily Lives by the Year 2100,Michio Kaku,3.98,113,3.9152689094120525
8554,"The Naturals (The Naturals, #1)",Jennifer Lynn Barnes,4.16,125,3.9352005520130295
8555,"Tintin in Tibet (Tintin, #20)","Hergé, Leslie Lonsdale-Cooper, Michael Turner",4.2,134,3.943252895490076
8556,"Firewall (Wallander, #8)","Henning Mankell, Ebba Segerberg",3.95,136,3.915989729197453
8557,"Tales From the Hood (The Sisters Grimm, #6)","Michael Buckley, Peter Ferguson",4.29,139,3.9366461612541555
8558,"Mutiny on the Bounty (The Bounty Trilogy, #1)","Charles Bernard Nordhoff, James Norman Hall",3.97,234,3.9218109881514582
8559,"Love Hina, Vol. 01",Ken Akamatsu,3.73,105,3.897624897333391
8560,What the Bleep Do We Know!?: Discovering the Endless Possibilities for Altering Your Everyday Reality,"William Arntz, Betsy Chasse, Mark Vicente",4.25,121,3.9396121421214225
8561,"The Wretched of Muirwood (Legends of Muirwood, #1)",Jeff Wheeler,3.97,118,3.8963392748537373
8562,"Gentle Rogue (Malory-Anderson Family, #3)",Johanna Lindsey,4.23,105,3.929524064842922
8563,"The Shepherd's Crown (Discworld, #41; Tiffany Aching, #5)",Terry Pratchett,4.34,156,3.955412168332416
8564,Mary Barton,"Elizabeth Gaskell, Shirley Foster",3.7,122,3.8874432009080913
8565,Nostromo,Joseph Conrad,3.81,153,3.8795599494056905
8566,The Plum Tree,Ellen Marie Wiseman,4.02,147,3.903124599218419
8567,"Death Note, Vol. 7: Zero (Death Note, #7)","Tsugumi Ohba, Takeshi Obata",4.41,119,3.9664567694470922
8568,"The Crown Conspiracy (The Riyria Revelations, #1)",Michael J. Sullivan,4.15,175,3.940542522351219
8569,"Styxx (Dark-Hunter, #22)",Sherrilyn Kenyon,4.58,124,3.9911195894676124
8570,Eugénie Grandet,"Honoré de Balzac, Sylvia Raphael, Christopher Prendergast",3.79,130,3.9072100133882377
8571,Essentials of Classic Italian Cooking,"Marcella Hazan, Karin Kretschmann",4.26,104,3.948156412475751
8572,Silence of the Grave (Inspector Erlendur #4),"Arnaldur Indriðason, Bernard Scudder",3.94,106,3.9179175002274795
8573,The Catastrophic History of You and Me,Jess Rothenberg,4.04,111,3.89113086079347
8574,"Girl, Stolen (Girl, Stolen #1)",April Henry,3.99,83,3.9069241514625244
8575,"Leven Thumps and the Eyes of the Want (Leven Thumps, #3)",Obert Skye,3.97,117,3.9078218457894147
8576,Killing Reagan: The Violent Assault That Changed a Presidency,"Bill O'Reilly, Martin Dugard",4.08,131,3.9217702131797507
8577,The Girl Who Was on Fire: Your Favorite Authors on Suzanne Collins' Hunger Games Trilogy,"Leah Wilson, Jennifer Lynn Barnes, Mary Borsellino, Sarah Rees Brennan, Terri  Clark, Bree Despain, Adrienne Kress, Sarah Darer Littman, Cara Lockwood, Elizabeth M. Rees, Carrie Ryan, Ned Vizzini, Lili Wilkinson, Blythe Woolston",4.28,107,3.952938150036982
8578,A Bargain for Frances,"Russell Hoban, Lillian Hoban",4.25,220,3.9810164111566144
8579,"Calculated in Death (In Death, #36)",J.D. Robb,4.23,180,3.9591393667151418
8580,The Argonauts,Maggie Nelson,3.99,103,3.922401060190608
8581,Gonzo: The Life of Hunter S. Thompson,"Jann S. Wenner, Corey Seymour",4.07,146,3.9264248514986106
8582,The Last Painting of Sara de Vos,Dominic Smith,3.83,158,3.9113930214022323
8583,The Sister,Louise Jensen,3.77,88,3.874175889413078
8584,"Kiss of Frost (Mythos Academy, #2)",Jennifer Estep,4.05,133,3.9234122291499327
8585,Duck On A Bike,David Shannon,4.06,138,3.9221856030817017
8586,The Soldier's Wife,Margaret Leroy,3.88,130,3.898051805344278
8587,"The Shadow Throne (The Ascendance Trilogy, #3)",Jennifer A. Nielsen,4.23,175,3.934639770193025
8588,"City of Glass (The New York Trilogy, #1)",Paul Auster,3.81,143,3.9013203963897887
8589,Memórias Póstumas de Brás Cubas,Machado de Assis,4.23,87,3.932468460934749
8590,"This Body of Death (Inspector Lynley, #16)",Elizabeth  George,4.01,136,3.91826884490056
8591,"Emily Climbs (Emily, #2)",L.M. Montgomery,4.14,183,3.9489600825516082
8592,"Kushiel's Mercy (Imriel's Trilogy, #3)",Jacqueline Carey,4.3,155,3.9523831951940442
8593,How to Read Literature Like a Professor: A Lively and Entertaining Guide to Reading Between the Lines,Thomas C. Foster,3.63,140,3.892764735698407
8594,"Shadows in Flight (Ender's Shadow, #5)",Orson Scott Card,3.76,220,3.877467171707925
8595,"Burn for Me (Hidden Legacy, #1)",Ilona Andrews,4.34,136,3.9562541066190136
8596,"Chasing Darkness (Elvis Cole, #12)",Robert Crais,4.18,142,3.94132744501445
8597,"ttyl (Internet Girls, #1)",Lauren Myracle,3.46,104,3.8578348365199777
8598,If Chins Could Kill: Confessions of a B-Movie Actor,Bruce Campbell,3.99,123,3.920522735013126
8599,"Vampire Knight, Vol. 4 (Vampire Knight, #4)","Matsuri Hino, Tomo Kimura",4.31,107,3.9475004121359487
8600,Train Dreams,"Denis Johnson, Bettina Abarbanell",3.89,143,3.9088772618020156
8601,The Art of Thinking Clearly,Rolf Dobelli,3.79,57,3.9106257823830983
8602,Mouse Paint,Ellen Stoll Walsh,4.15,165,3.9356405861462926
8603,"Accidentally on Purpose (Accidentally on Purpose, #1)",L.D. Davis,3.94,172,3.913789307507659
8604,Edvard Munch: 1863-1944 (Basic Art),Ulrich Bischoff,4.07,78,3.9224487646368966
8605,Art in Theory 1900 - 2000: An Anthology of Changing Ideas,"Charles Harrison, Paul Wood",3.94,68,3.924230778292564
8606,Press Here,"Hervé Tullet, Christopher Franceschelli",4.44,123,3.965792435005453
8607,"The Killing (Cherub, #4)",Robert Muchamore,4.12,109,3.9243134107985784
8608,Darkest Fear (Myron Bolitar #7),Harlan Coben,4.03,201,3.953968928214441
8609,The Lady of Shalott,"Alfred Tennyson, Charles Keeping",4.17,205,3.9490487840486588
8610,"Revenge of the Wannabes (The Clique, #3)",Lisi Harrison,3.76,123,3.8744857519700813
8611,On the Genealogy of Morals,"Friedrich Nietzsche, Douglas Smith",4.1,123,3.9251264333174305
8612,Hellblazer: Original Sins,"Jamie Delano, John Ridgway, Alfredo Alcalá",4.1,125,3.921410618664374
8613,Happy Accidents: A Memoir,"Jane Lynch, Lisa Dickey",3.69,102,3.891146596383535
8614,"Dawn of Wonder (The Wakening, #1)",Jonathan Renshaw,4.36,117,3.9440509369788077
8615,"Celebrity in Death (In Death, #34)",J.D. Robb,4.28,205,3.97359220424645
8616,أقوم قيلا,سلطان موسى الموسى,3.99,64,3.9263982002271214
8617,"The 13½ Lives of Captain Bluebear (Zamonia, #1)","Walter Moers, John Brownjohn",4.2,133,3.9150363820472145
8618,The Wives of Henry VIII,Antonia Fraser,4.15,125,3.9352005520130295
8619,Every Thing on It,Shel Silverstein,4.39,143,3.9723549312647224
8620,The Snowman,Raymond Briggs,4.28,217,3.9752503260163223
8621,"Nash (Marked Men, #4)",Jay Crownover,4.21,145,3.936932981621223
8622,"Just One Drop (The Grey Wolves, #3)",Quinn Loftis,4.48,105,3.955199004545715
8623,Billions & Billions: Thoughts on Life and Death at the Brink of the Millennium,"Carl Sagan, Ann Druyan",4.26,115,3.947824658799203
8624,"Rough Country (Virgil Flowers, #3)",John Sandford,4.15,174,3.9471441191335797
8625,Rabbit Redux (Rabbit Angstrom #2),John Updike,3.79,222,3.8776419315001123
8626,Lemony Snicket: The Unauthorized Autobiography (A Series of Unfortunate Events companion),Lemony Snicket,3.72,208,3.891534452598579
8627,"Ross Poldark (Poldark, #1)",Winston Graham,4.11,122,3.93044404556754
8628,"Orphan X (Orphan X, #1)",Gregg Hurwitz,4.08,132,3.926401951186929
8629,"The Look of Love (San Francisco Sullivans, #1; The Sullivans, #1)",Bella Andre,3.87,95,3.9030951780307435
8630,Blockade Billy,Stephen King,3.4,210,3.8434994465529795
8631,The Matlock Paper,Robert Ludlum,3.86,162,3.9071871269780285
8632,Breakfast with Buddha,Roland Merullo,3.82,152,3.8929800199223954
8633,The Twelve Caesars,"Suetonius, Michael Grant, Robert Graves",4.05,134,3.9219487792304704
8634,حوجن [Ḥawjan],"Ibraheem Abbas, إبراهيم عباس, Yasser Bahjatt",3.75,65,3.8935335104333153
8635,"Sharpe's Rifles (Sharpe, #6)",Bernard Cornwell,4.21,122,3.932747662245725
8636,"Vector Prime (Star Wars: The New Jedi Order, #1)",R.A. Salvatore,3.79,103,3.8998030706324376
8637,"Touching Darkness (Midnighters, #2)",Scott Westerfeld,3.89,177,3.8986349963476075
8638,"Revenge of the Spellmans (The Spellmans, #3)",Lisa Lutz,4.14,148,3.950626575730338
8639,Detroit: An American Autopsy,Charlie LeDuff,3.95,100,3.929248832728741
8640,"Gaudy Night (Lord Peter Wimsey, #12)",Dorothy L. Sayers,4.26,135,3.9440563221642266
8641,"Kings Rising (Captive Prince, #3)",C.S. Pacat,4.5,106,3.959120951988344
8642,"Rival (Fall Away, #2)","Penelope Douglas, Abby Craden, Nelson Hobbs",4.16,165,3.942330543776561
8643,"Mortal Engines (The Hungry City Chronicles, #1)",Philip Reeve,3.98,132,3.9286880138250453
8644,Private London (Private #4),"James Patterson, Mark Pearson",3.75,167,3.8971404145643933
8645,"Blood Cross (Jane Yellowrock, #2)",Faith Hunter,4.13,133,3.929503754315546
8646,"Spying in High Heels (High Heels, #1)",Gemma Halliday,3.67,106,3.8813785901753923
8647,"The Lady in the Lake (Philip Marlowe, #4)",Raymond Chandler,4.07,143,3.928525111873806
8648,I Love You Through and Through,"Bernadette Rossetti-Shustak, Caroline Jayne Church",4.39,107,3.960706347038458
8649,"Crash & Burn (Tessa Leoni, #3)",Lisa Gardner,4.0,141,3.9193349584065746
8650,"Justice, Volume 1","Jim Krueger, Alex Ross, Doug Braithwaite",4.14,106,3.9326885489719405
8651,"River of Blue Fire (Otherland, #2)",Tad Williams,4.0,195,3.9123226063714154
8652,"The Wind Singer (Wind on Fire, #1)","William Nicholson, Peter Sís",3.84,165,3.905907441122878
8653,The End of Mr. Y,Scarlett Thomas,3.79,130,3.899578173351605
8654,Gentlemen of the Road,"Michael Chabon, Gary Gianni",3.42,213,3.8495781816856436
8655,Those Guys Have All the Fun: Inside the World of ESPN,"James Andrew Miller, Tom Shales",3.69,107,3.886131655824289
8656,Big Fish,Daniel Wallace,3.64,162,3.885582418641591
8657,"Breakable (Contours of the Heart, #2)",Tammara Webber,4.06,153,3.92831116818616
8658,The Death of Bees,Lisa O'Donnell,3.81,170,3.8958877883008274
8659,Bella Tuscany,Frances Mayes,3.74,146,3.8955117850732166
8660,"Black Dawn (The Morganville Vampires, #12)",Rachel Caine,4.26,150,3.9522042250188734
8661,Through My Eyes,"Tim Tebow, Nathan Whitaker",3.92,76,3.8936697289999262
8662,"Parable of the Talents (Earthseed, #2)",Octavia E. Butler,4.21,145,3.9407057123237057
8663,"Locke & Key, Vol. 6: Alpha & Omega","Joe Hill, Gabriel Rodríguez",4.5,141,4.001072640991907
8664,"Empire of the Sun (Empire of the Sun, #1)",J.G. Ballard,3.98,188,3.9242982390869012
8665,The Country Mouse and the City Mouse; The Fox and the Crow; The Dog and His Bone,"Patricia M. Scarry, Richard Scarry",4.28,213,3.9644134648263885
8666,Dark Star Safari: Overland from Cairo to Cape Town,Paul Theroux,3.96,118,3.9148249869387715
8667,"Crystal Singer (Crystal Singer, #1)",Anne McCaffrey,4.07,166,3.929003402319399
8668,"The Assassin and the Underworld (Throne of Glass, #0.4)",Sarah J. Maas,4.37,145,3.9640966426790967
8669,If You Give a Cat a Cupcake,"Laura Joffe Numeroff, Felicia Bond",4.2,139,3.9427099829777967
8670,Darth Plagueis,James Luceno,4.07,110,3.9080967841142424
8671,"The Rainbow Comes and Goes: A Mother and Son On Life, Love, and Loss","Anderson Cooper, Gloria Vanderbilt",3.79,122,3.9012649009772
8672,Underground Airlines,Ben H. Winters,3.88,146,3.9090833752111944
8673,"Raven Black (Shetland Island, #1)",Ann Cleeves,3.85,106,3.9070335695736667
8674,"Infamous (Chronicles of Nick, #3)",Sherrilyn Kenyon,4.36,161,3.9578150156882184
8675,Having Our Say: The Delany Sisters' First 100 Years,"Sarah L. Delany, A. Elizabeth Delany, Amy Hill Hearth",4.14,123,3.942773943483931
8676,Lush Life,Richard Price,3.69,164,3.8678994871253494
8677,What's Eating Gilbert Grape,Peter Hedges,4.1,163,3.919911621039684
8678,"Curtsies & Conspiracies (Finishing School, #2)",Gail Carriger,4.11,136,3.940300296697263
8679,The Truth According to Us,Annie Barrows,3.75,169,3.8883993778571164
8680,"Reunion (Redemption, #5)","Karen Kingsbury, Gary Smalley",4.49,101,3.9589614302213434
8681,"More Tales of the City (Tales of the City, #2)",Armistead Maupin,4.18,152,3.9305091049633023
8682,Thérèse Raquin,"Émile Zola, Robin Buss",3.71,139,3.8873776097495694
8683,The Night Strangers,Chris Bohjalian,3.16,176,3.811558859059653
8684,"The Billionaire's Obsession ~ Simon (The Billionaire's Obsession, #1)",J.S. Scott,4.0,65,3.895139549138848
8685,Behind Her Eyes,Sarah Pinborough,3.77,110,3.906546756988768
8686,The King in Yellow and Other Horror Stories,"Robert W. Chambers, E.F. Bleiler",3.57,118,3.8647595167084705
8687,H.M.S. Surprise,Patrick O'Brian,4.42,123,3.958119604498279
8688,The Virtue of Selfishness: A New Concept of Egoism,"Ayn Rand, Nathaniel Branden",3.47,129,3.849092859193926
8689,"Twenty Wishes (Blossom Street, #5)",Debbie Macomber,4.16,99,3.9338835930138414
8690,Through Black Spruce,Joseph Boyden,4.11,123,3.9220573011145605
8691,One Good Dog,Susan  Wilson,4.07,119,3.922586993413844
8692,Sexing the Cherry,Jeanette Winterson,3.83,156,3.9052737263657917
8693,The Murderer's Daughters,Randy Susan Meyers,3.68,144,3.8742107381579753
8694,"Strangers in Death (In Death, #26)",J.D. Robb,4.29,220,3.963877226696142
8695,"The Archived (The Archived, #1)",Victoria Schwab,4.02,144,3.9240483882372628
8696,Glengarry Glen Ross,David Mamet,3.95,174,3.9264692317378773
8697,The Island of the Day Before,Umberto Eco,3.43,156,3.8491486047613614
8698,The Sound of Gravel,Ruth Wariner,4.15,138,3.9365981040298923
8699,The Complete Adventures of Peter Rabbit,Beatrix Potter,4.46,196,3.984318303089884
8700,A Charlie Brown Christmas,Charles M. Schulz,4.48,147,3.980725744400367
8701,"Sin City: Una Dura Despedida, #1 de 3",Frank Miller,4.21,122,3.9373548956020943
8702,"Hostage to Pleasure (Psy-Changeling, #5)",Nalini Singh,4.22,136,3.9319435391192035
8703,"Random Family: Love, Drugs, Trouble, and Coming of Age in the Bronx",Adrian Nicole LeBlanc,4.23,131,3.928633631161906
8704,Resurrection,"Leo Tolstoy, Louise Maude, Aylmer Maude",4.1,120,3.9311061143909924
8705,"Hard Magic (Grimnoir Chronicles, #1)",Larry Correia,4.13,155,3.94639203215952
8706,"Storm Prey (Lucas Davenport, #20)",John Sandford,4.15,188,3.9491465910564982
8707,The Case for a Creator: A Journalist Investigates Scientific Evidence That Points Toward God,Lee Strobel,4.1,106,3.921027194699998
8708,"Fated (Alex Verus, #1)",Benedict Jacka,3.89,135,3.9121244435053653
8709,Instructions for a Heatwave,Maggie O'Farrell,3.62,122,3.893586178716584
8710,"Victims (Alex Delaware, #27)",Jonathan Kellerman,3.94,142,3.921664736098168
8711,"The Job (Fox and O'Hare, #3)","Janet Evanovich, Lee Goldberg",3.95,135,3.900720201127201
8712,"Old School (Diary of a Wimpy Kid, #10)",Jeff Kinney,4.28,70,3.920352939728551
8713,"Evelyn, After",Victoria Helen Stone,3.64,95,3.888196722765316
8714,The Skin I'm In,Sharon G. Flake,4.13,78,3.920064595519834
8715,The Eye of God (Sigma Force #9),James Rollins,4.11,138,3.9312882352595064
8716,An Artist of the Floating World,Kazuo Ishiguro,3.72,156,3.892552032135454
8717,Night Train to Lisbon,"Pascal Mercier, Barbara Harshav",3.7,100,3.890976552794351
8718,"Romancing the Duke (Castles Ever After, #1)",Tessa Dare,3.91,75,3.9119073373238327
8719,"The Man With a Load of Mischief (Richard Jury, #1)",Martha Grimes,4.01,106,3.9202497710818682
8720,"The Underworld (Fallen Star, #2)",Jessica Sorensen,4.12,117,3.8978010333327737
8721,"The Path Between the Seas: The Creation of the Panama Canal, 1870-1914",David McCullough,4.19,116,3.9301221017840064
8722,LaRose,Louise Erdrich,3.86,187,3.9118096105774933
8723,Before We Met,Lucie Whitehouse,3.43,122,3.8559604396395666
8724,Waiter Rant: Thanks for the Tip-Confessions of a Cynical Waiter,"The Waiter, Steve Dublanica",3.49,145,3.8675147366955462
8725,"Two Ravens and One Crow (The Iron Druid Chronicles, #4.5)",Kevin Hearne,4.2,155,3.9411497645043116
8726,The Black Arrow,Robert Louis Stevenson,3.81,178,3.9045993378065282
8727,"Dead or Alive (Jack Ryan Universe, #13)","Tom Clancy, Grant Blackwood",3.79,157,3.8956234805523122
8728,"Fallen Hearts (Casteel, #3)",V.C. Andrews,3.89,141,3.8724114739594393
8729,"Dragon Prince (Dragon Prince, #1)",Melanie Rawn,3.94,156,3.9082670661846945
8730,"The Burning Wire (Lincoln Rhyme, #9)",Jeffery Deaver,4.04,169,3.935090254608024
8731,"River, Cross My Heart",Breena Clarke,3.47,187,3.8437923502834836
8732,Lies Women Believe: And the Truth that Sets Them Free,"Nancy Leigh DeMoss, Elisabeth Elliot",4.1,87,3.932468460934749
8733,To Build a Fire,Jack London,3.92,166,3.9282606258208475
8734,"Invasion of the Boy Snatchers (The Clique, #4)",Lisi Harrison,3.79,128,3.8688506310040567
8735,The 158-Pound Marriage,John Irving,3.22,188,3.819058160156842
8736,Free: The Future of a Radical Price,Chris Anderson,3.83,90,3.9066498311757907
8737,Palestine,"Joe Sacco, Edward Said",4.2,107,3.9498308712363914
8738,Dear Theo,"Vincent van Gogh, Irving Stone, Jean   Stone",4.09,90,3.9554571995139787
8739,One Hundred Names,Cecelia Ahern,3.75,126,3.8939120267492977
8740,"Good Wives (Little Women, #1.5)",Louisa May Alcott,3.92,162,3.911657066633843
8741,The Ghost Bride,Yangsze Choo,3.74,123,3.8929005451872993
8742,Star Wars - Episode I: The Phantom Menace,"Terry Brooks, George Lucas",3.55,135,3.8725897365943944
8743,"Avatar: The Last Airbender (The Promise, #2)","Gene Luen Yang, Michael Dante DiMartino, Gurihiru, Bryan Konietzko",4.43,114,3.95242005759299
8744,The Pact,Karina Halle,3.91,127,3.9031724015471636
8745,"Girls in Love (Girls, #1)",Jacqueline Wilson,3.53,96,3.866345906560062
8746,Little Bear's Friend,"Else Holmelund Minarik, Maurice Sendak",4.3,205,3.9649298206472294
8747,The Creative Habit: Learn It and Use It for Life,Twyla Tharp,4.0,92,3.922516136557893
8748,رأيت رام الله,"Mourid Barghouti, مريد البرغوثي",4.15,120,3.9311061143909924
8749,"A Beautiful Dark (A Beautiful Dark, #1)",Jocelyn Davies,3.9,124,3.9198169750384166
8750,"Lady of Avalon (Avalon, #3)","Marion Zimmer Bradley, Diana L. Paxson",3.88,164,3.9140201447166607
8751,"Threat Vector (Jack Ryan Universe, #15)","Tom Clancy, Mark Greaney",4.1,131,3.9370222531400954
8752,Miles: The Autobiography,"Miles Davis, Quincy Troupe",4.18,102,3.943396459910011
8753,"The Castle in the Attic (The Castle in the Attic, #1)",Elizabeth Winthrop,3.96,179,3.91938297693122
8754,Does the Noise in My Head Bother You?,Steven Tyler,3.47,81,3.8703062558809225
8755,"The Sworn Sword (The Tales of Dunk and Egg, #2)",George R.R. Martin,4.07,154,3.929114352501392
8756,"The Broken Window (Lincoln Rhyme, #8)",Jeffery Deaver,4.07,174,3.927207620573438
8757,The Complete Works of H.P. Lovecraft,H.P. Lovecraft,4.34,109,3.955337997783764
8758,"Beautiful Secret (Beautiful Bastard, #4)",Christina Lauren,4.13,143,3.9315478580386967
8759,"Dust (Kay Scarpetta, #21)",Patricia Cornwell,3.53,143,3.86807018857599
8760,The Three Sisters,Anton Chekhov,3.76,149,3.8957475968875404
8761,"Evil Star (The Gatekeepers, #2)",Anthony Horowitz,3.98,137,3.920608274912782
8762,"You Were Mine (Rosemary Beach, #9)",Abbi Glines,4.26,147,3.935521193808941
8763,Full Tilt (Full #2),"Janet Evanovich, Charlotte Hughes",3.7,173,3.867300140798498
8764,Beat the Reaper (Peter Brown #1),Josh Bazell,3.79,159,3.893539371718515
8765,Nantucket Nights,Elin Hilderbrand,3.64,123,3.8675802045136245
8766,"The Machine Crusade (Legends of Dune, #2)","Brian Herbert, Kevin J. Anderson",3.73,167,3.882295910741934
8767,"Ogre, Ogre (Xanth #5)",Piers Anthony,3.73,196,3.8637050646970916
8768,The Annotated Sherlock Holmes: The Four Novels and the Fifty-Six Short Stories Complete (2 Volume Set),"Arthur Conan Doyle, William S. Baring-Gould",4.58,149,3.98376384604123
8769,"Devil's Game (Reapers MC, #3)",Joanna Wylde,4.3,110,3.9390973266237364
8770,"The Keeping (Law of the Lycans, #3)",Nicky Charles,4.18,105,3.9334142072221328
8771,There's a Nightmare in My Closet,Mercer Mayer,4.22,211,3.9622060522839124
8772,"Flesh and Blood (Kay Scarpetta, #22)",Patricia Cornwell,3.67,135,3.862706059866652
8773,Breaking Free: Discover the Victory of Total Surrender,Beth Moore,4.43,96,3.9525325397967617
8774,Where's Spot?,Eric Hill,4.05,166,3.918604531339677
8775,Cocky Bastard,"Penelope Ward, Vi Keeland",4.18,115,3.937788373768708
8776,"Out to Canaan (Mitford Years, #4)",Jan Karon,4.28,148,3.938581104074838
8777,"The Dangerous Days of Daniel X (Daniel X, #1)","James Patterson, Michael Ledwidge",3.57,166,3.8658673999425144
8778,"The Hidden Child (Patrik Hedström, #5)","Camilla Läckberg, Tiina Nunnally",3.94,111,3.9190097425405463
8779,Waiting to Exhale (Waiting To Exhale #1),Terry McMillan,3.94,148,3.89642195328059
8780,Prom and Prejudice,Elizabeth Eulberg,3.82,108,3.8955346429733813
8781,Strip Tease,Carl Hiaasen,3.82,187,3.8942567692112973
8782,Strange Pilgrims,Gabriel García Márquez,4.02,119,3.92874415496237
8783,"Jedi Search (Star Wars: The Jedi Academy Trilogy, #1)",Kevin J. Anderson,3.64,143,3.8718486212821035
8784,"Showdown (Paradise, #1)",Ted Dekker,3.93,119,3.895649411639042
8785,"Thankless in Death (In Death, #37)",J.D. Robb,4.28,172,3.9611160841104835
8786,Call for the Dead,John le Carré,3.77,130,3.9049204613772477
8787,"Marlfox (Redwall, #11)",Brian Jacques,3.99,196,3.9014875249165204
8788,Snow Country,"Yasunari Kawabata, Edward G. Seidensticker",3.7,116,3.883836519742812
8789,Getting Stoned with Savages: A Trip Through the Islands of Fiji and Vanuatu,J. Maarten Troost,3.86,144,3.929334199609308
8790,"Chromosome 6 (Jack Stapleton & Laurie Montgomery, #3)",Robin Cook,3.89,155,3.906700577055798
8791,Big Trouble,Dave Barry,3.81,177,3.9074760779065847
8792,The House of the Dead,"Fyodor Dostoyevsky, Ergin Altay",4.03,125,3.9267733705221843
8793,"A Total Waste of Makeup (Charlize Edwards, #1)",Kim Gruenenfelder,3.69,89,3.8908195702691306
8794,"Once (Once, #1)",Morris Gleitzman,4.2,76,3.922325304897403
8795,"Because I'm Worth It (Gossip Girl, #4)",Cecily von Ziegesar,3.57,129,3.87353339994089
8796,"Deadline (Virgil Flowers, #8)",John Sandford,4.19,135,3.9379740595625385
8797,"Stunning (Pretty Little Liars, #11)",Sara Shepard,3.95,130,3.897288621340615
8798,The Howling,Gary Brandner,3.92,125,3.901491826049649
8799,Sign of the Unicorn (The Chronicles of Amber #3),Roger Zelazny,4.14,173,3.9441493242759234
8800,Scat,Carl Hiaasen,3.94,143,3.9066102021783475
8801,Life After God,Douglas Coupland,3.82,137,3.8978344192990266
8802,The City of Falling Angels,John Berendt,3.52,172,3.8790337059399596
8803,Afterwards,Rosamund Lupton,3.79,145,3.902978405298881
8804,Autumn in Paris,Ilana Tan,4.07,94,3.8983106651044555
8805,Hot Water Music,Charles Bukowski,3.93,111,3.920558569304273
8806,"Warlock (Ancient Egypt, #3)",Wilbur Smith,4.02,122,3.9227653233069244
8807,What I Know for Sure,Oprah Winfrey,4.12,97,3.9212536448309776
8808,"Wisdom (My Blood Approves, #4)",Amanda Hocking,4.04,172,3.9115708648544016
8809,The Testament of Mary,Colm Tóibín,3.61,124,3.8799488465403718
8810,"Defy (Defy, #1)",Sara B. Larson,3.74,145,3.8961874900344124
8811,"Standing in the Rainbow (Elmwood Springs, #2)",Fannie Flagg,4.02,170,3.913661616339041
8812,Maitreyi,Mircea Eliade,3.92,64,3.9055029177389757
8813,The Misremembered Man (Tailorstown #1),Christina McKenna,3.72,141,3.8739251347480566
8814,Carter Beats the Devil,Glen David Gold,4.09,162,3.9250668856012867
8815,Story of the Eye,"Georges Bataille, Joachim Neugroschel, Dovid Bergelson",3.71,92,3.883217229067521
8816,"Knit Two (Friday Night Knitting Club, #2)",Kate Jacobs,3.47,176,3.843262759376692
8817,In the Night Kitchen,Maurice Sendak,4.06,207,3.9527263609476018
8818,"Will You Please Be Quiet, Please?",Raymond Carver,4.29,123,3.9535159061939744
8819,The Selected Poetry of Rainer Maria Rilke,"Rainer Maria Rilke, Stephen Mitchell, Robert Hass",4.4,195,3.989396699296595
8820,"Eternal Rider (Lords of Deliverance, #1, Demonica, #6)",Larissa Ione,4.21,150,3.9552110655811528
8821,The Story of a Shipwrecked Sailor,"Gabriel García Márquez, Randolph Hogan",3.73,104,3.900659721671422
8822,"Concealed in Death (In Death, #38)",J.D. Robb,4.25,170,3.9492092724154686
8823,"Women's Bodies, Women's Wisdom: Creating Physical and Emotional Health and Healing",Christiane Northrup,4.32,120,3.963406352797514
8824,"Mind Prey (Lucas Davenport, #7)",John Sandford,4.19,200,3.9553845399859506
8825,The Color of Secrets,Lindsay Ashford,3.85,105,3.87973024238902
8826,"Planetary, Volume 1: All Over the World and Other Stories","Warren Ellis, John Cassaday",4.21,163,3.9616000004039362
8827,"Stolen Songbird (The Malediction Trilogy, #1)",Danielle L. Jensen,3.97,115,3.8999592994229966
8828,Most Talkative: Stories from the Front Lines of Pop Culture,Andy Cohen,3.79,121,3.8950413283198393
8829,"The Green Mile, Part 2: The Mouse on the Mile",Stephen King,4.47,233,4.01373896592557
8830,A Cry In The Night,Mary Higgins Clark,3.84,156,3.8858170175429225
8831,Assata: An Autobiography,"Assata Shakur, Angela Y. Davis, Lennox S. Hinds",4.48,61,3.9431380653690544
8832,"Days of Magic, Nights of War (Abarat, #2)",Clive Barker,4.2,133,3.924935110441336
8833,The Three Billy Goats Gruff,"Paul Galdone, Peter Christen Asbjørnsen",4.14,201,3.9503491497448833
8834,True Love Story,Willow Aster,4.08,152,3.92750677816003
8835,The Moonlit Garden,"Corina Bomann, Alison Layland",3.74,107,3.8729257209217796
8836,True Compass: A Memoir,Edward M. Kennedy,3.99,97,3.913424630503881
8837,"Diamonds Are Forever (James Bond, #4)",Ian Fleming,3.59,142,3.875532995948429
8838,Lost Horizon,James Hilton,3.9,167,3.9023359909022544
8839,"Hidden Bodies (You, #2)",Caroline Kepnes,3.87,153,3.9013104931692846
8840,Passing,"Nella Larsen, Ntozake Shange, Thadious M. Davis",3.8,127,3.905467207636049
8841,"InterWorld (InterWorld, #1)","Neil Gaiman, Michael Reaves",3.51,200,3.849610432907779
8842,The Realm of Possibility,David Levithan,3.94,121,3.90118902677523
8843,The Invisible Wall: A Love Story That Broke Barriers,Harry Bernstein,4.07,151,3.921443161227828
8844,The Replacement,Brenna Yovanoff,3.56,130,3.8659980771904205
8845,Last Words,"George Carlin, Tony Hendra",4.04,99,3.9252851407352516
8846,"The Information: A History, a Theory, a Flood",James Gleick,3.98,118,3.9225273669742027
8847,Rocket Boys (Coalwood #1),Homer Hickam,4.18,132,3.956120765482441
8848,Kaleidoscope,Danielle Steel,3.88,108,3.898639509852214
8849,A Perfect Spy,John le Carré,3.99,148,3.919007212634652
8850,"The High Window (Philip Marlowe, #3)",Raymond Chandler,4.08,139,3.9374041389696104
8851,"Affliction (Anita Blake, Vampire Hunter #22)",Laurell K. Hamilton,4.01,165,3.918544027757829
8852,"Wildest Dreams (Fantasyland, #1)",Kristen Ashley,4.19,165,3.9490205014068294
8853,"Sudden Prey (Lucas Davenport, #8)",John Sandford,4.15,193,3.94860356844288
8854,Mark of the Lion Trilogy,Francine Rivers,4.76,94,3.9689376760124047
8855,"Screw It, Let's Do It: Lessons In Life",Richard Branson,3.93,66,3.910468812117955
8856,"Mrs. Piggle-Wiggle's Magic (Mrs. Piggle Wiggle, #2)","Betty MacDonald, Alexandra Boiger",4.17,138,3.9510106049780833
8857,Revolting Rhymes,"Roald Dahl, Quentin Blake",4.13,182,3.9283691408225847
8858,"The Mermaids Singing (Tony Hill & Carol Jordan, #1)",Val McDermid,3.98,103,3.925518024267597
8859,The Weight of Glory,C.S. Lewis,4.41,118,3.9471749830875815
8860,Sanctuary,Nora Roberts,3.87,181,3.889383148859625
8861,"Sunset Express (Elvis Cole, #6)",Robert Crais,4.17,130,3.9262896134798195
8862,"The Bourbon Kings (The Bourbon Kings, #1)",J.R. Ward,3.87,120,3.905727355643011
8863,The Guns of Navarone,Alistair MacLean,4.12,148,3.9378282620963696
8864,"On Her Majesty's Secret Service (James Bond, #11)",Ian Fleming,3.94,138,3.919151392355767
8865,Women Who Love Too Much: When You Keep Wishing and Hoping He'll Change,Robin Norwood,3.98,107,3.918758083230488
8866,Hero,Perry Moore,3.88,103,3.896686106555449
8867,There are No Children Here: The Story of Two Boys Growing Up in the Other America,Alex Kotlowitz,4.25,156,3.9509221586040617
8868,"At Bertram's Hotel (Miss Marple, #11)",Agatha Christie,3.7,173,3.8835566988417995
8869,"Happily Ever After (The Selection, #0.4, 0.5, 2.5, 2.6)",Kiera Cass,4.22,121,3.9150213482998595
8870,The Great Brain (Great Brain #1),"John D. Fitzgerald, Mercer Mayer",4.16,196,3.951621943284609
8871,"The Fire Eternal (The Last Dragon Chronicles, #4)",Chris d'Lacey,3.99,119,3.905654799155397
8872,"Mercy (Buchanan-Renard, #2)",Julie Garwood,4.11,136,3.92662560247862
8873,The Commitments,Roddy Doyle,3.95,168,3.925400341572801
8874,Tell-All,Chuck Palahniuk,2.84,160,3.7749886447381984
8875,What My Mother Doesn't Know (What My Mother Doesn't Know #1),Sonya Sones,3.83,114,3.9060629533667672
8876,"Angelology (Angelology, #1)",Danielle Trussoni,3.41,144,3.845516333566871
8877,The Lady & Sons Savannah Country Cookbook,"Paula H. Deen, John Berendt",4.0,108,3.9149400609660847
8878,No One Writes to the Colonel and Other Stories,"Gabriel García Márquez, J.S. Bernstein",3.86,143,3.893007844436339
8879,Wiseguy,Nicholas Pileggi,4.14,116,3.913150721702235
8880,"Transmetropolitan, Vol. 5: Lonely City (Transmetropolitan, #5)","Warren Ellis, Darick Robertson, Rodney Ramos, Patrick Stewart",4.4,140,3.9775939411820094
8881,"Benediction (Plainsong, #3)",Kent Haruf,3.97,155,3.9134406354696374
8882,سمفونی مردگان,عباس معروفی,4.08,74,3.9062563027526167
8883,After the Night,Linda Howard,4.1,126,3.9291259898511885
8884,"Evil at Heart (Archie Sheridan & Gretchen Lowell, #3)",Chelsea Cain,4.03,139,3.9161807629368655
8885,The Bookseller,Cynthia Swanson,3.66,161,3.884006024411099
8886,The Climb: Tragic Ambitions on Everest,"Anatoli Boukreev, G. Weston DeWalt",3.89,116,3.9108364426001754
8887,"The Thousand Names (The Shadow Campaigns, #1)",Django Wexler,4.04,142,3.9163709298514764
8888,An Old-Fashioned Girl,Louisa May Alcott,4.05,130,3.92171050945784
8889,"Beautiful Burn (The Maddox Brothers, #4)",Jamie McGuire,4.11,128,3.9292343350474717
8890,"Fruits Basket, Vol. 2","Natsuki Takaya, Alethea Nibley, Athena Nibley",4.34,134,3.963796150454696
8891,Misquoting Jesus: The Story Behind Who Changed the Bible and Why,Bart D. Ehrman,3.91,133,3.914274941401513
8892,Wait for It,Mariana Zapata,4.22,88,3.94040627654546
8893,"The Other Wind (Earthsea Cycle, #6)",Ursula K. Le Guin,4.06,168,3.93281708858756
8894,"The Paris Vendetta (Cotton Malone, #5)","Steve Berry, Scott Brick",3.9,145,3.909014774422853
8895,Moriarty (Sherlock Holmes #2),Anthony Horowitz,3.74,133,3.8990461284874796
8896,Richard II,"William Shakespeare, Roma Gill, Robert          Jackson",3.76,183,3.879276227200622
8897,Prisoner of My Desire,Johanna Lindsey,4.06,110,3.9305721774336257
8898,Blood Memory,Greg Iles,4.09,160,3.930177781498625
8899,Selected Poems,"George Gordon Byron, Peter J. Manning, Susan J. Wolfson",4.05,172,3.9270999634272035
8900,After I'm Gone,Laura Lippman,3.61,162,3.8632327203625176
8901,Shadows of the Workhouse,Jennifer Worth,4.12,120,3.9418728605265
8902,Hunting and Gathering,"Anna Gavalda, Alison Anderson",4.1,100,3.9315920335410506
8903,One Up On Wall Street: How To Use What You Already Know To Make Money In The Market,"Peter Lynch, John Rothchild",4.12,71,3.917219915721735
8904,Against a Dark Background,Iain M. Banks,4.09,133,3.936356720126861
8905,I Still Dream About You,Fannie Flagg,3.55,179,3.85464377292916
8906,A Modest Proposal and Other Satirical Works,Jonathan Swift,4.04,254,3.9459090012846736
8907,The Book on the Taboo Against Knowing Who You Are,Alan W. Watts,4.28,98,3.9502599394059352
8908,Mother Courage and Her Children,"Bertolt Brecht, David Hare",3.66,133,3.8967618065503746
8909,"Up from the Grave (Night Huntress, #7)",Jeaniene Frost,4.28,168,3.9825092935864475
8910,"Sun and Moon, Ice and Snow",Jessica Day George,3.97,147,3.9340143754558934
8911,"The Blood Mirror (Lightbringer, #4)",Brent Weeks,4.29,152,3.959031209594391
8912,Galveston,Nic Pizzolatto,3.72,109,3.9002693558850594
8913,Extra Yarn (E. B. White Read-Aloud Award. Picture Books),"Mac Barnett, Jon Klassen",4.07,66,3.9265163127197362
8914,We the Animals,Justin Torres,3.61,147,3.8790155055696585
8915,Breaking the Spell: Religion as a Natural Phenomenon,Daniel C. Dennett,3.89,104,3.919346944282961
8916,The Faerie Queene ,"Edmund Spenser, Thomas P. Roche, C. Patrick O'Donnell",3.55,165,3.862051052213341
8917,"Her Daughter's Dream (Marta's Legacy, #2)",Francine Rivers,4.34,106,3.943572479625754
8918,"Rock Chick Revolution (Rock Chick, #8)",Kristen Ashley,4.46,172,3.98995583860283
8919,Tampa,Alissa Nutting,3.34,121,3.8512389768251802
8920,The Fuck-Up,Arthur Nersesian,3.56,106,3.8549461871589887
8921,"Meg (MEG, #1)",Steve Alten,3.76,123,3.8752530350207985
8922,"Seeing Redd (The Looking Glass Wars, #2)",Frank Beddor,3.85,157,3.9135700893910172
8923,Appointment in Samarra,John O'Hara,3.83,134,3.914340166280611
8924,Each Peach Pear Plum,"Janet Ahlberg, Allan Ahlberg",4.24,144,3.945946749635737
8925,"The Phoenix Project: A Novel About IT, DevOps, and Helping Your Business Win","Gene Kim, Kevin Behr, George Spafford",4.24,80,3.9241587562823192
8926,Humans of New York,Brandon Stanton,4.5,105,3.9684254886350327
8927,The Chronicles of Harris Burdick: 14 Amazing Authors Tell the Tales,"Chris Van Allsburg, Lois Lowry, Kate DiCamillo, M.T. Anderson, Louis Sachar, Stephen King, Tabitha King, Jon Scieszka, Sherman Alexie, Gregory Maguire, Cory Doctorow, Jules Feiffer, Linda Sue Park, Walter Dean Myers, Lemony Snicket",3.91,84,3.922025848724675
8928,The Freedom Writers Diary,"Erin Gruwell, Zlata Filipović, The Freedom Writers",4.09,110,3.9119718519279294
8929,The Post-American World,Fareed Zakaria,3.86,103,3.916946373055877
8930,Them: Adventures with Extremists,Jon Ronson,3.94,133,3.9127520601101096
8931,The Ladies of Grace Adieu and Other Stories,"Susanna Clarke, Charles Vess",3.85,173,3.907941535906752
8932,The Unofficial Harry Potter Cookbook: From Cauldron Cakes to Knickerbocker Glory--More Than 150 Magical Recipes for Wizards and Non-Wizards Alike (Unofficial Cookbook),Dinah Bucholz,4.1,88,3.899406513082557
8933,"Red Notice: A True Story of High Finance, Murder, and One Man’s Fight for Justice",Bill Browder,4.39,100,3.9550240416641467
8934,The Automatic Millionaire: A Powerful One-Step Plan to Live and Finish Rich,David Bach,3.9,109,3.8925132091387633
8935,Forgotten,Cat Patrick,3.79,108,3.8807865252989266
8936,Ghettoside: A True Story of Murder in America,Jill Leovy,4.12,125,3.9413294112790984
8937,Lady Cottington's Pressed Fairy Book,"Terry Jones, Brian Froud",3.99,124,3.9259505332688853
8938,That Night,Chevy Stevens,3.92,112,3.9074652019984577
8939,Salmon Fishing in the Yemen,Paul Torday,3.51,143,3.8771384270706624
8940,The Rest Is Noise: Listening to the Twentieth Century,Alex  Ross,4.08,89,3.9380897191700996
8941,"Cross My Heart (Cross My Heart, #1)",Katie Klein,3.92,176,3.890449959848564
8942,Something like Normal,Trish Doller,3.81,107,3.8962303119262076
8943,"No Place to Hide: Edward Snowden, the NSA, and the U.S. Surveillance State",Glenn Greenwald,4.08,102,3.9324785779791056
8944,Pastwatch: The Redemption of Christopher Columbus,Orson Scott Card,3.96,189,3.9009839191868894
8945,"The Next Accident (Quincy & Rainie, #3)",Lisa Gardner,4.16,133,3.9264579917327396
8946,The Divan,Hafez,4.63,75,3.9676708998188537
8947,Once a Runner,John L. Parker Jr.,4.05,102,3.934038275397806
8948,"Zita the Spacegirl (Zita the Spacegirl, #1)",Ben Hatke,4.04,63,3.9247303792669563
8949,"Paradiso (The Divine Comedy, #3)","Dante Alighieri, Dorothy L. Sayers, Barbara Reynolds",3.94,154,3.904382283251598
8950,Restless,William  Boyd,3.84,111,3.898874994612102
8951,"The Ear, the Eye, and the Arm",Nancy Farmer,3.85,180,3.9157665813001596
8952,"Take This Regret (Take This Regret, #1)","Amy Lichtenhan, A.L. Jackson",4.06,171,3.930006127834387
8953,"Stay Out of the Basement  (Goosebumps, #2)",R.L. Stine,3.64,116,3.8645508605589813
8954,The Girl You Lost,Kathryn Croft,3.89,93,3.900586884899558
8955,Willing Captive,Belle Aurora,4.11,116,3.9146935744369418
8956,"One Day at Horrorland (Goosebumps, #16)",R.L. Stine,3.87,110,3.8910464857340212
8957,The Sweet Life in Paris: Delicious Adventures in the World's Most Glorious - and Perplexing - City,David Lebovitz,3.85,138,3.9077731021335107
8958,"Talon (Talon, #1)",Julie Kagawa,3.77,127,3.8894035650138505
8959,"Radiance (Wraith Kings, #1)",Grace Draven,4.12,111,3.9128144354856405
8960,The Red House,Mark Haddon,2.93,152,3.8141689413364914
8961,Footfall,"Larry Niven, Jerry Pournelle",3.89,135,3.9022407667776227
8962,"Twelfth Grade Kills (The Chronicles of Vladimir Tod, #5)",Heather Brewer,4.36,102,3.935597972816507
8963,Ice Station Zebra,Alistair MacLean,3.95,123,3.905177073998778
8964,A. Lincoln,Ronald C. White Jr.,4.22,59,3.9325565081437968
8965,Four Great Tragedies: Hamlet / Othello / King Lear / Macbeth,"William Shakespeare, Sylvan Barnet, Alvin Kernan, Russell Fraser",4.41,179,3.9664660343872633
8966,Ain't She Sweet,Susan Elizabeth Phillips,4.05,149,3.939379583647489
8967,"Promised (One Night, #1)",Jodi Ellen Malpas,4.14,100,3.9386216359779795
8968,Bruiser,Neal Shusterman,4.04,131,3.9133815912015613
8969,Stone Soup,Jon J. Muth,4.15,176,3.944272860386793
8970,"Falling Free (Vorkosigan Saga, #4)",Lois McMaster Bujold,3.82,133,3.9043762130073913
8971,"If I Stay Collection (If I Stay, #1-2)",Gayle Forman,4.24,54,3.927422247867299
8972,"The Cold Moon (Lincoln Rhyme, #7)",Jeffery Deaver,4.05,166,3.9334600613107087
8973,The Moor's Last Sigh,Salman Rushdie,3.92,153,3.919310943180535
8974,"The Dressmaker of Khair Khana: Five Sisters, One Remarkable Family, and the Woman Who Risked Everything to Keep Them Safe",Gayle Tzemach Lemmon,3.69,129,3.885753670314372
8975,Girl With Curious Hair,David Foster Wallace,3.89,126,3.899270673308281
8976,Rita Hayworth and Shawshank Redemption: A Story from Different Seasons,Stephen King,4.52,170,3.998087299520556
8977,Drop Dead Healthy: One Man's Humble Quest for Bodily Perfection,A.J. Jacobs,3.75,129,3.896446406891169
8978,The Revenge of the Baby-Sat,Bill Watterson,4.71,176,4.029062361234688
8979,The Case-Book of Sherlock Holmes,Arthur Conan Doyle,4.2,162,3.948161573822996
8980,"Ghostgirl (Ghostgirl, #1)",Tonya Hurley,3.28,103,3.8623995017085697
8981,"I've Got You Under My Skin (Under Suspicion, #1)","Mary Higgins Clark, Alafair Burke",3.75,99,3.883074556822174
8982,"Fables, Vol. 10: The Good Prince","Bill Willingham, Mark Buckingham, Steve Leialoha, Aaron Alexovich, Andrew Pepoy",4.37,178,3.998098564781423
8983,The Secret Between Us,Barbara Delinsky,3.71,146,3.885710081084677
8984,Red Phoenix (Red Phoenix #1),"Larry Bond, Patrick Larkin",3.98,121,3.9196321221414023
8985,Never Look Away,Linwood Barclay,3.99,95,3.9140729871736903
8986,Your Heart Belongs to Me,Dean Koontz,3.34,188,3.841714010482063
8987,Shadow Fires,"Leigh Nichols, Dean Koontz",3.77,190,3.8791631617475058
8988,"Victory of Eagles (Temeraire, #5)",Naomi Novik,4.01,149,3.9265908978730213
8989,"Knife Edge (Noughts & Crosses, #2)",Malorie Blackman,4.06,102,3.919221149920149
8990,"The Blood Gospel (The Order of the Sanguines, #1)","James Rollins, Rebecca Cantrell",3.97,131,3.9103311832094922
8991,"Fallen Crest Public (Fallen Crest High, #3)",Tijan,4.47,108,3.9459887297544105
8992,I Am Not Myself These Days,Josh Kilmer-Purcell,3.96,101,3.8926225556408394
8993,Sometimes It Happens,Lauren Barnholdt,3.85,80,3.8916268194418846
8994,"Bones Are Forever (Temperance Brennan, #15)",Kathy Reichs,3.86,143,3.910388634884461
8995,Deerskin,Robin McKinley,3.88,170,3.8899631789547557
8996,Dispatches,Michael Herr,4.24,125,3.9520549149947195
8997,"The Troubled Man (Kurt Wallander, #10)","Henning Mankell, Laurie Thompson",3.98,117,3.924009312065526
8998,Sleepers,Lorenzo Carcaterra,4.18,145,3.9308966124972513
8999,"The Work of Art in the Age of Its Technological Reproducibility, and Other Writings on Media","Walter Benjamin, Michael W. Jennings, Brigid Doherty, Edmund F.N. Jephcott, Rodney Livingstone, Howard Eiland, Thomas Y. Levin",4.05,55,3.9339571606432506
9000,Pretend You Don't See Her,Mary Higgins Clark,3.86,149,3.891233943084787
9001,Going Rogue: An American Life,"Sarah Palin, Lynn Vincent, Dewey Whetsell",3.28,95,3.8623204583569413
9002,The Cake Mix Doctor,"Anne Byrn, Anthony Loew",3.95,102,3.8997249321863894
9003,"The Monstrumologist (The Monstrumologist, #1)",Rick Yancey,3.89,133,3.902091891070286
9004,"The Path to Power (The Years of Lyndon Johnson, #1)",Robert A. Caro,4.42,114,3.977143846513642
9005,"Depraved Heart (Kay Scarpetta, #23)",Patricia Cornwell,3.58,101,3.873891579288697
9006,The Education of Little Tree,Forrest Carter,4.09,177,3.926631754617702
9007,"Intertwined (Intertwined, #1)",Gena Showalter,3.87,159,3.9032459348485085
9008,In Watermelon Sugar,Richard Brautigan,4.02,112,3.930679625893838
9009,My Life with the Walter Boys (My Life with the Walter Boys #1),"Ali Novak, Fallzswimmer",3.93,105,3.8968468688575486
9010,"Burning For Revenge (Tomorrow, #5)",John Marsden,4.18,136,3.94257941240037
9011,Love You to Death: The Unofficial Companion to the Vampire Diaries,Crissy Calhoun,4.38,68,3.93624712051799
9012,The Husband's Secret Free Preview,Liane Moriarty,3.99,132,3.9073514292026266
9013,"Hourglass (Hourglass, #1)",Myra McEntire,3.8,145,3.899960220736895
9014,Positioning: The Battle for Your Mind: How to Be Seen and Heard in the Overcrowded Marketplace,"Al Ries, Jack Trout",4.06,81,3.927390216873549
9015,Play of Passion (Psy-Changeling #9),Nalini Singh,4.28,128,3.9422282966770674
9016,"Fury (New Species, #1)",Laurann Dohner,4.18,89,3.9128789730895828
9017,Epileptic,David B.,3.9,96,3.911789767721231
9018,August: Osage County,Tracy Letts,4.2,125,3.9436277335038743
9019,"Mountain of Black Glass (Otherland, #3)",Tad Williams,4.04,184,3.915280569187574
9020,"Mr. Churchill's Secretary (Maggie Hope Mystery, #1)",Susan Elia MacNeal,3.66,117,3.887009389148699
9021,Lost,"Gregory Maguire, Douglas Smith",2.8,199,3.7320505187722817
9022,The Prestige,Christopher Priest,3.87,171,3.9018850592337806
9023,Rhett Butler's People,Donald McCaig,3.7,135,3.8832336961473484
9024,Angels in America,Tony Kushner,4.29,126,3.9689330785750654
9025,Anil's Ghost,Michael Ondaatje,3.54,141,3.870897813170822
9026,Winter Moon,Dean Koontz,3.8,185,3.8904396693346572
9027,"The Will (Magdalene, #1)",Kristen Ashley,4.3,164,3.960140802307972
9028,"A Grimm Warning (The Land of Stories, #3)","Chris Colfer, Brandon Dorman",4.54,83,3.9425451441008525
9029,"Spell or High Water (Magic 2.0, #2)",Scott  Meyer,4.01,150,3.925142659958361
9030,"The Billionaire Wins the Game (Billionaire Bachelors, #1)",Melody Anne,3.93,76,3.9207333284586543
9031,"Never Love a Highlander (McCabe Trilogy, #3)",Maya Banks,4.25,129,3.950673856673495
9032,The Pragmatic Programmer: From Journeyman to Master,"Andrew Hunt, Dave Thomas",4.31,63,3.9327734903423206
9033,Supernova: Petir,Dee Lestari,3.85,123,3.90440979094806
9034,"Babylon's Ashes (The Expanse, #6)",James S.A. Corey,4.18,138,3.926736919170604
9035,"Wrong Bed, Right Guy (Come Undone, #1)",Katee Robert,3.77,146,3.8736464454064747
9036,Drop City,"T.C. Boyle, Richard Poe",3.83,128,3.9070681652087496
9037,Y: The Last Man - The Deluxe Edition Book One,"Brian K. Vaughan, Pia Guerra, José Marzán Jr., Pamela Rambo, Clem Robins, J.G. Jones",4.36,143,3.9572412004402686
9038,Candy Girl: A Year in the Life of an Unlikely Stripper,Diablo Cody,3.54,120,3.8749652238272763
9039,حول العالم في 200 يوم,أنيس منصور,4.08,103,3.930972711402328
9040,"Alert (Michael Bennett, #8)","James Patterson, Michael Ledwidge",3.93,109,3.9064742732820967
9041,"Unattainable (Undeniable, #3)",Madeline Sheehan,4.31,129,3.956020224961893
9042,The Painter,Peter Heller,3.76,159,3.91071252187158
9043,Close Encounters Of The Third Kind,Steven Spielberg,4.09,149,3.9341136542109436
9044,"Vampire Chronicles: Interview with the Vampire, The Vampire Lestat, The Queen of the Damned (Anne Rice)","Anne Rice, Robert O'Keefe, F. Murray Abraham, Michael York, Kate Nelligan, David Purdham",4.25,168,3.9402338356023194
9045,The Berenstain Bears Forget Their Manners,"Stan Berenstain, Jan Berenstain",4.15,152,3.9335114317665747
9046,"Hot Ticket (Sinners on Tour, #3)",Olivia Cunning,4.28,147,3.9468223314567976
9047,"The Search (Eve Duncan, #3)",Iris Johansen,4.14,126,3.927594947977193
9048,Harry Potter Schoolbooks Box Set: Two Classic Books from the Library of Hogwarts School of Witchcraft and Wizardry,J.K. Rowling,4.4,95,3.947790543827027
9049,Zami: A New Spelling of My Name,Audre Lorde,4.2,108,3.9304643953602474
9050,"The Infernal Devices: Clockwork Angel (The Infernal Devices: Manga, #1)","Cassandra Clare, Hye-Kyung Baek",4.21,94,3.9391173825179373
9051,Hafalan Shalat Delisa,Tere Liye,4.2,67,3.9129457873347286
9052,"Sixth Grave on the Edge (Charley Davidson, #6)",Darynda Jones,4.38,162,3.9600814129051685
9053,"The Royal Ranger (Ranger's Apprentice, #12)",John Flanagan,4.4,132,3.964502995155534
9054,The Submission,Amy Waldman,3.66,180,3.8856261710965283
9055,The Lord of the Rings Sketchbook,"Alan Lee, Ian McKellen",4.26,74,3.943727402170619
9056,"Glimmerglass (Faeriewalker, #1)",Jenna Black,3.76,125,3.901491826049649
9057,Don't Blink,"James Patterson, Howard Roughan",3.79,183,3.8910124554702614
9058,Shadows over Innsmouth,"Stephen Jones, H.P. Lovecraft, Kim Newman, Brian Mooney, Nicholas Royle, David Langford, Michael Marshall Smith, Brian Lumley, Neil Gaiman, Basil Copper, Jack Yeovil, Guy N. Smith, Adrian Cole, D.F. Lewis, Ramsey Campbell, David Sutton, Peter Tremayne",4.43,139,3.9593854927178103
9059,"The Tin Roof Blowdown (Dave Robicheaux, #16)",James Lee Burke,4.17,133,3.9371181607725627
9060,The Death of Bunny Munro,Nick Cave,3.43,82,3.8886297081063197
9061,"Flat Stanley (Flat Stanley, #1)","Jeff Brown, Scott Nash, Macky Pamintuan",3.82,116,3.9270363963145933
9062,"Winter's Passage (Iron Fey, #1.5)",Julie Kagawa,3.96,148,3.9114787928499646
9063,Freight Train,Donald Crews,4.04,160,3.9391310009271114
9064,Rosemary: The Hidden Kennedy Daughter,Kate Clifford Larson,3.78,134,3.905970692035766
9065,Faith,Jennifer Haigh,3.83,194,3.8940677294205104
9066,Bite Me If You Can (Argeneau #6),Lynsay Sands,4.27,123,3.934333829926039
9067,"The Golden Dynasty (Fantasyland, #2)",Kristen Ashley,4.46,168,3.9832509682879236
9068,Moonlight Becomes You,Mary Higgins Clark,3.8,161,3.89220702344189
9069,A Corner of the Universe,Ann M. Martin,4.06,121,3.9242428959829456
9070,The Ice Queen,Alice Hoffman,3.51,176,3.851373059457795
9071,"The Folk of the Faraway Tree (The Faraway Tree, #3)",Enid Blyton,4.32,129,3.9613665932502915
9072,City on Fire,Garth Risk Hallberg,3.42,153,3.84355904938319
9073,The Flame and the Flower,Kathleen E. Woodiwiss,4.09,114,3.9346498343062715
9074,"Exile's Return (Conclave of Shadows, #3)",Raymond E. Feist,4.0,142,3.9284710584153424
9075,"Princess of Glass (The Princesses of Westfalin Trilogy, #2)",Jessica Day George,4.03,121,3.9211690467552502
9076,Preach My Gospel: A Guide To Missionary Service,The Church of Jesus Christ of Latter-day Saints,4.71,112,3.9786561019442908
9077,"The Last Dragonslayer (The Chronicles of Kazam, #1)",Jasper Fforde,3.86,142,3.9186397039572016
9078,Orientalism,Edward Said,4.07,116,3.929350675416653
9079,"Like a Fire Burning (The Work and the Glory, #2)",Gerald N. Lund,4.27,146,3.9309487148779367
9080,Friends and Lovers,Eric Jerome Dickey,4.21,66,3.910468812117955
9081,"Molly Moon's Incredible Book of Hypnotism (Molly Moon, #1)",Georgia Byng,3.87,131,3.8912661332590615
9082,Contest,Matthew Reilly,3.95,116,3.912379295334882
9083,Songbook,Nick Hornby,3.56,127,3.869515245576843
9084,The Greatest Generation,Tom Brokaw,3.99,153,3.919310943180535
9085,The Minority Report,Philip K. Dick,3.82,182,3.9195605083627743
9086,"Luck in the Shadows (Nightrunner, #1)",Lynn Flewelling,4.08,115,3.9053634529009553
9087,"The Lemonade War (The Lemonade War, #1)",Jacqueline Davies,3.88,97,3.907944320474914
9088,"The Knight at Dawn (Magic Tree House, #2)","Mary Pope Osborne, Salvatore Murdocca",3.86,104,3.9131178700791147
9089,"The Arrangement: The Ferro Family (The Arrangement, #1)",H.M. Ward,4.02,113,3.919908204239239
9090,Winter in Tokyo,Ilana Tan,4.06,86,3.9039858489636003
9091,Help for the Haunted,John Searles,3.6,121,3.8812090067952103
9092,"Death Note, Vol. 6: Give-and-Take (Death Note, #6)","Tsugumi Ohba, Takeshi Obata",4.39,121,3.9588236997945185
9093,"The Lightning Thief: The Graphic Novel (Percy Jackson and the Olympians, #1)","Rick Riordan, Robert Venditti, José Villarrubia, Attila Futaki",3.95,103,3.9083747218441576
9094,Mrs. Kennedy and Me: An Intimate Memoir,"Clint Hill, Lisa McCubbin",4.14,97,3.9290826591580736
9095,Shoeless Joe,W.P. Kinsella,3.96,137,3.9373091023628692
9096,When Crickets Cry,Charles Martin,4.23,135,3.920487554582686
9097,This Changes Everything: Capitalism vs. The Climate,Naomi Klein,4.17,77,3.9247731492425095
9098,"Aloha from Hell (Sandman Slim, #3)",Richard Kadrey,4.01,122,3.9127829843681234
9099,"Until Lilly (Until, #3)",Aurora Rose Reynolds,4.3,130,3.9339214535164526
9100,A Walk Across America,Peter Jenkins,4.02,114,3.9307867422874194
9101,"Try Me (One Night with Sole Regret, #1)",Olivia Cunning,3.87,141,3.8996573681545503
9102,All Souls: A Family Story from Southie,Michael Patrick MacDonald,4.07,122,3.9373548956020943
9103,"Wizard at Large (Magic Kingdom of Landover, #3)",Terry Brooks,3.81,175,3.884466376848378
9104,The Bad Seed,"William March, Elaine Showalter",4.05,139,3.9199706515141415
9105,"Connected (Connections, #1)",Kim Karr,4.11,126,3.9207052595442144
9106,"Angel Fire (Angel, #2)",L.A. Weatherly,4.06,108,3.9351216956784967
9107,Growing Up Amish,Ira Wagler,3.36,103,3.8514901274391082
9108,"Taking Shots (Assassins, #1)",Toni Aleo,3.95,87,3.917475957186623
9109,"Sweet Addiction (Sweet Addiction, #1)",J.  Daniels,4.11,98,3.9174038023489066
9110,Bomb: The Race to Build—and Steal—the World's Most Dangerous Weapon,Steve Sheinkin,4.12,111,3.94379097076017
9111,Maximum City: Bombay Lost and Found,Suketu Mehta,3.91,102,3.9161017550827473
9112,Bambi,Bob Grant,4.22,182,3.972412303121638
9113,The Last Wife of Henry VIII,Carolly Erickson,3.88,102,3.9106428141172946
9114,The Complete Tales and Poems,Edgar Allan Poe,4.48,107,3.95992952733831
9115,"Gideon's Sword (Gideon Crew, #1)","Douglas Preston, Lincoln Child",3.58,176,3.8683309596273743
9116,"A Caribbean Mystery (Miss Marple, #10)",Agatha Christie,3.77,181,3.8989328440039723
9117,Accident,Danielle Steel,3.93,94,3.8951716868418798
9118,George Washington's Secret Six: The Spy Ring That Saved the American Revolution,"Brian Kilmeade, Don Yaeger",3.77,98,3.8822007983592326
9119,"When Christ and His Saints Slept  (Henry II & Eleanor of Aquitaine, #1)",Sharon Kay Penman,4.27,118,3.951026173105297
9120,Pinocchio,"Eugene Bradley Coco, Ron Dias",4.33,133,3.946255448520983
9121,Great North Road,Peter F. Hamilton,4.06,128,3.945285699413443
9122,"Fall From Grace (Mad World, #1)",Christine Zolendz,4.03,156,3.9314654497811925
9123,The Complete Short Novels,"Anton Chekhov, Richard Pevear, Larissa Volokhonsky",4.47,99,3.952643852530765
9124,The Berenstain Bears Go to School,"Stan Berenstain, Jan Berenstain",4.28,123,3.9466103587375176
9125,Curious George Takes a Job,H.A. Rey,4.28,149,3.960443301393671
9126,Superman for All Seasons,"Jeph Loeb, Tim Sale, Bjarne Hansen",4.08,101,3.931645423041136
9127,La casa de Bernarda Alba,"Federico García Lorca, Antonio Sobejano-Moran, Paola Bianco",3.77,101,3.9090121599489636
9128,"Retribution (Dark-Hunter, #19)",Sherrilyn Kenyon,4.12,160,3.947338118736557
9129,Glue,Irvine Welsh,3.84,98,3.905669467685682
9130,"Unhinged (Splintered, #2)",A.G. Howard,4.25,106,3.942017632389495
9131,How to Fall in Love,Cecelia Ahern,4.02,96,3.918841401349688
9132,"Until You (Westmoreland, #3)",Judith McNaught,4.12,129,3.908666677264651
9133,"Servant of the Shard (Forgotten Realms: Paths of Darkness, #3; The Sellswords, #1)",R.A. Salvatore,4.15,143,3.9300364849562515
9134,Streams in the Desert,"Lettie B. Cowman, James Reimann",4.39,107,3.9467235924358013
9135,"Venom (Elemental Assassin, #3)",Jennifer Estep,4.16,132,3.9454524731712315
9136,The Shadowhunter's Codex,"Cassandra Clare, Joshua Lewis",4.06,119,3.9171994770588836
9137,"Tennis Shoes Among the Nephites (Tennis Shoes, #1)",Chris Heimerdinger,4.01,127,3.906997078361973
9138,"Blue is for Nightmares (Blue is for Nightmares, #1)",Laurie Faria Stolarz,3.81,117,3.881613567056662
9139,Carrie / 'Salem's Lot / The Shining,Stephen King,4.52,147,3.9859996086360336
9140,"Personal Demon (Women of the Otherworld, #8)",Kelley Armstrong,4.06,157,3.938246676544236
9141,"The Way of Kings, Part 1 (The Stormlight Archive #1.1)",Brandon Sanderson,4.67,170,4.019564008400065
9142,The Christmas List,Richard Paul Evans,4.17,122,3.9388906400542174
9143,How to Make Love Like a Porn Star: A Cautionary Tale,"Jenna Jameson, Neil Strauss",3.75,94,3.894386942276236
9144,The Tenth Justice,Brad Meltzer,3.97,145,3.927878427935265
9145,Stella Bain,Anita Shreve,3.41,143,3.872604307823326
9146,"Dark Days (Skulduggery Pleasant, #4)",Derek Landy,4.45,106,3.961453222842733
9147,"The Green Mile, Part 3: Coffey's Hands",Stephen King,4.5,219,4.0081592800275905
9148,"Jacob (Nightwalkers, #1)",Jacquelyn Frank,4.02,122,3.9173902177244933
9149,You Slay Me (Aisling Grey #1),Katie MacAlister,4.01,164,3.9155079078647677
9150,Perfect,Rachel Joyce,3.54,119,3.8871833145098185
9151,Clifford's Halloween,Norman Bridwell,4.14,119,3.931822735736633
9152,"Lyra's Oxford (His Dark Materials, #3.5)","Philip Pullman, John Lawrence",3.52,173,3.868778009711525
9153,"If I Die (Soul Screamers, #5)",Rachel Vincent,4.32,126,3.942139845780148
9154,Private Berlin (Private #5),"James Patterson, Mark T. Sullivan",3.9,148,3.9039503730652774
9155,The Other Daughter,Lisa Gardner,3.99,137,3.916053503790031
9156,Amazing Grace,"Mary Hoffman, Caroline Binch",4.33,146,3.9535680317745663
9157,The Redemption of Althalus,"David Eddings, Leigh Eddings",3.82,182,3.881389767703595
9158,Slammerkin,Emma Donoghue,3.69,159,3.8681529758400712
9159,"Simply Irresistible (Chinooks Hockey Team, #1)",Rachel Gibson,3.86,133,3.897523247196076
9160,"About That Night (FBI/US Attorney, #3)",Julie James,4.07,130,3.927052797483483
9161,"Ouran High School Host Club, Vol. 3 (Ouran High School Host Club, #3)",Bisco Hatori,4.44,114,3.9609188600344645
9162,On the Night You Were Born,Nancy Tillman,4.35,115,3.952456790351739
9163,MWF Seeking BFF: My Yearlong Search For A New Best Friend,Rachel Bertsche,3.44,148,3.8550156444648103
9164,"Skin Deep (Legion, #2)","Brandon Sanderson, Jon Foster",4.11,198,3.9342793880451334
9165,"Wicked (A Wicked Saga, #1)",Jennifer L. Armentrout,4.08,157,3.931516698229722
9166,"Insatiable (Insatiable, #1)",Meg Cabot,3.44,189,3.8403690064577574
9167,"Where I Belong (Alabama Summer, #1)",J.  Daniels,4.05,96,3.900820559854742
9168,"Back on Blossom Street (Blossom Street, #4)",Debbie Macomber,4.14,101,3.9246213069090823
9169,Hector and the Search for Happiness,"François Lelord, Lorenza García",3.47,110,3.8747712009165367
9170,"Between, Georgia",Joshilyn Jackson,3.87,147,3.8993575533358
9171,"Faking It (Dempseys, #2)",Jennifer Crusie,3.9,153,3.9050605869216284
9172,Underground: The Tokyo Gas Attack and the Japanese Psyche,"Haruki Murakami, Alfred Birnbaum, Philip Gabriel",3.89,140,3.9170016515508648
9173,"The Twentieth Wife (Taj Mahal Trilogy, #1)",Indu Sundaresan,4.03,107,3.915650804429897
9174,"Captured (The Captive, #1)",Erica Stevens,4.06,82,3.917149077511374
9175,Split Infinity  (Apprentice Adept #1),Piers Anthony,3.94,179,3.924532686340475
9176,Sex God: Exploring the Endless Connections between Sexuality and Spirituality,Rob Bell,3.82,118,3.9017309408785392
9177,A Vintage Affair,Isabel Wolff,3.8,135,3.887035110273403
9178,The Buddha of Suburbia,Hanif Kureishi,3.72,126,3.895443068623293
9179,"Breathe (Breathe, #1)",Sarah Crossan,3.69,102,3.8888070502554837
9180,The Voice of the Night,"Brian Coffey, Dean Koontz",3.91,167,3.8904603878442865
9181,The Girl from Krakow,Alex Rosenberg,3.79,85,3.8952163759919443
9182,Justice: What's the Right Thing to Do?,Michael J. Sandel,4.25,77,3.941475606889849
9183,13 Hours: The Inside Account of What Really Happened In Benghazi,Mitchell Zuckoff,4.26,100,3.9417459037277256
9184,"Succubus Shadows (Georgina Kincaid, #5)",Richelle Mead,4.18,179,3.9657303616145128
9185,Roses,Leila Meacham,4.02,137,3.9099804756263628
9186,Crazy For You,Jennifer Crusie,3.78,147,3.896343916629705
9187,Letter to My Daughter,Maya Angelou,4.08,109,3.9258646401478376
9188,The Post-Birthday World,Lionel Shriver,3.52,147,3.866960958745278
9189,The Man Who Walked Between the Towers,Mordicai Gerstein,4.14,130,3.9392637415420957
9190,"City of Bones / City of Ashes / City of Glass / City of Fallen Angels / City of Lost Souls (The Mortal Instruments, #1-5)",Cassandra Clare,4.59,102,3.9597732828063688
9191,The Double,"José Saramago, Margaret Jull Costa",3.84,110,3.8964715806731824
9192,"Thorn Queen (Dark Swan, #2)",Richelle Mead,4.12,171,3.945546718376828
9193,"Lost & Found (Rocky Pelligrino, #1)",Jacqueline Sheehan,3.71,117,3.8846968939663973
9194,The Tale of Mrs. Tiggy-Winkle,Beatrix Potter,4.19,155,3.9441453460215734
9195,"For Love of Evil (Incarnations of Immortality, #6)",Piers Anthony,4.1,169,3.9321257544968558
9196,Blackberry Winter,Sarah Jio,3.96,113,3.895938514298776
9197,Trouble Is My Business,Raymond Chandler,4.05,98,3.936961026787614
9198,"An Acceptable Time (A Wrinkle in Time Quintet, #5)",Madeleine L'Engle,3.86,199,3.893001725906335
9199,The Third Secret,Steve Berry,3.84,147,3.913672327689752
9200,"Charlie Bone and the Shadow (The Children of the Red King, #7)",Jenny Nimmo,4.02,143,3.9239909926264698
9201,Love Bites (Argeneau #2),Lynsay Sands,4.12,145,3.9233511510922865
9202,Hard Choices,Hillary Rodham Clinton,3.57,85,3.8967970288015548
9203,"Batman: No Man's Land, Vol. 1","Bob Gale, Devin Grayson, Alex Maleev, Dale Eaglesham",4.11,93,3.9225769893525544
9204,The End of Poverty,"Jeffrey D. Sachs, Bono",3.66,106,3.883710861029781
9205,Half Blood Blues,Esi Edugyan,3.63,134,3.8679276272864698
9206,The Kindness of Strangers,Katrina Kittle,4.0,137,3.9046665759831534
9207,Emmy & Oliver,Robin Benway,3.91,119,3.9071940895425286
9208,The Sculptor,Scott McCloud,4.0,91,3.9389737123752124
9209,Roller Girl,Victoria Jamieson,4.27,72,3.9436375313763534
9210,The Best Nest,P.D. Eastman,4.19,138,3.9411494201187947
9211,"Beyond Exile (Day by Day Armageddon,# 2)",J.L. Bourne,4.08,101,3.9019880438169103
9212,Braveheart,Randall Wallace,4.19,108,3.932793045519372
9213,"Fables, Vol. 7: Arabian Nights [and Days] (Fables, #7)","Bill Willingham, Mark Buckingham, Steve Leialoha, Jim Fern, Jimmy Palmiotti, Andrew Pepoy",4.1,166,3.9475728147831886
9214,Call Me by Your Name,André Aciman,4.13,87,3.909585165740241
9215,Fugitive Pieces,Anne Michaels,3.95,150,3.9146187179903835
9216,"Armageddon's Children (Genesis of Shannara, #1)",Terry Brooks,4.09,162,3.9340067649129162
9217,The Cobra Event,Richard   Preston,4.0,155,3.9254229615386858
9218,"Everbound (Everneath, #2)",Brodi Ashton,4.06,116,3.9185507062737077
9219,The Hole in Our Gospel: What does God expect of Us? The Answer that Changed my Life and Might Just Change the World,Richard Stearns,4.18,83,3.932254635116447
9220,On Becoming Baby Wise: Giving Your Infant the Gift of Nighttime Sleep,Gary Ezzo,3.58,119,3.8579367971543195
9221,رغم الفراق,نور عبدالمجيد,3.97,93,3.9100112153794138
9222,"Ghost Wars: The Secret History of the CIA, Afghanistan, and bin Laden from the Soviet Invasion to September 10, 2001",Steve Coll,4.28,100,3.9503376400395274
9223,La vida del Lazarillo de Tormes,Anonymous,3.49,89,3.8900317344541144
9224,Broken Grace,E.C. Diskin,3.92,83,3.90929888430508
9225,The Midwich Cuckoos,John Wyndham,3.93,146,3.9249168970388353
9226,I Am Livia,Phyllis T. Smith,3.93,132,3.9073514292026266
9227,Smoke Screen,Sandra Brown,3.98,119,3.927974509768804
9228,Bone: Tall Tales,"Jeff Smith, Thomas E. Sniegoski, Steve Hamaker",4.38,65,3.9320784393661024
9229,The Fourteenth Goldfish,"Jennifer L. Holm, Tad Carpenter",3.87,101,3.897305299728875
9230,Tawny Scrawny Lion,"Kathryn Jackson, Gustav Tenggren",4.16,208,3.95924316109098
9231,Peace Child: An Unforgettable Story of Primitive Jungle Treachery in the 20th Century,Don Richardson,4.31,119,3.9487549299950797
9232,Libra,Don DeLillo,3.98,149,3.91605903899993
9233,The Honourable Schoolboy,John le Carré,3.94,138,3.926736919170604
9234,"Renegade's Magic (Soldier Son, #3)",Robin Hobb,3.46,202,3.8614029375263024
9235,"Second Shift: Order (Shift, #2)",Hugh Howey,4.26,161,3.9488684712909916
9236,"The Tenth Insight: Holding the Vision (Celestine Prophecy, #2)",James Redfield,3.61,109,3.861488622153577
9237,"The Interpretation of Murder (Freud, #1)",Jed Rubenfeld,3.51,126,3.8678843148913784
9238,Superman: Birthright,"Mark Waid, Alfred Gough, Miles Millar, Dave McCaig, Gerry Alanguilan, Leinil Francis Yu",4.12,88,3.923060222772693
9239,Curious George Visits the Library,"Margret Rey, H.A. Rey, Martha Weston",4.25,164,3.946750933975011
9240,Arthur & George,Julian Barnes,3.7,140,3.892764735698407
9241,"Truth Will Prevail (The Work and the Glory, #3)",Gerald N. Lund,4.3,131,3.9370222531400954
9242,"Sins & Needles (The Artists Trilogy, #1)",Karina Halle,3.98,153,3.902810530670222
9243,A Little History of the World,"E.H. Gombrich, Caroline Mustill, Clifford Harper",4.1,88,3.9238486797623646
9244,"Fire Burn and Cauldron Bubble (Jolie Wilkins, #1)",H.P. Mallory,3.85,110,3.9073217705515053
9245,"Fruits Basket, Vol. 4","Natsuki Takaya, Alethea Nibley, Athena Nibley",4.39,133,3.968337227246331
9246,"Women, Food and God: An Unexpected Path to Almost Everything",Geneen Roth,3.62,119,3.8941101212519103
9247,Palace Walk (The Cairo Trilogy #1),"Naguib Mahfouz, William M. Hutchins, Olive E. Kenny",4.14,140,3.932149723958651
9248,"First to Kill (Nathan McBride, #1)",Andrew  Peterson,4.03,60,3.91326072768089
9249,How I Raised Myself from Failure to Success in Selling,Frank Bettger,4.25,52,3.9248699833990157
9250,"Still Foolin' 'Em: Where I've Been, Where I'm Going, and Where the Hell Are My Keys",Billy Crystal,3.89,103,3.9107124449018995
9251,"Lucky (Lucky Santangelo, #2)",Jackie Collins,4.08,104,3.9092246987017107
9252,Wicked - Piano/Vocal Arrangement,"Stephen Schwartz, Gregory Maguire",4.45,125,3.962014311302082
9253,If Life Is a Bowl of Cherries What Am I Doing in the Pits?,Erma Bombeck,4.07,204,3.925895601056568
9254,"Vagabond (The Grail Quest, #2)",Bernard Cornwell,4.09,122,3.924301067759047
9255,Little Lord Fauntleroy,Frances Hodgson Burnett,3.81,167,3.8926870634176556
9256,"Sometimes Never (Sometimes Never, #1)",Cheryl McIntyre,3.94,126,3.9107534873632455
9257,"The Mystery Knight (The Tales of Dunk and Egg, #3)",George R.R. Martin,4.2,151,3.9439775261343106
9258,"Double Time (Sinners on Tour, #5)",Olivia Cunning,4.14,148,3.929547000333214
9259,"Red Glove (Curse Workers, #2)",Holly Black,3.98,171,3.930006127834387
9260,"The Magic (The Secret, #3)",Rhonda Byrne,4.14,48,3.9246253199890964
9261,Kulti,Mariana Zapata,4.36,131,3.9537994970964747
9262,Too Busy Not to Pray: Slowing Down to Be With God,"Bill Hybels, Lavonne Neff",4.14,78,3.9232434876759177
9263,Indignation,Philip Roth,3.69,119,3.904885153961831
9264,Open City,Teju Cole,3.5,133,3.850313927162573
9265,"My Story: ""A Child Called It"", ""The Lost Boy"", ""A Man Named Dave""",Dave Pelzer,4.18,96,3.9149238271116564
9266,"Witches of East End (The Beauchamp Family, #1)",Melissa de la Cruz,3.51,141,3.852733883707415
9267,All He Ever Wanted,Anita Shreve,3.18,197,3.7941024326890345
9268,The Fifth Dominion (Imajica Part #1/2),Clive Barker,4.24,150,3.9544593554405827
9269,"Worth the Fight (MMA Fighter, #1)",Vi Keeland,4.06,115,3.933156242216172
9270,Rose Daughter,Robin McKinley,3.77,147,3.9008643716888476
9271,"Fools Rush In (Weddings by Bella, #1)",Janice  Thompson,3.59,76,3.879341941051188
9272,Ruby Holler,Sharon Creech,4.01,140,3.9185164587916432
9273,"My Fair Lazy: One Reality Television Addict's Attempt to Discover If Not Being A Dumb Ass Is the New Black, or, a Culture-Up Manifesto",Jen Lancaster,3.91,130,3.894235885325962
9274,"The Pagan Lord (The Saxon Stories, #7)",Bernard Cornwell,4.34,106,3.945127326862013
9275,See You at the Top,"Zig Ziglar, Al Mayton",4.25,81,3.9313543808313702
9276,The North Water,Ian McGuire,4.01,133,3.924935110441336
9277,"The Forge of God (Forge of God, #1)",Greg Bear,3.86,126,3.9000361942452786
9278,"In the Clearing (Tracy Crosswhite, #3)",Robert Dugoni,4.25,84,3.9283534608420525
9279,"Hidden Order (Scot Harvath, #12)",Brad Thor,4.1,124,3.9198169750384166
9280,Eleanor of Aquitaine: A Life ,Alison Weir,3.97,111,3.9267538763591787
9281,"Agamemnon (Oresteia, #1)","Aeschylus, Judith Affleck, Philip de May, Patricia E. Easterling, John     Harrison",3.82,151,3.9064202512901733
9282,"Staked (The Iron Druid Chronicles, #8)",Kevin Hearne,4.23,139,3.9389200944005207
9283,Harry Potter and Philosophy: If Aristotle Ran Hogwarts,"David Baggett, Shawn E. Klein",4.45,76,3.933469139968644
9284,"Sweet Persuasion (Sweet, #2)",Maya Banks,4.09,97,3.907944320474914
9285,"Redeemed (House of Night, #12)","P.C. Cast, Kristin Cast",3.95,132,3.892111011615185
9286,"Do No Harm: Stories of Life, Death and Brain Surgery",Henry Marsh,4.22,94,3.9281309585989233
9287,Jennifer Government,Max Barry,3.65,126,3.8824292126943334
9288,The Christmas Train,David Baldacci,3.56,158,3.867307240934475
9289,"Dark Destiny (Dark, #13)",Christine Feehan,4.29,102,3.935597972816507
9290,"Batman: The Dark Knight Strikes Again (The Dark Knight Saga, #2)","Frank Miller, Lynn Varley",3.21,156,3.825950221164864
9291,Me: Stories of My Life,Katharine Hepburn,3.87,118,3.9071226069033407
9292,The Now Habit: A Strategic Program for Overcoming Procrastination and Enjoying Guilt-Free Play,Neil A. Fiore,3.88,68,3.9066068096952713
9293,"After Ever Happy (After, #4)",Anna Todd,4.08,107,3.9133203453294545
9294,The Auschwitz Escape,Joel C. Rosenberg,4.32,107,3.9443931333353586
9295,Made in America: An Informal History of the English Language in the United States,Bill Bryson,3.89,149,3.9243340709716446
9296,The Drama of the Gifted Child: The Search for the True Self,"Alice  Miller, Ruth Ward",4.09,112,3.922167670465532
9297,One Flew Over the Cuckoo's Nest,Dale Wasserman,4.28,107,3.952938150036982
9298,The Case of Charles Dexter Ward,H.P. Lovecraft,4.2,127,3.9490685233248732
9299,Soon I Will Be Invincible,Austin Grossman,3.68,149,3.8829589111130725
9300,Paint it Black,Janet Fitch,3.47,119,3.8640939587028456
9301,"Ever After (Lost Love, #2)",Karen Kingsbury,4.31,77,3.9470430927722955
9302,Last Orders,Graham Swift,3.68,139,3.899505253196852
9303,Mythologies,"Roland Barthes, Annette Lavers",4.11,109,3.938274474941912
9304,Poetics,"Aristotle, Malcolm Heath",3.81,121,3.898883639854459
9305,Wife 22,Melanie Gideon,3.51,147,3.857166639450469
9306,Before I Go,Colleen Oakley,3.79,110,3.895696567110445
9307,Travel Team,Mike Lupica,4.06,53,3.9273633994507477
9308,The Dark Is Rising Sequence  (The Dark Is Rising #1-5),Susan Cooper,4.29,175,3.9634156869642196
9309,The Flight of Gemma Hardy,Margot Livesey,3.59,166,3.862896293948308
9310,"Saint (Paradise, #2)",Ted Dekker,4.04,107,3.9218653620310784
9311,Groundwork of the Metaphysics of Morals,"Immanuel Kant, Mary J. Gregor, Christine M. Korsgaard",3.78,119,3.904885153961831
9312,"Crimson Shore (Pendergast, #15)","Douglas Preston, Lincoln Child",4.0,115,3.9177158037077184
9313,More Than Human,Theodore Sturgeon,3.98,131,3.929396233159923
9314,"Burn (Michael Bennett, #7)","James Patterson, Michael Ledwidge",3.88,121,3.90118902677523
9315,The King's Agent,Donna Russo Morin,3.81,36,3.9140156873654584
9316,The Healer (O'Malley #5),Dee Henderson,4.4,104,3.932583726966135
9317,Islands in the Stream,Ernest Hemingway,3.86,148,3.899433321194465
9318,The Guardian (O'Malley #2),Dee Henderson,4.4,104,3.939591435445462
9319,"Ouran High School Host Club, Vol. 15 (Ouran High School Host Club, #15)",Bisco Hatori,4.54,113,3.9724868789473495
9320,Naïve. Super,"Erlend Loe, Tor Ketil Solberg",3.89,80,3.9051156713025525
9321,キスよりも早く1 [Kisu Yorimo Hayaku 1] (Faster than a Kiss #1),"Meca Tanaka, 田中メカ",4.23,95,3.9344603470105914
9322,"The Noticer: Sometimes, All a Person Needs Is a Little Perspective",Andy Andrews,4.17,94,3.921068257508128
9323,Under the Net,Iris Murdoch,3.76,114,3.902972479751686
9324,Capital,John Lanchester,3.68,118,3.89942022686791
9325,"Lenobia's Vow (House of Night Novellas, #2)","P.C. Cast, Kristin Cast",4.16,112,3.917524785686456
9326,"The Goal (Off-Campus, #4)",Elle Kennedy,4.05,102,3.9301390318510543
9327,"Artemis Fowl Boxed Set, Bks 1-5 (Artemis Fowl, #1-5)",Eoin Colfer,4.29,131,3.948461283110354
9328,"The Boyfriend Thief (Stolen Kiss, #1)",Shana Norris,3.74,87,3.8772329208100746
9329,"The Lewis Man (The Lewis Trilogy, #2)",Peter  May,4.2,85,3.934732696232204
9330,"The Elves of Cintra (Genesis of Shannara, #2)",Terry Brooks,4.09,146,3.9309487148779367
9331,"Priestess of the White (Age of the Five, #1)",Trudi Canavan,3.84,140,3.902610982763468
9332,"The Vision (Fallen Star, #3)",Jessica Sorensen,4.15,111,3.895002927702786
9333,The Gemini Contenders,Robert Ludlum,3.87,159,3.9032459348485085
9334,"The Field of Swords (Emperor, #3)",Conn Iggulden,4.26,114,3.9470117287665976
9335,Abandon,Blake Crouch,3.74,78,3.887480950919977
9336,"Final Jeopardy (Alexandra Cooper, #1)",Linda Fairstein,3.9,102,3.906743570570543
9337,April 1865: The Month That Saved America,Jay Winik,4.15,88,3.9309447926694054
9338,"The Haunted (The Hollow, #2)",Jessica Verday,4.15,105,3.9256339224637107
9339,The Protector (O'Malley #4),Dee Henderson,4.38,102,3.9324785779791056
9340,Tell Me Three Things,Julie Buxbaum,4.1,114,3.923060558249716
9341,"The It Girl (It Girl, #1)",Cecily von Ziegesar,3.66,124,3.8653816457430095
9342,Single White Vampire (Argeneau #3),Lynsay Sands,4.16,128,3.9368778418884105
9343,"The Wheel of Time: Boxed Set  (Wheel of Time, #1-8)",Robert Jordan,4.37,151,3.947733253618724
9344,Social Intelligence: The New Science of Human Relationships,Daniel Goleman,3.97,105,3.9116294098985507
9345,Diary ng Panget,"HaveYouSeenThisGirL, Jan Irene Villar",4.4,11,3.9164083610699296
9346,"Call Me Irresistible (Wynette, Texas #5)",Susan Elizabeth Phillips,4.07,141,3.9200917888008835
9347,Who Will Cry When You Die? Life Lessons from the Monk Who Sold His Ferrari,Robin S. Sharma,3.93,63,3.913470023761447
9348,Promise Not to Tell,Jennifer McMahon,3.62,130,3.873629917227053
9349,"A Modern Witch (A Modern Witch, #1)",Debora Geary,3.73,143,3.8710929347408807
9350,The Traveler's Gift: Seven Decisions that Determine Personal Success,Andy Andrews,4.1,90,3.916883634214443
9351,"Shine Not Burn (Shine Not Burn, #1)",Elle Casey,4.07,136,3.928145012947358
9352,Double Identity,Margaret Peterson Haddix,4.01,123,3.913617187556669
9353,Si-cology 1: Tales and Wisdom from Duck Dynasty’s Favorite Uncle,"Si Robertson, Mark Schlabach",3.94,72,3.905308057608087
9354,"Darth Paper Strikes Back (Origami Yoda, #2)",Tom Angleberger,4.12,78,3.928011825910043
9355,"The Girl in the Steel Corset (Steampunk Chronicles, #1)",Kady Cross,3.81,129,3.881934835822659
9356,"Gut gegen Nordwind (Gut gegen Nordwind, #1)",Daniel Glattauer,3.88,88,3.913598738896639
9357,My Brother Sam Is Dead,"James Lincoln Collier, Christopher Collier",3.39,121,3.866608222963657
9358,Dream Man,Linda Howard,4.04,100,3.930810966603614
9359,Rubicon: The Last Years of the Roman Republic,Tom Holland,4.17,109,3.928967098846356
9360,"The Green Mile, Part 6: Coffey on the Mile",Stephen King,4.55,217,4.017474615717889
9361,Catalyst,Laurie Halse Anderson,3.62,138,3.88122375828158
9362,"Nice Girls Don't Have Fangs (Jane Jameson, #1)",Molly Harper,3.92,158,3.9151291044927206
9363,Belinda,"Anne Rice, Anne Rampling",3.6,182,3.888730294753437
9364,"When Beauty Tamed the Beast (Fairy Tales, #2)",Eloisa James,4.06,105,3.9217437800844994
9365,"Miles to Go (The Walk, #2)",Richard Paul Evans,4.27,104,3.932583726966135
9366,"The Gift (Crown's Spies, #3)",Julie Garwood,4.17,138,3.940390867437311
9367,My Friend Dahmer,Derf Backderf,3.88,99,3.9096515911378154
9368,"The Lion's Lady (Crown's Spies, #1)",Julie Garwood,4.16,141,3.9261464319553525
9369,Beach Town,Mary Kay Andrews,3.58,112,3.8710959378956953
9370,Heart on a Chain,Cindy C. Bennett,4.04,162,3.907932116920664
9371,"The Legend of Luke (Redwall, #12)",Brian Jacques,3.99,171,3.910025368565535
9372,Babe: The Gallant Pig,"Dick King-Smith, Maggie Kneen",4.05,163,3.94075581072181
9373,Wishin' and Hopin',Wally Lamb,3.52,161,3.853438664387242
9374,"Dream Team: How Michael, Magic, Larry, Charles, and the Greatest Team of All Time Conquered the World and Changed the Game of Basketball Forever",Jack McCallum,4.16,60,3.921323293189235
9375,Influencer: The Power to Change Anything,"Kerry Patterson, Joseph Grenny, David Maxfield, Ron McMillan, Al Switzler",3.98,82,3.9068504163373268
9376,The Hand of Oberon (The Chronicles of Amber #4),Roger Zelazny,4.19,175,3.9538237147071547
9377,"No Place to Run (KGI, #2)",Maya Banks,4.29,87,3.93641385665794
9378,"The Dragonslayer (Bone, #4)","Jeff Smith, Steve Hamaker",4.33,94,3.943825849911801
9379,Eat to Live: The Revolutionary Formula for Fast and Sustained Weight Loss,Joel Fuhrman,4.12,100,3.932373100478487
9380,"A Week to Be Wicked (Spindle Cove, #2)",Tessa Dare,4.12,91,3.934254133990881
9381,Rain Reign,Ann M. Martin,4.21,98,3.916621513371358
9382,"Claimed By Shadow (Cassandra Palmer, #2)",Karen Chance,3.98,149,3.9341136542109436
9383,"Meet Samantha: An American Girl (American Girls: Samantha, #1)","Susan S. Adler, Renée Graef, Nancy Niles",3.95,154,3.9156241329105956
9384,The Secret Scripture,Sebastian Barry,3.75,123,3.8852277146801253
9385,Batwoman: Elegy,"Greg Rucka, J.H. Williams III, Rachel Maddow",4.16,82,3.933785376330989
9386,When the Emperor Was Divine,Julie Otsuka,3.7,154,3.8766523874260717
9387,"Foreplay (The Ivy Chronicles, #1)",Sophie Jordan,3.94,112,3.9283581835043
9388,"Night Prey (Lucas Davenport, #6)",John Sandford,4.14,196,3.9487156001908064
9389,"Clouds of Witness (Lord Peter Wimsey, #2)",Dorothy L. Sayers,4.04,114,3.926923650268568
9390,"Body Movers (Body Movers, #1)",Stephanie Bond,3.84,107,3.897007131626355
9391,"The Nasty Bits: Collected Varietal Cuts, Usable Trim, Scraps, and Bones",Anthony Bourdain,3.75,136,3.8894000459945355
9392,Lincoln in the Bardo,George Saunders,3.93,139,3.9192126737986865
9393,"Zero History (Blue Ant, #3)",William Gibson,3.93,146,3.9226549653491722
9394,Sophie & Carter,Chelsea Fine,3.83,127,3.8679853748509196
9395,"Small Steps (Holes, #2)",Louis Sachar,3.69,118,3.878623800772246
9396,The Wicked Girls,Alex Marwood,3.48,126,3.8571670217734115
9397,"Agents of Light and Darkness (Nightside, #2)",Simon R. Green,4.0,125,3.917580081623081
9398,Stand on Zanzibar,John Brunner,3.96,123,3.9166863197595387
9399,Homer's Odyssey,Gwen Cooper,4.18,104,3.9380341668945005
9400,"Sad Cypress (Hercule Poirot, #21)",Agatha Christie,3.83,175,3.894796193125217
9401,Avatar Volume 1: The Last Airbender (Avatar #1),"Michael Dante DiMartino, Bryan Konietzko",4.52,69,3.9467039786621365
9402,"Five Go to Smuggler's Top (Famous Five, #4)",Enid Blyton,4.03,126,3.9107534873632455
9403,"Indemnity Only (V.I. Warshawski, #1)",Sara Paretsky,3.89,131,3.906518173219406
9404,"Five Run Away Together (Famous Five, #3)",Enid Blyton,4.03,116,3.9208649853757676
9405,The Promise,Danielle Steel,3.93,98,3.893935133022457
9406,A Redbird Christmas,Fannie Flagg,3.86,161,3.9018991132055523
9407,The Haj,Leon Uris,3.99,168,3.9165002451550897
9408,"The Darkest Road (The Fionavar Tapestry, #3)",Guy Gavriel Kay,4.18,161,3.945140744458814
9409,"Summer of My German Soldier (Summer of My German Soldier, #1)",Bette Greene,3.66,187,3.8737784542840688
9410,Rogues,"George R.R. Martin, Gardner R. Dozois, Joe Abercrombie, Gillian Flynn, Matthew Hughes, Joe R. Lansdale, Michael Swanwick, David  Ball, Carrie Vaughn, Scott Lynch, Bradley Denton, Cherie Priest, Daniel Abraham, Paul Cornell, Steven Saylor, Garth Nix, Walter Jon Williams, Phyllis Eisenstein, Lisa Tuttle, Neil Gaiman, Connie Willis, Patrick Rothfuss",3.86,161,3.9063723854041656
9411,"The Midwife's Revolt (The Midwife Series, #1)",Jodi Daynard,3.97,110,3.904221716300556
9412,"Bound by Honor (Born in Blood Mafia Chronicles, #1)",Cora Reilly,4.14,107,3.93429447723344
9413,Anti-Stepbrother,Tijan,4.14,81,3.923426052915728
9414,"Deeper Than Midnight (Midnight Breed, #9)",Lara Adrian,4.29,129,3.9583115256569212
9415,"Mercy Blade (Jane Yellowrock, #3)",Faith Hunter,4.21,109,3.940601318965801
9416,I Do -- But I Don't,Cara Lockwood,3.66,73,3.8862341662352247
9417,"Skippyjon Jones in Mummy Trouble (Skippyjon Jones, #3)",Judy Schachner,4.25,130,3.940790109549422
9418,Daily Rituals: How Artists Work,Mason Currey,3.66,68,3.911413346585442
9419,"The Boy Who Came Back from Heaven: A Remarkable Account of Miracles, Angels, and Life beyond This World","Kevin Malarkey, Alex Malarkey",3.89,102,3.8872473528367832
9420,"Knight & Stay (Knight, #2)",Kitty French,4.19,101,3.927743136301106
9421,"An Incomplete Revenge (Maisie Dobbs, #5)",Jacqueline Winspear,4.09,119,3.9218173482202783
9422,The Night Sister,Jennifer McMahon,3.67,115,3.8837468389891203
9423,You Don't Have to Say You Love Me,Sarra Manning,3.97,107,3.910989886229012
9424,"Tales from Earthsea (Earthsea Cycle, #5)",Ursula K. Le Guin,4.0,155,3.920180693883477
9425,The Sound of Things Falling,"Juan Gabriel Vásquez, Anne McLean",3.74,121,3.8827459314090578
9426,"Maid for the Billionaire (Legacy Collection, #1)",Ruth Cardello,3.77,86,3.906354955810319
9427,Ashley Bell,Dean Koontz,3.59,121,3.8758297706467433
9428,Johnny Mnemonic,"William Gibson, Terry Bisson",3.75,169,3.8995162532739993
9429,"Rogue Squadron (Star Wars: X-Wing, #1)",Michael A. Stackpole,4.02,114,3.9021998613479156
9430,Fine Things,Danielle Steel,3.92,101,3.8988662144248867
9431,"The Chase (Isaac Bell, #1)",Clive Cussler,3.92,110,3.919721987555303
9432,Amusing Ourselves to Death: Public Discourse in the Age of Show Business,"Neil Postman, Andrew Postman",4.14,98,3.9408724716753554
9433,"Nerilka's Story (Pern, #8)",Anne McCaffrey,3.78,169,3.8772825024402335
9434,"King of Foxes (Conclave of Shadows, #2)",Raymond E. Feist,3.95,137,3.9236447889946158
9435,Hairy Maclary from Donaldson's Dairy,Lynley Dodd,4.28,94,3.9375478933866495
9436,Wonderful Tonight,"Pattie Boyd, Penny Junor",3.65,100,3.890976552794351
9437,The Obituary Writer,Ann Hood,3.7,138,3.9054974440890597
9438,"Tunnels (Tunnels, #1)","Roderick Gordon, Brian  Williams",3.57,111,3.8733193530106154
9439,The Beatles: The Biography,Bob Spitz,4.13,93,3.9422110111855866
9440,Lie Down with Lions,Ken Follett,3.78,151,3.900411087315111
9441,The Incredible Hulk: Planet Hulk,"Greg Pak, Aaron Lopresti, Carlo Pagulayan, Juan Santacruz, Gary Frank, Takeshi Miyazawa",4.23,90,3.9389256715284633
9442,Elizabeth: The Struggle for the Throne,David Starkey,4.06,100,3.9214381633543756
9443,"Rumors of War (Children of the Promise, #1)",Dean Hughes,4.25,102,3.94183676249131
9444,"Journal 64 (Afdeling Q, #4)",Jussi Adler-Olsen,4.04,106,3.924914312790645
9445,بضع ساعات في يوم ما,محمد صادق,3.14,93,3.8385433759071765
9446,The Single Girl's To-Do List,Lindsey Kelk,3.94,70,3.901957354668965
9447,"Rama Revealed (Rama, #4)","Arthur C. Clarke, Gentry Lee",3.72,141,3.8860344210569946
9448,"The Redhead Revealed (Redhead, #2)",Alice Clayton,4.2,157,3.9389944519125155
9449,Skin,Ted Dekker,3.8,108,3.8877724757762997
9450,"Clariel (Abhorsen, #4)",Garth Nix,3.79,160,3.8898882940704373
9451,"Death at La Fenice (Commissario Brunetti, #1)",Donna Leon,3.81,119,3.8948797664454764
9452,"The Big Nowhere (L.A. Quartet, #2)",James Ellroy,4.11,121,3.9342329059729555
9453,"In This Mountain (Mitford Years, #7)",Jan Karon,4.32,138,3.960113237155888
9454,Code to Zero,Ken Follett,3.64,146,3.8766623543260255
9455,The Old Curiosity Shop,"Charles Dickens, Norman Page",3.75,155,3.896216041745381
9456,Dibs in Search of Self,Virginia M. Axline,4.13,113,3.9353725203298597
9457,"Fruits Basket, Vol. 14","Natsuki Takaya, Alethea Nibley, Athena Nibley",4.46,122,3.9603910623839416
9458,"Hawkeye, Volume 2: Little Hits","Matt Fraction, David Aja, Francesco Francavilla, Steve Lieber, Jesse Hamm, Annie Wu, Matt Hollingsworth, Chris Eliopoulos",4.27,85,3.9473779187090865
9459,Hands Of Light,"Barbara Ann Brennan, Jos. A. Smith",4.27,92,3.937449721404234
9460,Too Loud a Solitude,Bohumil Hrabal,4.17,79,3.926480807228307
9461,A Series of Unfortunate Events Box: The Complete Wreck (Books 1-13),"Lemony Snicket, Brett Helquist",4.28,110,3.9235970553689894
9462,"Midnight in Austenland (Austenland, #2)",Shannon Hale,3.5,171,3.858223400090733
9463,Pebble in the Sky (Galactic Empire #3),Isaac Asimov,3.85,148,3.906208899000683
9464,Too Good to Be True,Kristan Higgins,3.9,134,3.9044489694457942
9465,"Ultimate Spider-Man, Volume 1: Power and Responsibility","Brian Michael Bendis, Mark Bagley",4.06,90,3.9129475561226537
9466,"Independence (Significance, #4)",Shelly Crane,4.32,140,3.9556292361907195
9467,"Night Owl (Night Owl, #1)",M. Pierce,4.03,113,3.929960009698142
9468,"Mortal Prey (Lucas Davenport, #13)",John Sandford,4.2,171,3.9499868871032398
9469,"One, Two, Buckle My Shoe (Hercule Poirot, #22)","Agatha Christie, Hugh Fraser",3.74,165,3.8984741548670243
9470,"Gemina (The Illuminae Files, #2)","Amie Kaufman, Jay Kristoff, Marie Lu",4.56,104,3.9707368064646946
9471,Staying Fat for Sarah Byrnes,Chris Crutcher,3.94,160,3.9092869361654907
9472,Lorna Doone,"R.D. Blackmore, Michelle Allen",3.71,128,3.898660307683717
9473,Maktub,Paulo Coelho,3.41,108,3.8536189401091416
9474,"Head Over Heels (Lucky Harbor, #3)",Jill Shalvis,4.16,80,3.9193979850373775
9475,Adam,Ted Dekker,3.93,90,3.91058590926758
9476,"The Clocks (Hercule Poirot, #34)","Agatha Christie, Robin Bailey",3.71,149,3.881454359845488
9477,The One I Left Behind,Jennifer McMahon,3.76,114,3.8960189141177524
9478,Tao of Pooh and Te of Piglet Boxed Set,Benjamin Hoff,4.15,170,3.9418035107328793
9479,Manga Classics: Les Misérables,"Stacy King, SunNeko Lee, Crystal S. Chan, Victor Hugo",4.1,48,3.930324253474401
9480,"The Orc King (Forgotten Realms: Transitions, #1; Legend of Drizzt, #17)",R.A. Salvatore,4.11,135,3.912884726330576
9481,"The Dolphins of Pern (Pern, #13)",Anne McCaffrey,3.94,167,3.909016017622361
9482,Succulent Wild Woman,S.A.R.K.,4.12,131,3.928633631161906
9483,Any Human Heart,William  Boyd,4.26,112,3.93996539545199
9484,"The Abduction (Theodore Boone, #2)",John Grisham,3.76,122,3.885139584229907
9485,"The Beggar King (The Hangman's Daughter, #3)","Oliver Pötzsch, Lee Chadeayne",3.95,140,3.8995813682819107
9486,"Fifty Shades Duo: Fifty Shades Darker / Fifty Shades Freed (Fifty Shades, #2-3)",E.L. James,4.41,24,3.922292851069175
9487,La Carte et le territoire,Michel Houellebecq,3.93,73,3.9077772923821965
9488,"Festive in Death (In Death, #39)",J.D. Robb,4.26,135,3.9486180191154925
9489,"Rainbow Boys (Rainbow Trilogy, #1)",Alex   Sanchez,3.85,84,3.9014611093431992
9490,"The Penderwicks on Gardam Street (The Penderwicks, #2)",Jeanne Birdsall,4.23,138,3.939632314755827
9491,A Bite to Remember (Argeneau #5),Lynsay Sands,4.23,123,3.9473776417882354
9492,"The Nightmare (Joona Linna, #2)","Lars Kepler, Laura A. Wideburg",3.78,102,3.897385386058338
9493,The Reef,Nora Roberts,3.89,152,3.8884765297174866
9494,"They Do It with Mirrors (Miss Marple, #6)",Agatha Christie,3.74,164,3.9028619211058597
9495,5 Very Good Reasons to Punch a Dolphin in the Mouth and Other Useful Guides,Matthew Inman,4.11,105,3.9404164635047128
9496,Just a Mess (Little Critter),Mercer Mayer,4.23,159,3.9420721873684816
9497,See Jane Date,Melissa Senate,3.49,96,3.870263480798094
9498,"The Gods of War (Emperor, #4)",Conn Iggulden,4.29,111,3.9461142109057596
9499,Pushing Ice,Alastair Reynolds,4.02,117,3.9263218072478283
9500,"Heaven (Halo, #3)",Alexandra Adornetto,3.91,121,3.8950413283198393
9501,The Last Time We Say Goodbye,Cynthia Hand,4.11,133,3.9196050259214243
9502,The Secret Art of Dr. Seuss,"Dr. Seuss, Maurice Sendak, Audrey Geisel",4.05,93,3.93200131983241
9503,"Out of Egypt (Christ the Lord, #1)",Anne Rice,3.56,156,3.8693536485389566
9504,"The Obelisk Gate (The Broken Earth, #2)",N.K. Jemisin,4.36,144,3.9602939519312894
9505,Reasons to Stay Alive,Matt Haig,4.17,89,3.9325748684649864
9506,The Children's Book,A.S. Byatt,3.66,173,3.8791230921027173
9507,Tough Customer (Mitchell & Associates #2),Sandra Brown,3.95,98,3.91583922439381
9508,The Shadowy Horses,Susanna Kearsley,3.92,146,3.890987921693891
9509,"Joey Pigza Swallowed the Key (Joey Pigza, #1)",Jack Gantos,3.74,124,3.9060164690198627
9510,"Among the Mad (Maisie Dobbs, #6)","Jacqueline Winspear, Orlagh Cassidy",4.1,111,3.9290771165047684
9511,Dune Road,Jane Green,3.41,151,3.847830902533319
9512,شكلها باظت,عمر طاهر,3.52,114,3.872067743600871
9513,Olivia Joules and the Overactive Imagination,Helen Fielding,3.1,164,3.816571658515664
9514,Unfamiliar Fishes,Sarah Vowell,3.6,153,3.8855600994094406
9515,"Johannes Cabal the Necromancer (Johannes Cabal, #1)",Jonathan L. Howard,3.94,120,3.8995749292798645
9516,The Way the Crow Flies,Ann-Marie MacDonald,4.08,143,3.9119000079669064
9517,In the Miso Soup,"Ryū Murakami, Ralph McCarthy",3.61,98,3.896281999955102
9518,"Counterfeit Gods: The Empty Promises of Money, Sex, and Power, and the Only Hope that Matters",Timothy J. Keller,4.32,75,3.9413823632140583
9519,Amy and Isabelle ,Elizabeth Strout,3.73,147,3.8910700523940385
9520,Red Sparrow (Red Sparrow Trilogy #1),Jason  Matthews,4.02,112,3.91675097155661
9521,Operation Mincemeat: How a Dead Man and a Bizarre Plan Fooled the Nazis and Assured an Allied Victory,Ben Macintyre,3.95,93,3.9170794632393053
9522,Beyond Band of Brothers: The War Memoirs of Major Dick Winters,"Dick Winters, Cole C. Kingseed",4.24,97,3.9337800677543315
9523,Beautiful You,Chuck Palahniuk,2.98,120,3.811133800309627
9524,"The Locket (The Locket, #1)",Richard Paul Evans,4.1,109,3.938274474941912
9525,"Shadows Linger (The Chronicles of the Black Company, #2)",Glen Cook,4.15,141,3.941283039841525
9526,"Honor Among Enemies (Honor Harrington, #6)",David Weber,4.24,107,3.9210885423309305
9527,"Altered (Altered, #1)",Jennifer Rush,4.04,135,3.92352868588353
9528,"Obsession in Death (In Death, #40)",J.D. Robb,4.33,128,3.949871803518006
9529,EntreLeadership: 20 Years of Practical Business Wisdom from the Trenches,Dave Ramsey,4.19,59,3.9317496010188067
9530,"The Quiche of Death (Agatha Raisin, #1)",M.C. Beaton,3.75,83,3.899799952934859
9531,Crush,Richard Siken,4.33,72,3.9532198998184196
9532,"The Marvelous Land of Oz (Oz, #2)","L. Frank Baum, David McKee",3.82,141,3.8989005377602415
9533,Reservation Blues,Sherman Alexie,3.98,140,3.9033683863838573
9534,Become a Better You: 7 Keys to Improving Your Life Every Day,Joel Osteen,4.15,57,3.9235571652328516
9535,"Until Nico (Until, #4)",Aurora Rose Reynolds,4.33,113,3.9345993045253285
9536,"Fruits Basket, Vol. 15","Natsuki Takaya, Alethea Nibley, Athena Nibley",4.45,113,3.9686207999246945
9537,Plenty,Yotam Ottolenghi,4.32,86,3.951367985897976
9538,Agent to the Stars,John Scalzi,3.91,160,3.898095411879883
9539,"The First Confessor (The Legend of Magda Searus, #1)",Terry Goodkind,4.19,126,3.9360156782841673
9540,In the Penal Colony,Franz Kafka,4.0,96,3.939212787387454
9541,"The Second Ship (The Rho Agenda, #1)",Richard   Phillips,3.73,103,3.888893696362976
9542,The Beet Queen,Louise Erdrich,3.89,157,3.907587886444782
9543,"Disastrous (Disastrous, #1)",E.L. Montes,3.96,145,3.910523866703846
9544,The Wave,"Morton Rhue, Todd Strasser",3.54,95,3.8827078181938424
9545,And Ladies of the Club,Helen Hooven Santmyer,4.12,180,3.939290803898116
9546,"Secondhand Souls (Grim Reaper, #2)",Christopher Moore,3.92,159,3.918925767596959
9547,"The Cinderella Murder (Under Suspicion, #2)","Mary Higgins Clark, Alafair Burke",3.81,98,3.8978465779101987
9548,"Vicious (Sinners of Saint, #1)",L.J. Shen,4.25,61,3.9302483529707626
9549,Gargantua and Pantagruel,"François Rabelais, M.A. Screech",3.71,133,3.883817315573446
9550,When Will Jesus Bring the Pork Chops?,George Carlin,3.84,139,3.911632896644135
9551,The Marvels,Brian Selznick,3.93,92,3.9170142895092406
9552,"The Last Werewolf (The Last Werewolf, #1)",Glen Duncan,3.47,160,3.8652669406421003
9553,"Attack on Titan: No Regrets, Volume 01","Hajime Isayama, Hikaru Suruga, Gan Sunaaku",4.52,41,3.9323812990605154
9554,What's the Matter with Kansas? How Conservatives Won the Heart of America,Thomas Frank,3.83,144,3.9142318814034636
9555,شاب كشك في رحلة البحث عن الجادون,عمرو سلامة,3.66,104,3.892873378916614
9556,"Kitty Goes to Washington (Kitty Norville, #2)",Carrie Vaughn,3.87,139,3.9086009857823143
9557,The Carrot Seed,"Ruth Krauss, Crockett Johnson",4.07,203,3.9489751178649657
9558,"Reasonable Doubt: Volume 3 (Reasonable Doubt, #3)",Whitney G.,4.19,116,3.944779202763718
9559,Riding the Bullet,"Stephen King, Josh Hamilton",3.6,176,3.869068259634747
9560,"Relentless (The Lost Fleet, #5)",Jack Campbell,4.05,101,3.9129144466889936
9561,The Nose,"Nikolai Gogol, Kevin Hawkes",3.92,109,3.9196597227508008
9562,"Kitty and the Silver Bullet (Kitty Norville, #4)",Carrie Vaughn,3.99,132,3.916495679755092
9563,The Society of the Spectacle,"Guy Debord, Donald Nicholson-Smith",4.04,74,3.9206069365722773
9564,"SilverFin (Young Bond, #1)",Charlie Higson,3.8,120,3.897267769393684
9565,Winter Stroll (Winter #2),Elin Hilderbrand,3.7,123,3.8921332621365816
9566,Attack of the Deranged Mutant Killer Monster Snow Goons,Bill Watterson,4.72,147,4.013875748167413
9567,"Crewel (Crewel World, #1)",Gennifer Albin,3.74,108,3.909506543928128
9568,Helmet for My Pillow,Robert Leckie,4.13,89,3.9325748684649864
9569,The Hate U Give,Angie Thomas,4.62,112,3.9825251725935207
9570,المانيفستو,مصطفى إبراهيم,4.21,85,3.9402649810658397
9571,"Dynasty of Evil (Star Wars: Darth Bane, #3)",Drew Karpyshyn,4.24,99,3.9338835930138414
9572,Love Left Behind,S.H. Kolee,4.0,138,3.9244612611261527
9573,Keep Holding On,Susane Colasanti,3.85,73,3.901394143894205
9574,The Private Patient (Adam Dalgliesh #14),P.D. James,3.78,129,3.8918638055011128
9575,"Flag in Exile (Honor Harrington, #5)",David Weber,4.22,107,3.9280799196322587
9576,The Medium is the Massage,"Marshall McLuhan, Quentin Fiore, Jerome Agel",3.95,76,3.9278972224330233
9577,"The Chronicles of Pern: First Fall (Pern, #12)",Anne McCaffrey,4.02,158,3.9240957039098916
9578,"Berserk, Vol. 1 (Berserk, #1)","Kentaro Miura, Jason DeAngelis",4.37,93,3.9445670938055506
9579,The Autograph Man,Zadie Smith,3.14,151,3.8313057016018988
9580,Egomaniac,Vi Keeland,4.34,71,3.9395966439244043
9581,"Courageous (The Lost Fleet, #3)",Jack Campbell,3.96,106,3.910920687664314
9582,Ruby,Cynthia Bond,3.63,133,3.872395705887921
9583,"My Soul to Steal (Soul Screamers, #4)",Rachel Vincent,4.13,129,3.9269970828248737
9584,"On the Way to the Wedding (Bridgertons, #8)",Julia Quinn,3.83,128,3.9101255679451254
9585,"Messenger of Truth (Maisie Dobbs, #4)",Jacqueline Winspear,3.99,116,3.9154650008042946
9586,"The Rogue (Traitor Spy Trilogy, #2)",Trudi Canavan,4.02,120,3.9134178885969453
9587,The Seven Storey Mountain,"Thomas Merton, Robert Giroux, William H. Shannon",4.16,111,3.9329491834140846
9588,The Keep,Jennifer Egan,3.43,173,3.8525214516682236
9589,Scaredy Squirrel (Scaredy Squirrel),Mélanie Watt,4.25,111,3.9546327581062553
9590,Apathy and Other Small Victories,Paul Neilan,3.83,86,3.913462276350476
9591,"Gathering Darkness (Falling Kingdoms, #3)","Morgan Rhodes, Michelle Rowen",4.33,128,3.9575153103589447
9592,The Survivors Club,Lisa Gardner,4.05,147,3.9234666469845605
9593,Mine to Possess (Psy-Changeling #4),Nalini Singh,4.13,140,3.920031266032422
9594,Don't Breathe a Word,Jennifer McMahon,3.58,123,3.882925865527973
9595,The Force Awakens (Star Wars),"Alan Dean Foster, Lawrence Kasdan, J.J. Abrams, Michael Arndt",3.73,106,3.8829334374116513
9596,"Sugar and Spice (L.A. Candy, #3)",Lauren Conrad,3.54,95,3.876434784397873
9597,"Grave Dance (Alex Craft, #2)",Kalayna Price,4.11,105,3.9435285774080815
9598,"Soul Eater, Vol. 02 (Soul Eater, #2)",Atsushi Ohkubo,4.47,85,3.9426359602802554
9599,Z for Zachariah,Robert C. O'Brien,3.64,139,3.885861654318659
9600,Await Your Reply,Dan Chaon,3.54,169,3.857272126689845
9601,Superman: Whatever Happened to the Man of Tomorrow?,"Alan Moore, Curt Swan, George Pérez, Kurt Schaffenberger",4.14,89,3.9428167340601963
9602,"Track of the Cat (Anna Pigeon, #1)",Nevada Barr,3.86,119,3.8971887020261735
9603,"The Mane Event (Pride, #1)",Shelly Laurenston,3.96,89,3.914454644719615
9604,"Lawrence in Arabia: War, Deceit, Imperial Folly, and the Making of the Modern Middle East",Scott Anderson,4.12,101,3.9293040509971178
9605,Essays and Poems,"Ralph Waldo Emerson, Peter Norberg",3.98,190,3.914921754756336
9606,Innocent Erendira and Other Stories,"Gabriel García Márquez, Gregory Rabassa",3.89,105,3.899958982760918
9607,"Singularity Sky (Eschaton, #1)",Charles Stross,3.81,117,3.903967687152245
9608,Henry & Ramona,Cynthia J. McGean,4.14,190,3.951410114969428
9609,"The White Rose (The Chronicles of the Black Company, #3)",Glen Cook,4.19,138,3.945700736207697
9610,"""حكايات فرغلي المستكاوي ""حكايتى مع كفر السحلاوية",حسن الجندي,3.57,113,3.875061687576438
9611,"All Fall Down (Embassy Row, #1)",Ally Carter,3.82,113,3.8974849459078387
9612,The Charterhouse of Parma,"Stendhal, Richard Howard, Robert Andrew Parker",3.83,115,3.8999592994229966
9613,Little Mercies,Heather Gudenkauf,3.99,125,3.9244750482974085
9614,"The Faithful Spy (John Wells, #1)",Alex Berenson,3.97,121,3.907336725230621
9615,Snowflake Bentley,"Jacqueline Briggs Martin, Mary Azarian",4.16,128,3.94069959530888
9616,The Book of Luke,Jenny O'Connell,3.73,104,3.9185683100074806
9617,"Fame (Firstborn, #1)",Karen Kingsbury,4.34,92,3.9382356995540415
9618,"Dragon Actually (Dragon Kin, #1)",G.A. Aiken,3.96,109,3.9041474292582077
9619,"Bad Romeo (Starcrossed, #1)",Leisa Rayven,4.1,132,3.9485005566887197
9620,The Complete Poems 1927-1979,Elizabeth Bishop,4.19,114,3.9446938735552863
9621,Day After Night,Anita Diamant,3.65,155,3.8812381341590707
9622,"Jarka Ruus (High Druid of Shannara, #1)",Terry Brooks,3.96,153,3.900560474418816
9623,"Look Homeward, Angel",Thomas Wolfe,3.94,195,3.9006887810242183
9624,Cradle to Cradle: Remaking the Way We Make Things,"William McDonough, Michael Braungart",4.1,87,3.9293121443561962
9625,"Healthy Sleep Habits, Happy Child",Marc Weissbluth,3.9,117,3.925550975520394
9626,"Transmetropolitan, Vol. 4: The New Scum (Transmetropolitan, #4)","Warren Ellis, Darick Robertson, Rodney Ramos, Keith Akin",4.41,145,3.9708875579435654
9627,The Hand That First Held Mine,Maggie O'Farrell,3.87,119,3.906424444348963
9628,The Fourth Estate,Jeffrey Archer,3.72,149,3.864904295902059
9629,The Man Who Listens to Horses,"Monty Roberts, Lucy Grealy, Lawrence Scanlan",4.1,112,3.922941484595378
9630,Oblivion,David Foster Wallace,4.07,146,3.9188850791997343
9631,"Holy Blood, Holy Grail","Michael Baigent, Richard Leigh, Henry Lincoln",3.47,132,3.870012406113394
9632,Falling Man,"Don DeLillo, محمدصادق رئیسی",3.2,124,3.8584813927337325
9633,"The Calling (Endgame, #1)","James Frey, Nils Johnson-Shelton",3.77,107,3.8806939179232556
9634,"Annabel (Delirium, #0.5)",Lauren Oliver,3.78,131,3.885927919272941
9635,"Mystery (Alex Delaware, #26)",Jonathan Kellerman,3.87,132,3.9187817423932083
9636,"The Sea of Trolls (Sea of Trolls, #1)",Nancy Farmer,4.0,142,3.926958542344859
9637,The Man from Beijing,"Henning Mankell, Laurie Thompson",3.47,125,3.8670169926780105
9638,"Day 21 (The 100, #2)",Kass Morgan,3.75,119,3.8971887020261735
9639,Daisy Fay and the Miracle Man ,Fannie Flagg,3.94,174,3.9131782326977826
9640,"Against All Enemies (Max Moore, #1)","Tom Clancy, Peter Telep",3.95,120,3.9272608479140256
9641,The Girl in the Red Coat,Kate Hamer,3.53,129,3.87353339994089
9642,Keep the Aspidistra Flying,George Orwell,3.87,122,3.909711495463877
9643,"The Gate Thief (Mither Mages, #2)",Orson Scott Card,3.77,176,3.886763459811699
9644,"My Lady Jane (The Lady Janies, #1)","Cynthia Hand, Brodi Ashton, Jodi Meadows",4.12,106,3.9295788544994226
9645,Time's Arrow,Martin Amis,3.78,150,3.8935708340544295
9646,"Blood Defense (Samantha Brinkman, #1)",Marcia Clark,3.81,74,3.8990809858427866
9647,I Am the Cheese,Robert Cormier,3.74,167,3.9053048916667463
9648,Soul on Ice,Eldridge Cleaver,3.95,108,3.9126114108069605
9649,Ethics,"Baruch Spinoza, Edwin M. Curley, Stuart Hampshire, Edwin Curley",4.01,97,3.917339137667429
9650,Nine Parts of Desire: The Hidden World of Islamic Women,Geraldine Brooks,4.04,158,3.9293262202365744
9651,You'll Grow Out of It,Jessi Klein,3.83,125,3.902257933457908
9652,"Truce (Neighbor from Hell, #4)",R.L. Mathewson,4.34,145,3.9444784430261883
9653,"The Elvenbane (Halfblood Chronicles, #1)","Andre Norton, Mercedes Lackey",3.94,124,3.9175168907019913
9654,"The Midnight Palace (Niebla, #2)","Carlos Ruiz Zafón, Lucia Graves",3.58,110,3.8871714179203343
9655,"Treasure (Dirk Pitt, #9)",Clive Cussler,3.92,148,3.9039503730652774
9656,"Vampire, Interrupted (Argeneau #9)",Lynsay Sands,4.32,110,3.950722530064797
9657,"Invisible Prey (Lucas Davenport, #17)",John Sandford,4.11,164,3.9512142234193313
9658,"The Prefect (Prefect Dreyfus Emergency, #1)",Alastair Reynolds,4.15,113,3.9330528729162664
9659,Daughter,Jane Shemilt,3.51,103,3.8756465990357727
9660,"DC: The New Frontier, Volume 1","Darwyn Cooke, Dave Stewart, Jared K. Fletcher",4.17,108,3.9289119619208313
9661,"Hello, Mrs. Piggle-Wiggle (Mrs. Piggle Wiggle, #4)","Betty MacDonald, Alexandra Boiger",4.24,164,3.951958104993385
9662,"Web of Lies (Elemental Assassin, #2)",Jennifer Estep,4.1,127,3.9391243636063695
9663,Ya Yas in Bloom,Rebecca Wells,3.6,183,3.864605941863572
9664,"The Secret of the Unicorn (Tintin, #11)",Hergé,4.26,112,3.9554416780489103
9665,"Judy Moody (Judy Moody, # 1)","Megan McDonald, Peter H. Reynolds",3.92,86,3.9221490014551113
9666,Dataclysm: Who We Are (When We Think No One's Looking),Christian Rudder,3.72,102,3.8825682605806806
9667,The Gay Science,"Friedrich Nietzsche, Walter Kaufmann",4.26,109,3.9374988602672825
9668,"The Broken Kingdoms (Inheritance, #2)",N.K. Jemisin,4.04,152,3.9252550330575753
9669,"The Three (The Three, #1)",Sarah Lotz,3.32,97,3.8711479531375614
9670,Trump: The Art of the Deal,"Donald J. Trump, Tony Schwartz",3.66,79,3.891540761170974
9671,"First Term at Malory Towers (Malory Towers, #1)",Enid Blyton,4.07,120,3.933413274277173
9672,"The Night Is for Hunting (Tomorrow, #6)",John Marsden,4.15,129,3.9369260525033276
9673,"Fruits Basket, Vol. 3","Natsuki Takaya, Alethea Nibley, Athena Nibley",4.38,118,3.9618095051549003
9674,After Anna,Alex Lake,3.7,71,3.9020357072984955
9675,House Corrino (Prelude to Dune #3),"Brian Herbert, Kevin J. Anderson",3.64,155,3.881987029538386
9676,"Fantasy in Death (In Death, #30)",J.D. Robb,4.25,195,3.964674820433802
9677,"The Devil You Know (Felix Castor, #1)",Mike Carey,3.8,126,3.9069258826782574
9678,"Tempting the Player (Gamble Brothers, #2)","J. Lynn, Jennifer L. Armentrout",4.06,132,3.9187817423932083
9679,The Upanishads: Translations from the Sanskrit,"Anonymous, Juan Mascaró",4.2,123,3.9304974146724523
9680,"Thrive: The Third Metric to Redefining Success and Creating a Life of Well-Being, Wisdom, and Wonder",Arianna Huffington,3.68,101,3.8777938660287266
9681,"Crow's Row (Crow's Row, #1)",Julie Hockley,4.11,166,3.9438589322904307
9682,"H.I.V.E. Higher Institute of Villainous Education (H.I.V.E., #1)",Mark Walden,4.06,112,3.91675097155661
9683,صانع الظلام,تامر إبراهيم,3.81,105,3.8890665840991265
9684,The Law of Nines,Terry Goodkind,3.6,143,3.863536069328654
9685,Cape Fear,John D. MacDonald,4.07,152,3.941767830475574
9686,"Five Go Adventuring Again (Famous Five, #2)",Enid Blyton,3.99,117,3.9155301630637536
9687,"Forsaken (The Demon Trappers, #1)",Jana Oliver,4.0,117,3.932488461067299
9688,The Places That Scare You: A Guide to Fearlessness in Difficult Times,Pema Chödrön,4.3,116,3.9432363500290113
9689,A Death in the Family,James Agee,3.92,190,3.914921754756336
9690,Frida Kahlo: 1907-1954 Pain and Passion,Andrea Kettenmann,4.15,85,3.934732696232204
9691,The Mistress of Spices,Chitra Banerjee Divakaruni,3.48,140,3.8715574343275065
9692,"Falling Under (Falling Under, #1)",Gwen Hayes,3.78,113,3.8967117301033074
9693,"Forever You (Forever, #2)",Sandi Lynn,4.19,113,3.9315064413072043
9694,"The House on Tradd Street (Tradd Street, #1)",Karen   White,3.96,103,3.9083747218441576
9695,"Wild Ones, Vol. 1 (Wild Ones, #1)",Kiyo Fujiwara,4.03,113,3.9160421252165833
9696,"Perfect Shadow (Night Angel, #0.5)",Brent Weeks,4.18,116,3.944779202763718
9697,"The Finding (Law of the Lycans, #5)",Nicky Charles,4.18,94,3.9312699368614985
9698,I Can Read With My Eyes Shut!,Dr. Seuss,4.17,129,3.9353985187066427
9699,Nemesis,Isaac Asimov,3.75,155,3.8947182509867497
9700,"The First 90 Days, Updated and Expanded: Critical Success Strategies for New Leaders at All Levels",Michael D. Watkins,3.81,96,3.9023875895499547
9701,Lost Stars (Star Wars: Journey to the Force Awakens),Claudia Gray,4.25,97,3.925951053427235
9702,"Carry On, Mr. Bowditch",Jean Lee Latham,4.11,128,3.9231195295747208
9703,"Hard Limit (Hacker, #4)",Meredith Wild,4.34,77,3.9247731492425095
9704,"The Pretty Committee Strikes Back (The Clique, #5)",Lisi Harrison,3.84,116,3.8792079615386927
9705,The Lake (The Lake Trilogy #1),AnnaLisa Grant,3.75,50,3.880856116835412
9706,"Jake Undone (Jake, #1)",Penelope Ward,4.15,113,3.9315064413072043
9707,Wit,Margaret Edson,4.2,121,3.936538292893727
9708,"Dial L for Loser (The Clique, #6)",Lisi Harrison,3.8,109,3.883981447717837
9709,The Hunger Pains: A Parody,The Harvard Lampoon,3.89,73,3.9021920374552037
9710,"The Rats (Rats, #1)",James Herbert,3.92,94,3.8983106651044555
9711,"The Wandering Fire (The Fionavar Tapestry, #2)",Guy Gavriel Kay,4.11,168,3.943942209109699
9712,"Magic Binds (Kate Daniels, #9)",Ilona Andrews,4.57,112,3.9732394030353686
9713,"The Wild Ones (The Wild Ones, #1)",M. Leighton,3.94,126,3.916877654859227
9714,The River Why,David James Duncan,4.24,125,3.9344344446047708
9715,Incendiary,Chris Cleave,3.59,154,3.8706567342746068
9716,Hammer of the Gods,Stephen Davis,3.83,103,3.904478516747921
9717,Winter in Madrid,C.J. Sansom,3.79,99,3.9088699136579437
9718,"Happier at Home: Kiss More, Jump More, Abandon a Project, Read Samuel Johnson, and My Other Experiments in the Practice of Everyday Life","Gretchen Rubin, Käthe Mazur",3.48,108,3.8745767915412612
9719,Silver Bay,Jojo Moyes,3.62,163,3.8596123580306765
9720,The Invention of Morel,"Adolfo Bioy Casares, Suzanne Jill Levine, Jorge Luis Borges, Ruth L.C. Simms, Norah Borges de Torre",4.05,90,3.9365640246733897
9721,The Fall of Berlin 1945,Antony Beevor,4.27,91,3.9358273267856583
9722,The Water-Method Man,John Irving,3.34,163,3.83727929765697
9723,"A War of Gifts (Ender's Saga, #1.1)",Orson Scott Card,3.66,181,3.887179373057083
9724,"Captain Underpants and the Perilous Plot of Professor Poopypants (Captain Underpants, #4)",Dav Pilkey,4.12,70,3.906756202945379
9725,"UnDivided (Unwind, #4)",Neal Shusterman,4.48,148,3.9762232029982743
9726,The Empathy Exams: Essays,Leslie Jamison,3.62,105,3.8991809542850753
9727,"Heretic (The Grail Quest, #3)",Bernard Cornwell,4.11,121,3.9296221321314126
9728,"Bay of Sighs (The Guardians Trilogy, #2)",Nora Roberts,4.15,93,3.918650184985948
9729,"The Duchess War (Brothers Sinister, #1)",Courtney Milan,3.82,79,3.9121871520230345
9730,"Millennium Snow, Vol. 1",Bisco Hatori,4.04,108,3.9234784448828743
9731,Double Whammy,Carl Hiaasen,3.92,155,3.9089472631937445
9732,Economics in One Lesson: The Shortest & Surest Way to Understand Basic Economics,Henry Hazlitt,4.22,73,3.9221393764801777
9733,"Darker After Midnight (Midnight Breed, #10)",Lara Adrian,4.37,117,3.95638424461775
9734,"Mad Dogs (Cherub, #8)",Robert Muchamore,4.25,90,3.9310535153448845
9735,"Lines of Departure (Frontlines, #2)",Marko Kloos,4.08,90,3.9208197123062325
9736,Be Frank With Me,Julia Claiborne Johnson,3.9,136,3.9061135611506552
9737,Better than Life (Red Dwarf #2),Grant Naylor,4.05,124,3.9182835854807996
9738,"Dirty (Dive Bar, #1)",Kylie Scott,3.92,86,3.9031961466813607
9739,Halo: Ghosts of Onyx,Eric S. Nylund,4.15,90,3.9239685747796638
9740,"Percy Jackson and the Sword of Hades (Percy Jackson and the Olympians, #4.5)",Rick Riordan,4.28,123,3.9389375282303436
9741,"The Walking Dead, Vol. 13: Too Far Gone","Robert Kirkman, Charlie Adlard, Cliff Rathburn",4.23,140,3.952599621709162
9742,"Mates, Dates, and Inflatable Bras (Mates, Dates, #1)",Cathy Hopkins,3.73,92,3.8942209231648253
9743,Going After Cacciato,Tim O'Brien,3.9,147,3.9114121001601805
9744,"Little House on Rocky Ridge (Little House: The Rocky Ridge Years, #1)","Roger Lea MacBride, David Gilleece",3.83,167,3.8963981893732704
9745,"Not Quite Dating (Not Quite, #1)",Catherine Bybee,3.88,87,3.8922254245582004
9746,In a People House,"Dr. Seuss, Theo LeSieg, Roy McKie",4.13,146,3.9513061000849032
9747,"Kindred in Death (In Death, #29)",J.D. Robb,4.31,200,3.9720475842516896
9748,Lucky You,Carl Hiaasen,3.84,168,3.8964750282152396
9749,Hunters of Dune (Dune Chronicles #7),"Brian Herbert, Kevin J. Anderson",3.62,145,3.882605659505476
9750,"Deep Down Dark: The Untold Stories of 33 Men Buried in a Chilean Mine, and the Miracle That Set Them Free",Héctor Tobar,3.9,142,3.923933510203893
9751,How Should We Then Live? The Rise and Decline of Western Thought and Culture,Francis A. Schaeffer,4.16,106,3.944349903243883
9752,Belzhar,Meg Wolitzer,3.46,140,3.85716676554011
9753,The Story of Ruby Bridges,"Robert Coles, George Ford",4.41,116,3.9625220092128424
9754,Invitation to a Beheading,Vladimir Nabokov,3.94,127,3.9169412380804767
9755,"Debt Inheritance (Indebted, #1)",Pepper Winters,3.79,85,3.8920550703727237
9756,The Midwife of Hope River,Patricia Harman,4.0,115,3.911539628304337
9757,"Stand Tall, Molly Lou Melon","Patty Lovell, David Catrow",4.39,92,3.95709917514942
9758,The Complete Robot (Robot #0.3),Isaac Asimov,4.34,138,3.9646645532447904
9759,Another Bullshit Night in Suck City,Nick Flynn,3.77,114,3.886747493272508
9760,"The Covenant (Abram's Daughters, #1)",Beverly  Lewis,4.12,68,3.9218275098474784
9761,How Green Was My Valley,Richard Llewellyn,4.16,210,3.9348466378066655
9762,Rich Dad's Guide to Investing: What the Rich Invest in That the Poor and Middle Class Do Not!,"Robert T. Kiyosaki, Sharon L. Lechter",3.94,61,3.8859399666016334
9763,The Chosen One,Carol Lynch Williams,3.85,120,3.8911153430305374
9764,The Negotiator,Frederick Forsyth,3.95,127,3.9177061734434386
9765,"The Power of Full Engagement: Managing Energy, Not Time, Is the Key to High Performance and Personal Renewal","Jim Loehr, Tony Schwartz",4.03,73,3.915756227992186
9766,The Decline and Fall of the Roman Empire,"Edward Gibbon, Daniel J. Boorstin, Gian Battista Piranesi, Hans-Friedrich Mueller",3.96,117,3.9209259851557907
9767,Ox-Cart Man (Picture Puffin),"Donald Hall, Barbara Cooney",4.03,149,3.9303522760419822
9768,"Wild Seed (Patternmaster, #1)",Octavia E. Butler,4.22,115,3.925436022961945
9769,The Summer I Turned Pretty Trilogy: The Summer I Turned Pretty; It's Not Summer Without You; We'll Always Have Summer,Jenny Han,4.46,54,3.9298527752917503
9770,مخطوطة بن إسحاق: مدينة الموتى,حسن الجندي,3.76,92,3.888719076116173
9771,Those Girls,Chevy Stevens,3.85,121,3.8842828560229057
9772,The Amateur Marriage,Anne Tyler,3.59,161,3.8758050253803082
9773,"The Voyages of Doctor Dolittle (Doctor Dolittle, #2)","Hugh Lofting, Michael Hague",4.0,169,3.9091508786352978
9774,"Mortal Coil (Skulduggery Pleasant, #5)",Derek Landy,4.48,102,3.963672526353121
9775,"Sweet Tooth, Volume 1: Out of the Deep Woods","Jeff Lemire, José Villarrubia, Carlos M. Mangual",3.9,109,3.9235377961239486
9776,"Seventh Grave and No Body (Charley Davidson, #7)",Darynda Jones,4.4,142,3.9647714441069404
9777,Half Way Home,Hugh Howey,3.7,124,3.8784154569827547
9778,Captain Blood,Rafael Sabatini,4.16,128,3.9361134912043165
9779,Iron Man: Extremis,"Warren Ellis, Adi Granov",4.08,66,3.9257139376896473
9780,Necronomicon: The Best Weird Tales,"H.P. Lovecraft, Les Edwards, Stephen Jones",4.29,100,3.9456512384149085
9781,Maid-sama! Vol. 02 (Maid-sama! #2),Hiro Fujiwara,4.53,77,3.951815223528678
9782,"The Remaining (The Remaining, #1)",D.J. Molles,4.08,91,3.913016031261392
9783,"Batman, Volume 3: Death of the Family","Scott Snyder, Greg Capullo, Jonathan Glapion",4.33,93,3.9579182286520123
9784,Selected Poems,"E.E. Cummings, Richard S. Kennedy",4.22,161,3.9622882878868317
9785,La Mécanique du cœur,Mathias Malzieu,3.6,92,3.8926489668652104
9786,The Good Father,Diane Chamberlain,3.94,112,3.906691387868612
9787,We Are Called to Rise,Laura  McBride,3.94,137,3.9039074474626947
9788,Hope: A Memoir of Survival in Cleveland,"Amanda Berry, Gina DeJesus, Mary Jordan, Kevin Sullivan",4.27,92,3.935091786954812
9789,"Night Probe! (Dirk Pitt, #6)",Clive Cussler,3.89,153,3.8990604369178783
9790,The Story of B: An Adventure of the Mind and Spirit,Daniel Quinn,4.11,113,3.9168153410211146
9791,A Window Opens,Elisabeth Egan,3.53,153,3.86155949939444
9792,The Knockoff,"Lucy Sykes, Jo Piazza",3.63,136,3.8840821093539524
9793,Strangers on a Train,Patricia Highsmith,3.82,142,3.915614671816235
9794,Unless,Carol Shields,3.63,150,3.869516109556196
9795,"Silent in the Grave (Lady Julia Grey, #1)",Deanna Raybourn,3.91,94,3.9171445346799088
9796,"A Kiss for Little Bear (An I Can Read Book) by Minarik, Else Holmelund [1984]","Else Holmelund Minarik, Maurice Sendak",4.31,194,3.97047026161872
9797,"Command Authority (Jack Ryan Universe, #16)","Tom Clancy, Mark Greaney",4.08,102,3.923120393466901
9798,"Bleach, Volume 03",Tite Kubo,4.31,94,3.946964828174376
9799,"The Space Between (Outlander, #7.5)",Diana Gabaldon,4.22,121,3.9227059713690977
9800,Cinderella,"Loek Koopmans, Charles Perrault, Anthea Bell",4.22,110,3.969322855570493
9801,Zoya,Danielle Steel,3.95,99,3.9010531388592256
9802,Rump: The True Story of Rumpelstiltskin,Liesl Shurtliff,4.04,73,3.9101709730651932
9803,The Berenstain Bears and Too Much TV,"Stan Berenstain, Jan Berenstain",4.0,146,3.92340894257906
9804,"Heartstone (Matthew Shardlake, #5)",C.J. Sansom,4.31,93,3.9422110111855866
9805,Open Season,Linda Howard,4.01,127,3.920765914895286
9806,"One Piece, Volume 38: Rocketman!! (One Piece, #38)",Eiichirō Oda,4.63,73,3.9628319480911247
9807,"Corrupt (Devil's Night, #1)","Penelope Douglas, Jeremy York, Tatiana Sokolov",4.04,121,3.9134844236860116
9808,The Center Cannot Hold: My Journey Through Madness,Elyn R. Saks,4.22,108,3.9444362963149944
9809,Spark Joy: An Illustrated Master Class on the Art of Organizing and Tidying Up,Marie Kondō,3.82,117,3.889321884331001
9810,The Afghan,Frederick Forsyth,3.64,128,3.8879593981064033
9811,"The Bite Before Christmas (Argeneau, #15.5; Night Huntress, #6.5)","Lynsay Sands, Jeaniene Frost",4.16,99,3.947172110171662
9812,Frederica,Georgette Heyer,4.15,122,3.9273725566632938
9813,Perfect,Natasha Friend,3.77,77,3.8937542993260217
9814,"Champions of the Force (Star Wars: The Jedi Academy Trilogy, #3)",Kevin J. Anderson,3.67,133,3.8830558749277446
9815,Martha Stewart's Cupcakes: 175 Inspired Ideas for Everyone's Favorite Treat,Martha Stewart,4.11,69,3.9226905311315194
9816,Neighbor Dearest,Penelope Ward,4.23,86,3.92451810830183
9817,Vampires are Forever (Argeneau #8),Lynsay Sands,4.25,115,3.947824658799203
9818,The Lion King (Disney's Wonderful World of Reading),Justine Korman Fontes,4.48,114,3.9640093336495457
9819,Two Years Before the Mast: A Sailor's Life at Sea,Richard Henry Dana Jr.,3.96,142,3.9246897682391344
9820,"Think Twice (Rosato & Associates, #11)",Lisa Scottoline,3.62,127,3.879459405295347
9821,The Art of Amy Brown,"Amy Brown, Charles  de Lint",4.04,78,3.928806548949064
9822,Owl Babies,"Martin Waddell, Patrick Benson",4.19,148,3.941592471988713
9823,The Turner House,Angela Flournoy,3.64,173,3.881339895472258
9824,Danger in the Shadows (O'Malley #0.5),Dee Henderson,4.33,92,3.9233021147077003
9825,Trouble,Samantha Towle,4.0,129,3.922414481434818
9826,Animal-Speak: The Spiritual & Magical Powers of Creatures Great & Small,"Ted Andrews, Winston Allen, Margaret K. Andrews",4.25,89,3.9333627042800026
9827,"Summer on Blossom Street (Blossom Street, #6)",Debbie Macomber,4.19,105,3.924077865512026
9828,Whitethorn Woods,Maeve Binchy,3.59,148,3.885882165582028
9829,طه الغريب,محمد صادق,3.67,81,3.8710990886724868
9830,Broken for You,Stephanie Kallos,3.8,163,3.879712112367012
9831,White Girl Problems,Babe Walker,3.73,87,3.8898581871242857
9832,"Birdman (Jack Caffery, #1)",Mo Hayder,3.88,95,3.9109364702757055
9833,Turn Right at Machu Picchu: Rediscovering the Lost City One Step at a Time,Mark    Adams,3.8,108,3.903296810170463
9834,The Map That Changed the World,Simon Winchester,3.81,164,3.8976547500874856
9835,"Lake in the Clouds (Wilderness, #3)",Sara Donati,4.31,123,3.9496794909403876
9836,"Tyrant (King, #2)",T.M. Frazier,4.39,84,3.937053927503446
9837,Grasshopper Jungle,Andrew  Smith,3.66,124,3.874581983088712
9838,"The Chronicles of Narnia - The Lion, the Witch, and the Wardrobe Official Illustrated Movie Companion","Perry Moore, Andrew Adamson, C.S. Lewis",4.48,81,3.9527608662036053
9839,Antigone,Jean Anouilh,3.8,125,3.9030240408661667
9840,Crooked Little Lies,Barbara Taylor Sissel,3.52,99,3.8650959747851226
9841,Blackberry Wine,Joanne Harris,3.78,141,3.8973868769716242
9842,Humans of New York: Stories,Brandon Stanton,4.5,102,3.9730307108653253
9843,"The Other Side of Dawn (Tomorrow, #7)",John Marsden,4.21,128,3.94069959530888
9844,"Life Before Legend: Stories of the Criminal and the Prodigy (Legend, #0.5)",Marie Lu,4.02,99,3.913559978537174
9845,"Never Seduce a Scot (The Montgomerys and Armstrongs, #1)",Maya Banks,4.19,102,3.9332584266884556
9846,The Tiger Who Came to Tea,Judith Kerr,4.23,95,3.9391651223575685
9847,"Without You, There Is No Us: My Time with the Sons of North Korea's Elite",Suki Kim,3.85,109,3.8909619797895036
9848,"A Civil Campaign (Vorkosigan Saga, #12)",Lois McMaster Bujold,4.43,131,3.9698141390548365
9849,"The Wolves of Willoughby Chase (The Wolves Chronicles, #1)","Joan Aiken, Pat Marriott",4.08,146,3.943012350556139
9850,The Egg,Andy Weir,4.13,81,3.932940046414499
9851,"Vampire Knight, Vol. 3 (Vampire Knight, #3)","Matsuri Hino, Tomo Kimura",4.27,112,3.9523464215295263
9852,The Scarlatti Inheritance,Robert Ludlum,3.82,153,3.8960603619160032
9853,Bad Kitty,Nick Bruel,4.18,106,3.924136889172516
9854,The Last Days of Dogtown,Anita Diamant,3.39,158,3.845637959009645
9855,A Kiss in Time,Alex Flinn,3.77,135,3.8953982213507237
9856,"Mummies in the Morning (Magic Tree House, #3)","Mary Pope Osborne, Salvatore Murdocca",3.86,103,3.901361552670932
9857,Desolation Angels,"Jack Kerouac, Joyce Johnson",3.92,123,3.9097807723030824
9858,هشت کتاب,سهراب سپهری,4.08,68,3.9074078991769663
9859,"Beacon 23: The Complete Novel (Beacon 23, #1-5)",Hugh Howey,3.9,125,3.9099190075404944
9860,The Last Picture Show,Larry McMurtry,3.95,158,3.910645804784135
9861,A Countess Below Stairs,Eva Ibbotson,3.88,136,3.919788255369298
9862,Nocturnes: Five Stories of Music and Nightfall,Kazuo Ishiguro,3.4,136,3.865849183729095
9863,"The Stainless Steel Rat (Stainless Steel Rat, #4)",Harry Harrison,3.93,150,3.898832805038418
9864,Austerlitz,"W.G. Sebald, Anthea Bell",4.04,107,3.907882607428421
9865,"Money, and the Law of Attraction: Learning to Attract Wealth, Health, and Happiness","Esther Hicks, Jerry Hicks",4.24,89,3.9333627042800026
9866,A Twist in the Tale,Jeffrey Archer,3.85,143,3.893763530977562
9867,Copper Sun,Sharon M. Draper,4.3,97,3.943174884946847
9868,"The Rowan (The Tower and the Hive, #1)",Anne McCaffrey,4.02,129,3.9170681131464193
9869,"Then Came You (The Gamblers, #1)",Lisa Kleypas,3.99,144,3.927823967788724
9870,"Dark River (Warriors: Power of Three, #2)",Erin Hunter,4.27,107,3.9311871984328493
9871,"Black Cherry Blues (Dave Robicheaux, #3)",James Lee Burke,4.17,117,3.9471342638885436
9872,The Versions of Us,Laura  Barnett,3.57,105,3.892956726478338
9873,"The Last Council (Amulet, #4)",Kazu Kibuishi,4.39,86,3.951367985897976
9874,Dancing Wu Li Masters: An Overview of the New Physics (Perennial Classics),Gary Zukav,4.02,147,3.9114121001601805
9875,The Next Big Thing,Johanna Edwards,3.68,74,3.9014727581460633
9876,"Froi of the Exiles (Lumatere Chronicles, #2)",Melina Marchetta,4.3,128,3.9628657651476016
9877,"Trumps of Doom (The Chronicles of Amber, #6)",Roger Zelazny,4.06,155,3.919431798504162
9878,The Honest Truth About Dishonesty: How We Lie to Everyone - Especially Ourselves,Dan Ariely,3.91,89,3.9168181521646632
9879,"Locked On (Jack Ryan Universe, #14)","Tom Clancy, Mark Greaney",3.99,120,3.911110728710765
9880,Meant to Be,Lauren Morrill,3.72,113,3.8773813349900315
9881,The Illustrated Mum,"Jacqueline Wilson, Nick Sharratt",3.74,100,3.897225088293843
9882,Afterworlds (Afterworlds #1),Scott Westerfeld,3.72,147,3.886549597334896
9883,The Bookman’s Tale,Charlie Lovett,3.74,128,3.8940742035791542
9884,Горе от ума,"Aleksandr Griboyedov, Александр Сергеевич Грибоедов",4.13,67,3.9201613729997655
9885,I'll Walk Alone,Mary Higgins Clark,3.78,121,3.8865882429436773
9886,"13 Gifts (Willow Falls, #3)",Wendy Mass,4.25,90,3.9444361808569686
9887,My Lobotomy,"Howard Dully, Charles Fleming",3.7,115,3.889150992467079
9888,The Last Boleyn,Karen Harper,4.04,89,3.923908674499809
9889,"Overruled (The Legal Briefs, #1)",Emma Chase,3.83,109,3.907249887956726
9890,The Vision,Dean Koontz,3.79,159,3.8823394911839073
9891,Las batallas en el desierto,José Emilio Pacheco,4.1,67,3.9241700317025634
9892,"Salvation in Death (In Death, #27)",J.D. Robb,4.26,203,3.9656020245374157
9893,Open Road Summer,Emery Lord,3.91,83,3.91246519476182
9894,"Inversions (Culture, #6)",Iain M. Banks,3.9,136,3.91826884490056
9895,"Dirty English (English, #1)",Ilsa Madden-Mills,3.95,70,3.906756202945379
9896,Turn of Mind,Alice LaPlante,3.65,153,3.8765598744038154
9897,"Divine Madness (Cherub, #5)",Robert Muchamore,4.17,103,3.9262972652868444
9898,"Spark (Elemental, #2)",Brigid Kemmerer,4.16,107,3.933517657533292
9899,"Grit: Passion, Perseverance, and the Science of Success",Angela Duckworth,4.08,111,3.928302703122905
9900,Guts,Chuck Palahniuk,3.93,107,3.926526280231964
9901,"Innocent (Kindle County Legal Thriller, #8)",Scott Turow,3.9,155,3.934409706090472
9902,"Death Without Company (Walt Longmire, #2)",Craig Johnson,4.23,109,3.9281914841717267
9903,Horus Rising,Dan Abnett,4.17,63,3.9191002015142016
9904,"Hard as It Gets (Hard Ink, #1)",Laura Kaye,4.01,53,3.9241200685499127
9905,Timbuktu,Paul Auster,3.66,116,3.875350829701927
9906,"Ouran High School Host Club, Vol. 4 (Ouran High School Host Club, #4)",Bisco Hatori,4.45,92,3.9578851532992276
9907,Rescue,Anita Shreve,3.3,159,3.834553334236248
9908,Homo Faber,Max Frisch,3.75,89,3.9113033014595504
9909,George,Alex Gino,4.01,97,3.9189049405328484
9910,The Discoverers: A History of Man's Search to Know His World and Himself,Daniel J. Boorstin,4.12,135,3.9349329282616945
9911,"A Knight of the Word (Word & Void, #2)",Terry Brooks,4.04,147,3.9219598286315134
9912,Henry's Freedom Box: A True Story from the Underground Railroad,"Ellen Levine, Kadir Nelson",4.46,100,3.9542429747267103
9913,A Thousand Boy Kisses,Tillie Cole,4.29,88,3.941194733535131
9914,"Eve (Eve Duncan, #12; Eve, Quinn and Bonnie #1)",Iris Johansen,4.08,108,3.9227022281631663
9915,The Accident,Linwood Barclay,3.93,92,3.9005087483632845
9916,"Shopaholic to the Rescue (Shopaholic, #8)",Sophie Kinsella,3.55,137,3.853045836591974
9917,Such a Rush,Jennifer Echols,3.84,121,3.9050313383098496
9918,"Trouble in Mudbug (Ghost-in-Law, #1)",Jana Deleon,3.92,52,3.9013367528545055
9919,Nothing's Fair in Fifth Grade,Barthe DeClements,3.94,112,3.915203343296918
9920,"Dream Dark (Caster Chronicles, #2.5)","Kami Garcia, Margaret Stohl",3.76,122,3.8813002230995988
9921,A Coney Island of the Mind,Lawrence Ferlinghetti,4.16,154,3.9560947916829856
9922,"Sea of Silver Light (Otherland, #4)",Tad Williams,4.11,161,3.9347031093287166
9923,"The Green Mile, Part 5: Night Journey",Stephen King,4.51,206,4.011842516441324
9924,"Blue Noon (Midnighters, #3)",Scott Westerfeld,3.85,159,3.8942860304208224
9925,"City of Masks (Stravaganza, #1)",Mary Hoffman,3.9,137,3.897075290778568
9926,"Hidden (Firelight, #3)",Sophie Jordan,3.89,127,3.920765914895286
9927,Thank You for Smoking,Christopher Buckley,3.92,139,3.9048110972050383
9928,Thirteen Moons,Charles Frazier,3.64,148,3.878353745797341
9929,زغازيغ,أحمد خالد توفيق,3.55,103,3.8803220451512566
9930,Big Brother,Lionel Shriver,3.4,142,3.85284525489118
9931,"Blue Monday (Frieda Klein, #1)",Nicci French,3.77,86,3.9000373375524027
9932,Bread and   Wine: A Love Letter to Life Around the Table with Recipes,Shauna Niequist,4.22,79,3.937598094610186
9933,"Parts (Parts, #1)",Tedd Arnold,4.25,120,3.9641754060929073
9934,Nourishing Traditions: The Cookbook That Challenges Politically Correct Nutrition and the Diet Dictocrats,Sally Fallon Morell,4.23,76,3.931081175310521
9935,"Broken Prey (Lucas Davenport, #16)",John Sandford,4.15,163,3.944477987450761
9936,The Bridge Across Forever: A True Love Story,Richard Bach,3.88,116,3.900807899824583
9937,"Promised (Birthmarked, #3)",Caragh M. O'Brien,3.77,140,3.892764735698407
9938,"The Serpent of Venice (The Fool, #2)",Christopher Moore,3.86,168,3.911308522244758
9939,Where Good Ideas Come From: The Natural History of Innovation,Steven Johnson,4.03,88,3.9238486797623646
9940,"Demon Thief (The Demonata, #2)",Darren Shan,4.14,93,3.921791628479233
9941,Novecento. Un monologo,Alessandro Baricco,4.19,72,3.926069855899231
9942,Dangerous Girls,"Abigail Haas, Abby McDonald",4.14,88,3.917541023844995
9943,Sherlock Holmes and the Case of the Hound of the Baskervilles (Illustrated Classic Editions),"Malvina G. Vogel, Arthur Conan Doyle",4.49,104,3.967622269362771
9944,Give and Take: A Revolutionary Approach to Success,Adam M. Grant,4.06,88,3.925425593741707
9945,"Rock Bottom (Tristan & Danika, #2)",R.K. Lilley,4.46,119,3.9572210271243033
9946,From Beirut to Jerusalem,Thomas L. Friedman,4.1,109,3.932069557544875
9947,"Magonia (Magonia, #1)",Maria Dahvana Headley,3.6,112,3.874965008544925
9948,"Vampire Knight, Vol. 2 (Vampire Knight, #2)","Matsuri Hino, Tomo Kimura",4.25,99,3.943263722772303
9949,The Men Who Stare at Goats,Jon Ronson,3.58,106,3.8930399444473354
9950,"Ride Steady (Chaos, #3)",Kristen Ashley,4.45,109,3.9475818510374676
9951,"The Girl with No Shadow (Chocolat, #2)",Joanne Harris,3.8,121,3.897346715240611
9952,Sherlock Holmes of Baker Street: A Life of the World's First Consulting Detective,William S. Baring-Gould,4.4,81,3.955139364578298
9953,"Marked in Flesh (The Others, #4)",Anne Bishop,4.31,105,3.9489747767389773
9954,Horrorstör,"Grady Hendrix, Michael Rogalski",3.59,107,3.885354836124141
9955,"Wild Cards (Wild Cards, #1)",Simone Elkeles,3.95,118,3.9071226069033407
9956,"Astonishing X-Men, Volume 2: Dangerous","Joss Whedon, John Cassaday",4.19,105,3.9505308336906615
9957,"Inside of a Dog: What Dogs See, Smell, and Know",Alexandra Horowitz,3.55,110,3.8708961331028497
9958,The Pacific,Hugh Ambrose,4.09,74,3.915026134531298
9959,"Proper Gauge (Wool, #2)",Hugh Howey,4.15,137,3.938827359403786
9960,"The Prize Winner of Defiance, Ohio: How My Mother Raised 10 Kids on 25 Words or Less",Terry Ryan,3.9,144,3.908190954121126
9961,The Comfort of Strangers,Ian McEwan,3.44,138,3.8637770466074546
9962,Cunt: A Declaration of Independence,"Inga Muscio, Betty Dodson",3.88,98,3.909580912573423
9963,"Krondor: The Betrayal (The Riftwar Legacy, #1)",Raymond E. Feist,3.81,147,3.892576870747086
9964,"The Mime Order (The Bone Season, #2)",Samantha Shannon,4.2,164,3.9333610656420497
9965,Mister B. Gone,Clive Barker,3.32,130,3.8629453411757675
9966,The Ground Beneath Her Feet,Salman Rushdie,3.77,145,3.8954329438939164
9967,الحرافيش,"Naguib Mahfouz, نجيب محفوظ",4.34,108,3.939778995996745
9968,The Story of the Trapp Family Singers,Maria Augusta von Trapp,3.94,87,3.921421352909814
9969,Gut: The Inside Story of Our Body’s Most Underrated Organ,"Giulia Enders, Jill Enders",3.99,81,3.9170833905832136
9970,The Virgin Cure,Ami McKay,3.74,103,3.896686106555449
9971,"The Tycoon's Revenge (Baby for the Billionaire, #1)",Melody Anne,3.87,68,3.9074078991769663
9972,Bagombo Snuff Box,Kurt Vonnegut Jr.,3.72,166,3.8851795889048555
9973,The Seven Principles for Making Marriage Work: A Practical Guide from the Country's Foremost Relationship Expert,"John M. Gottman, Nan Silver",4.19,106,3.941240208771365
9974,"Anastasia Krupnik (Anastasia Krupnik, #1)",Lois Lowry,3.89,171,3.9263059872290444
9975,"The King Beyond the Gate (The Drenai Saga, #2)",David Gemmell,4.12,112,3.927584369374454
9976,"Sea Glass (Glass, #2)",Maria V. Snyder,4.0,141,3.9216054495895007
9977,Ladder of Years,Anne Tyler,3.72,173,3.892423912319964
9978,The Sailor Who Fell from Grace with the Sea,"Yukio Mishima, John Nathan",3.89,107,3.908659427128569
9979,"When the Lion Feeds (Courtney, #1)",Wilbur Smith,4.16,87,3.925366748633005
9980,The Measure of a Lady,Deeanne Gist,3.94,59,3.918032179893978
9981,"The Twelfth Card (Lincoln Rhyme, #6)",Jeffery Deaver,3.98,159,3.923405719810802
9982,"Feverborn (Fever, #8)",Karen Marie Moning,4.18,125,3.9397971964625813
9983,"Blue exorcist, Tome 2",Kazue Kato,4.48,67,3.943411593475994
9984,The Snow Leopard,Peter Matthiessen,4.12,112,3.923715298725224
9985,"Breaking Point (Tom Clancy's Net Force, #4)","Steve Perry, Tom Clancy, Steve Pieczenik",3.69,109,3.9025961999089485
9986,Night Light (Restoration #2),Terri Blackstock,4.35,65,3.924851265191205
9987,"Chasing The Night (Eve Duncan, #11; Catherine Ling, #1)",Iris Johansen,4.12,108,3.931240612079956
9988,A Theory of Justice,John Rawls,3.91,100,3.9151896278548834
9989,"Out of the Dark (The Grey Wolves, #4)",Quinn Loftis,4.5,89,3.95227076384039
9990,The Mambo Kings Play Songs of Love,Oscar Hijuelos,3.68,176,3.8661190596052553
9991,The Famished Road,Ben Okri,3.73,122,3.9012649009772
9992,"The Red Knight (The Traitor Son Cycle, #1)",Miles  Cameron,4.12,112,3.925262926984916
9993,The Time Traveller's Guide to Medieval England: A Handbook for Visitors to the Fourteenth Century,Ian Mortimer,3.99,92,3.92644602730693
9994,"The Everafter War (The Sisters Grimm, #7)","Michael Buckley, Peter Ferguson",4.32,135,3.9463371706398593
9995,"Billy Budd, Sailor",Herman Melville,3.09,202,3.799187788861034
9996,"Bayou Moon (The Edge, #2)",Ilona Andrews,4.09,141,3.9299305839268954
9997,"Means of Ascent (The Years of Lyndon Johnson, #2)",Robert A. Caro,4.25,93,3.9587035895253337
9998,The Mauritius Command,Patrick O'Brian,4.35,102,3.9519747957128653
9999,Cinderella Ate My Daughter: Dispatches from the Frontlines of the New Girlie-Girl Culture,Peggy Orenstein,3.65,130,3.8988149893479416
10000,The First World War,John Keegan,4.0,111,3.927528289741042
